
  .   ____          _            __ _ _
 /\\ / ___'_ __ _ _(_)_ __  __ _ \ \ \ \
( ( )\___ | '_ | '_| | '_ \/ _` | \ \ \ \
 \\/  ___)| |_)| | | | | || (_| |  ) ) ) )
  '  |____| .__|_| |_|_| |_\__, | / / / /
 =========|_|==============|___/=/_/_/_/
 :: Spring Boot ::               (v2.7.18)

2026-04-08 06:33:44.202  INFO 50376 --- [           main] com.fine.MesApplication                  : Starting MesApplication using Java 1.8.0_192 on davidsun with PID 50376 (E:\java\MES\target\MES-0.0.1-SNAPSHOT.jar started by Administrator in E:\java\MES)
2026-04-08 06:33:44.206  INFO 50376 --- [           main] com.fine.MesApplication                  : No active profile set, falling back to 1 default profile: "default"
2026-04-08 06:33:45.931  INFO 50376 --- [           main] .s.d.r.c.RepositoryConfigurationDelegate : Multiple Spring Data modules found, entering strict repository configuration mode
2026-04-08 06:33:45.934  INFO 50376 --- [           main] .s.d.r.c.RepositoryConfigurationDelegate : Bootstrapping Spring Data Redis repositories in DEFAULT mode.
2026-04-08 06:33:45.984  INFO 50376 --- [           main] .s.d.r.c.RepositoryConfigurationDelegate : Finished Spring Data repository scanning in 33 ms. Found 0 Redis repository interfaces.
2026-04-08 06:33:47.972  INFO 50376 --- [           main] o.s.b.w.embedded.tomcat.TomcatWebServer  : Tomcat initialized with port(s): 8090 (http)
2026-04-08 06:33:47.987  INFO 50376 --- [           main] o.apache.catalina.core.StandardService   : Starting service [Tomcat]
2026-04-08 06:33:47.987  INFO 50376 --- [           main] org.apache.catalina.core.StandardEngine  : Starting Servlet engine: [Apache Tomcat/9.0.83]
2026-04-08 06:33:48.159  INFO 50376 --- [           main] o.a.c.c.C.[Tomcat].[localhost].[/]       : Initializing Spring embedded WebApplicationContext
2026-04-08 06:33:48.159  INFO 50376 --- [           main] w.s.c.ServletWebServerApplicationContext : Root WebApplicationContext: initialization completed in 3881 ms
Logging initialized using 'class org.apache.ibatis.logging.stdout.StdOutImpl' adapter.
Registered plugin: 'com.baomidou.mybatisplus.extension.plugins.MybatisPlusInterceptor@3a4621bd'
Parsed mapper file: 'class path resource [mapper/customer/CustomerMaterialStatsMapper.xml]'
Parsed mapper file: 'class path resource [mapper/customer/CustomerTransactionSummaryMapper.xml]'
Parsed mapper file: 'class path resource [mapper/CustomerMapper.xml]'
Parsed mapper file: 'class path resource [mapper/inventory/OrderMaterialLockMapper.xml]'
Parsed mapper file: 'class path resource [mapper/production/MaterialBasePriceMapper.xml]'
Parsed mapper file: 'class path resource [mapper/production/QualityInspectionMapper.xml]'
Parsed mapper file: 'class path resource [mapper/production/ScheduleApprovalLogMapper.xml]'
Parsed mapper file: 'class path resource [mapper/production/SchedulePrintingMapper.xml]'
Parsed mapper file: 'class path resource [mapper/production/UrgentOrderLogMapper.xml]'
Parsed mapper file: 'class path resource [mapper/quality/QualityInspectionRecordMapper.xml]'
Parsed mapper file: 'class path resource [mapper/stock/ChemicalStockDetailMapper.xml]'
Parsed mapper file: 'class path resource [mapper/stock/ChemicalStockMapper.xml]'
Parsed mapper file: 'class path resource [mapper/stock/ChemicalStockOutMapper.xml]'
Parsed mapper file: 'class path resource [mapper/stock/FilmStockDetailMapper.xml]'
Parsed mapper file: 'class path resource [mapper/stock/FilmStockMapper.xml]'
Parsed mapper file: 'class path resource [mapper/stock/FilmStockOutMapper.xml]'
[com.fine.Dao.production.ScheduleOrderItemMapper.insert] Has been loaded by XML or SqlProvider or Mybatis's Annotation, so ignoring this injection for [class com.baomidou.mybatisplus.core.injector.methods.Insert]
[com.fine.Dao.production.ScheduleOrderItemMapper.selectPage] Has been loaded by XML or SqlProvider or Mybatis's Annotation, so ignoring this injection for [class com.baomidou.mybatisplus.core.injector.methods.SelectPage]
[com.fine.Dao.production.ScheduleOrderItemMapper.selectById] Has been loaded by XML or SqlProvider or Mybatis's Annotation, so ignoring this injection for [class com.baomidou.mybatisplus.core.injector.methods.SelectById]
[com.fine.Dao.production.ScheduleCoatingMapper.insert] Has been loaded by XML or SqlProvider or Mybatis's Annotation, so ignoring this injection for [class com.baomidou.mybatisplus.core.injector.methods.Insert]
[com.fine.Dao.production.ScheduleCoatingMapper.update] Has been loaded by XML or SqlProvider or Mybatis's Annotation, so ignoring this injection for [class com.baomidou.mybatisplus.core.injector.methods.Update]
[com.fine.Dao.production.ScheduleCoatingMapper.selectPage] Has been loaded by XML or SqlProvider or Mybatis's Annotation, so ignoring this injection for [class com.baomidou.mybatisplus.core.injector.methods.SelectPage]
[com.fine.Dao.production.ScheduleRewindingMapper.insert] Has been loaded by XML or SqlProvider or Mybatis's Annotation, so ignoring this injection for [class com.baomidou.mybatisplus.core.injector.methods.Insert]
[com.fine.Dao.production.ScheduleRewindingMapper.update] Has been loaded by XML or SqlProvider or Mybatis's Annotation, so ignoring this injection for [class com.baomidou.mybatisplus.core.injector.methods.Update]
[com.fine.Dao.production.ScheduleRewindingMapper.selectPage] Has been loaded by XML or SqlProvider or Mybatis's Annotation, so ignoring this injection for [class com.baomidou.mybatisplus.core.injector.methods.SelectPage]
[com.fine.Dao.production.ScheduleRewindingMapper.selectById] Has been loaded by XML or SqlProvider or Mybatis's Annotation, so ignoring this injection for [class com.baomidou.mybatisplus.core.injector.methods.SelectById]
[com.fine.Dao.production.ScheduleSlittingMapper.insert] Has been loaded by XML or SqlProvider or Mybatis's Annotation, so ignoring this injection for [class com.baomidou.mybatisplus.core.injector.methods.Insert]
[com.fine.Dao.production.ScheduleSlittingMapper.update] Has been loaded by XML or SqlProvider or Mybatis's Annotation, so ignoring this injection for [class com.baomidou.mybatisplus.core.injector.methods.Update]
[com.fine.Dao.production.ScheduleSlittingMapper.selectPage] Has been loaded by XML or SqlProvider or Mybatis's Annotation, so ignoring this injection for [class com.baomidou.mybatisplus.core.injector.methods.SelectPage]
[com.fine.Dao.production.ScheduleSlittingMapper.selectById] Has been loaded by XML or SqlProvider or Mybatis's Annotation, so ignoring this injection for [class com.baomidou.mybatisplus.core.injector.methods.SelectById]
[com.fine.Dao.production.ScheduleStrippingMapper.insert] Has been loaded by XML or SqlProvider or Mybatis's Annotation, so ignoring this injection for [class com.baomidou.mybatisplus.core.injector.methods.Insert]
[com.fine.Dao.production.ScheduleStrippingMapper.update] Has been loaded by XML or SqlProvider or Mybatis's Annotation, so ignoring this injection for [class com.baomidou.mybatisplus.core.injector.methods.Update]
[com.fine.Dao.production.ScheduleStrippingMapper.selectPage] Has been loaded by XML or SqlProvider or Mybatis's Annotation, so ignoring this injection for [class com.baomidou.mybatisplus.core.injector.methods.SelectPage]
[com.fine.Dao.production.ScheduleStrippingMapper.selectById] Has been loaded by XML or SqlProvider or Mybatis's Annotation, so ignoring this injection for [class com.baomidou.mybatisplus.core.injector.methods.SelectById]
This primary key of "id" is primitive !不建议如此请使用包装类 in Class: "com.fine.modle.Tape"
This primary key of "quotationDetailId" is primitive !不建议如此请使用包装类 in Class: "com.fine.modle.QuotationDetail"
[com.fine.Dao.QuotationDetailsMapper.selectList] Has been loaded by XML or SqlProvider or Mybatis's Annotation, so ignoring this injection for [class com.baomidou.mybatisplus.core.injector.methods.SelectList]
[com.fine.Dao.stock.MaterialIssueOrderMapper.selectPage] Has been loaded by XML or SqlProvider or Mybatis's Annotation, so ignoring this injection for [class com.baomidou.mybatisplus.core.injector.methods.SelectPage]
This primary key of "id" is primitive !不建议如此请使用包装类 in Class: "com.fine.modle.TapeInventory"
Can not find table primary key in Class: "com.fine.modle.TapeMin".
2026-04-08 06:33:54.784  WARN 50376 --- [           main] c.b.m.core.injector.DefaultSqlInjector   : class com.fine.modle.TapeMin ,Not found @TableId annotation, Cannot use Mybatis-Plus 'xxById' Method.
2026-04-08 06:33:55.293  INFO 50376 --- [           main] o.s.b.a.e.web.EndpointLinksResolver      : Exposing 1 endpoint(s) beneath base path '/actuator'
2026-04-08 06:33:55.542  INFO 50376 --- [           main] o.s.s.web.DefaultSecurityFilterChain     : Will secure any request with [org.springframework.security.web.session.DisableEncodeUrlFilter@56102e1c, org.springframework.security.web.context.request.async.WebAsyncManagerIntegrationFilter@73511076, org.springframework.security.web.context.SecurityContextPersistenceFilter@4152d38d, org.springframework.security.web.header.HeaderWriterFilter@64c2b546, org.springframework.web.filter.CorsFilter@6d167f58, org.springframework.security.web.authentication.logout.LogoutFilter@61a002b1, com.fine.filler.JwtAuthenticationTokenFilter@1f53a5dc, org.springframework.security.web.authentication.UsernamePasswordAuthenticationFilter@1095f122, org.springframework.security.web.savedrequest.RequestCacheAwareFilter@5398edd0, org.springframework.security.web.servletapi.SecurityContextHolderAwareRequestFilter@5cc5b667, org.springframework.security.web.authentication.AnonymousAuthenticationFilter@7927bd9f, org.springframework.security.web.session.SessionManagementFilter@4cc547a, org.springframework.security.web.access.ExceptionTranslationFilter@551a20d6, org.springframework.security.web.access.intercept.FilterSecurityInterceptor@67427b69]
2026-04-08 06:33:56.144  INFO 50376 --- [           main] o.s.b.w.embedded.tomcat.TomcatWebServer  : Tomcat started on port(s): 8090 (http) with context path ''
2026-04-08 06:33:58.710  INFO 50376 --- [           main] com.fine.MesApplication                  : Started MesApplication in 15.122 seconds (JVM running for 15.826)
2026-04-08 06:34:34.149  INFO 50376 --- [nio-8090-exec-3] o.a.c.c.C.[Tomcat].[localhost].[/]       : Initializing Spring DispatcherServlet 'dispatcherServlet'
2026-04-08 06:34:34.149  INFO 50376 --- [nio-8090-exec-3] o.s.web.servlet.DispatcherServlet        : Initializing Servlet 'dispatcherServlet'
2026-04-08 06:34:34.151  INFO 50376 --- [nio-8090-exec-3] o.s.web.servlet.DispatcherServlet        : Completed initialization in 2 ms
2026-04-08 06:34:36.197  INFO 50376 --- [nio-8090-exec-2] com.zaxxer.hikari.HikariDataSource       : HikariPool-1 - Starting...
2026-04-08 06:34:36.548  INFO 50376 --- [nio-8090-exec-2] com.zaxxer.hikari.HikariDataSource       : HikariPool-1 - Start completed.
eyJhbGciOiJIUzI1NiJ9.eyJqdGkiOiI3NjQ0ZDUxYWRiZTI0Mjc5YTRjNWRhMzliY2M4MWZiMyIsInN1YiI6IjEiLCJpc3MiOiJzZyIsImlhdCI6MTc3NTU3MjQyMiwiZXhwIjoxNzc1OTMyNDIyfQ.Wuz0qofkxFUbE9nRVYyu3EYyzwAESWWqprJ7vT24w6s这是传进来的token
Creating a new SqlSession
SqlSession [org.apache.ibatis.session.defaults.DefaultSqlSession@26669960] was not registered for synchronization because synchronization is not active
JDBC Connection [HikariProxyConnection@1222306837 wrapping com.mysql.cj.jdbc.ConnectionImpl@438f0f2] will not be managed by Spring
==>  Preparing: SELECT r.name FROM roles r INNER JOIN user_roles ur ON r.id = ur.role_id WHERE ur.user_id = ?
==> Parameters: 1(Long)
<==    Columns: name
<==        Row: admin
<==      Total: 1
Closing non transactional SqlSession [org.apache.ibatis.session.defaults.DefaultSqlSession@26669960]
com.fine.Utils.ResponseResult@3f854187
Creating a new SqlSession
Creating a new SqlSession
SqlSession [org.apache.ibatis.session.defaults.DefaultSqlSession@5efce20b] was not registered for synchronization because synchronization is not active
SqlSession [org.apache.ibatis.session.defaults.DefaultSqlSession@3684a115] was not registered for synchronization because synchronization is not active
JDBC Connection [HikariProxyConnection@89565189 wrapping com.mysql.cj.jdbc.ConnectionImpl@235fe813] will not be managed by Spring
==>  Preparing: SELECT DISTINCT documentation_person FROM customers WHERE is_deleted = 0 AND documentation_person IS NOT NULL
==> Parameters: 
JDBC Connection [HikariProxyConnection@1812956743 wrapping com.mysql.cj.jdbc.ConnectionImpl@3d8a76e5] will not be managed by Spring
==>  Preparing: SELECT DISTINCT sales FROM customers WHERE is_deleted = 0 AND sales IS NOT NULL
==> Parameters: 
<==    Columns: documentation_person
<==        Row: 7
<==        Row: 14
<==        Row: 15
<==      Total: 3
Closing non transactional SqlSession [org.apache.ibatis.session.defaults.DefaultSqlSession@5efce20b]
<==    Columns: sales
<==        Row: 5
<==        Row: 8
<==        Row: 13
<==        Row: 17
<==      Total: 4
Closing non transactional SqlSession [org.apache.ibatis.session.defaults.DefaultSqlSession@3684a115]
Creating a new SqlSession
Creating a new SqlSession
SqlSession [org.apache.ibatis.session.defaults.DefaultSqlSession@64380235] was not registered for synchronization because synchronization is not active
SqlSession [org.apache.ibatis.session.defaults.DefaultSqlSession@6b7e81a6] was not registered for synchronization because synchronization is not active
JDBC Connection [HikariProxyConnection@14679579 wrapping com.mysql.cj.jdbc.ConnectionImpl@3d8a76e5] will not be managed by Spring
JDBC Connection [HikariProxyConnection@906595893 wrapping com.mysql.cj.jdbc.ConnectionImpl@235fe813] will not be managed by Spring
==>  Preparing: SELECT id,username,password,real_name,staff_id,email,status,created_by,created_at,updated_at,del_flag FROM users WHERE (id IN (?,?,?,?) AND status = ? AND del_flag = ?) ORDER BY username ASC
==>  Preparing: SELECT id,username,password,real_name,staff_id,email,status,created_by,created_at,updated_at,del_flag FROM users WHERE (id IN (?,?,?) AND status = ? AND del_flag = ?) ORDER BY username ASC
==> Parameters: 5(Long), 8(Long), 13(Long), 17(Long), 0(Integer), 0(Integer)
==> Parameters: 7(Long), 14(Long), 15(Long), 0(Integer), 0(Integer)
<==    Columns: id, username, password, real_name, staff_id, email, status, created_by, created_at, updated_at, del_flag
<==    Columns: id, username, password, real_name, staff_id, email, status, created_by, created_at, updated_at, del_flag
<==        Row: 7, liaozaozhi, $2a$10$vaMx3bR7Hq7au5qrBj0H7uLGz5EJZWZ503SgzN41Ratlm5/kzYkAu, 廖早枝, 30, null, 0, null, 2026-01-17 10:50:47, 2026-03-20 09:36:07, 0
<==        Row: 8, guomanna, $2a$10$yUS1V3Xf/0kcMOm61.akQOPaMLNUe1TsOASLITdiT4j02IF.hjBQK, 郭嫚娜, 21, null, 0, null, 2026-02-25 10:30:12, 2026-03-20 09:35:58, 0
<==        Row: 14, luomiaojing, $2a$10$hcLl6PJWZdo6BkpngMEI4OSzBmTfH3unlRHgnohAYK6AEAXHmcPm6, 罗妙静, 44, null, 0, null, 2026-03-28 15:35:43, 2026-03-28 15:35:43, 0
<==        Row: 5, laiwenbin, $2a$10$GK9vu0DAjZP1VWUK5WayGejGAJGVMCU4EcLNtEp7JRKO.kutImM9S, 赖文斌, 14, null, 0, null, 2026-01-10 11:12:13, 2026-03-31 08:36:24, 0
<==        Row: 15, niemeirong, $2a$10$jLbQN1hfQ0FBBQNsYedb3Of3fCTKvXgB998JS7tmBGnw2R/DfGJhW, 聂美容, 20, null, 0, null, 2026-03-28 16:08:57, 2026-03-31 10:02:34, 0
<==        Row: 17, sundawei, $2a$10$/53xOnUQbJaXUvluumgL1.EWDAEvKDahqKzcXepU8Z06lRtWnAzfu, 孙大伟, 11, null, 0, null, 2026-03-28 16:10:53, 2026-03-28 16:10:53, 0
<==      Total: 3
Closing non transactional SqlSession [org.apache.ibatis.session.defaults.DefaultSqlSession@6b7e81a6]
<==        Row: 13, zhangyaqiao, $2a$10$Hw2geJnth69Qs/AQSXxJHufTk6uueNUog0PnP3IPO7uwqfcqkwceO, 张雅乔, 46, null, 0, null, 2026-03-28 15:35:08, 2026-03-28 15:35:08, 0
<==      Total: 4
Closing non transactional SqlSession [org.apache.ibatis.session.defaults.DefaultSqlSession@64380235]
eyJhbGciOiJIUzI1NiJ9.eyJqdGkiOiI3NjQ0ZDUxYWRiZTI0Mjc5YTRjNWRhMzliY2M4MWZiMyIsInN1YiI6IjEiLCJpc3MiOiJzZyIsImlhdCI6MTc3NTU3MjQyMiwiZXhwIjoxNzc1OTMyNDIyfQ.Wuz0qofkxFUbE9nRVYyu3EYyzwAESWWqprJ7vT24w6s这是传进来的token
Creating a new SqlSession
SqlSession [org.apache.ibatis.session.defaults.DefaultSqlSession@42615870] was not registered for synchronization because synchronization is not active
JDBC Connection [HikariProxyConnection@1747035595 wrapping com.mysql.cj.jdbc.ConnectionImpl@438f0f2] will not be managed by Spring
==>  Preparing: SELECT r.name FROM roles r INNER JOIN user_roles ur ON r.id = ur.role_id WHERE ur.user_id = ?
==> Parameters: 1(Long)
<==    Columns: name
<==        Row: admin
<==      Total: 1
Closing non transactional SqlSession [org.apache.ibatis.session.defaults.DefaultSqlSession@42615870]
com.fine.Utils.ResponseResult@5d9ef878
Creating a new SqlSession
Creating a new SqlSession
SqlSession [org.apache.ibatis.session.defaults.DefaultSqlSession@79ae290d] was not registered for synchronization because synchronization is not active
SqlSession [org.apache.ibatis.session.defaults.DefaultSqlSession@42447ed2] was not registered for synchronization because synchronization is not active
JDBC Connection [HikariProxyConnection@1718472418 wrapping com.mysql.cj.jdbc.ConnectionImpl@3d8a76e5] will not be managed by Spring
JDBC Connection [HikariProxyConnection@1598575932 wrapping com.mysql.cj.jdbc.ConnectionImpl@3ff7774f] will not be managed by Spring
==>  Preparing: SELECT DISTINCT documentation_person FROM customers WHERE is_deleted = 0 AND documentation_person IS NOT NULL
==>  Preparing: SELECT DISTINCT sales FROM customers WHERE is_deleted = 0 AND sales IS NOT NULL
==> Parameters: 
==> Parameters: 
<==    Columns: sales
<==    Columns: documentation_person
<==        Row: 5
<==        Row: 7
<==        Row: 8
<==        Row: 14
<==        Row: 13
<==        Row: 15
<==        Row: 17
<==      Total: 3
<==      Total: 4
Closing non transactional SqlSession [org.apache.ibatis.session.defaults.DefaultSqlSession@79ae290d]
Closing non transactional SqlSession [org.apache.ibatis.session.defaults.DefaultSqlSession@42447ed2]
Creating a new SqlSession
Creating a new SqlSession
SqlSession [org.apache.ibatis.session.defaults.DefaultSqlSession@54d613d1] was not registered for synchronization because synchronization is not active
SqlSession [org.apache.ibatis.session.defaults.DefaultSqlSession@4c76f7b8] was not registered for synchronization because synchronization is not active
JDBC Connection [HikariProxyConnection@1420452268 wrapping com.mysql.cj.jdbc.ConnectionImpl@3d8a76e5] will not be managed by Spring
JDBC Connection [HikariProxyConnection@1368042175 wrapping com.mysql.cj.jdbc.ConnectionImpl@3ff7774f] will not be managed by Spring
==>  Preparing: SELECT id,username,password,real_name,staff_id,email,status,created_by,created_at,updated_at,del_flag FROM users WHERE (id IN (?,?,?) AND status = ? AND del_flag = ?) ORDER BY username ASC
==>  Preparing: SELECT id,username,password,real_name,staff_id,email,status,created_by,created_at,updated_at,del_flag FROM users WHERE (id IN (?,?,?,?) AND status = ? AND del_flag = ?) ORDER BY username ASC
==> Parameters: 7(Long), 14(Long), 15(Long), 0(Integer), 0(Integer)
==> Parameters: 5(Long), 8(Long), 13(Long), 17(Long), 0(Integer), 0(Integer)
<==    Columns: id, username, password, real_name, staff_id, email, status, created_by, created_at, updated_at, del_flag
<==    Columns: id, username, password, real_name, staff_id, email, status, created_by, created_at, updated_at, del_flag
<==        Row: 8, guomanna, $2a$10$yUS1V3Xf/0kcMOm61.akQOPaMLNUe1TsOASLITdiT4j02IF.hjBQK, 郭嫚娜, 21, null, 0, null, 2026-02-25 10:30:12, 2026-03-20 09:35:58, 0
<==        Row: 7, liaozaozhi, $2a$10$vaMx3bR7Hq7au5qrBj0H7uLGz5EJZWZ503SgzN41Ratlm5/kzYkAu, 廖早枝, 30, null, 0, null, 2026-01-17 10:50:47, 2026-03-20 09:36:07, 0
<==        Row: 5, laiwenbin, $2a$10$GK9vu0DAjZP1VWUK5WayGejGAJGVMCU4EcLNtEp7JRKO.kutImM9S, 赖文斌, 14, null, 0, null, 2026-01-10 11:12:13, 2026-03-31 08:36:24, 0
<==        Row: 14, luomiaojing, $2a$10$hcLl6PJWZdo6BkpngMEI4OSzBmTfH3unlRHgnohAYK6AEAXHmcPm6, 罗妙静, 44, null, 0, null, 2026-03-28 15:35:43, 2026-03-28 15:35:43, 0
<==        Row: 17, sundawei, $2a$10$/53xOnUQbJaXUvluumgL1.EWDAEvKDahqKzcXepU8Z06lRtWnAzfu, 孙大伟, 11, null, 0, null, 2026-03-28 16:10:53, 2026-03-28 16:10:53, 0
<==        Row: 15, niemeirong, $2a$10$jLbQN1hfQ0FBBQNsYedb3Of3fCTKvXgB998JS7tmBGnw2R/DfGJhW, 聂美容, 20, null, 0, null, 2026-03-28 16:08:57, 2026-03-31 10:02:34, 0
<==        Row: 13, zhangyaqiao, $2a$10$Hw2geJnth69Qs/AQSXxJHufTk6uueNUog0PnP3IPO7uwqfcqkwceO, 张雅乔, 46, null, 0, null, 2026-03-28 15:35:08, 2026-03-28 15:35:08, 0
<==      Total: 3
<==      Total: 4
Closing non transactional SqlSession [org.apache.ibatis.session.defaults.DefaultSqlSession@54d613d1]
Closing non transactional SqlSession [org.apache.ibatis.session.defaults.DefaultSqlSession@4c76f7b8]
eyJhbGciOiJIUzI1NiJ9.eyJqdGkiOiI3NjQ0ZDUxYWRiZTI0Mjc5YTRjNWRhMzliY2M4MWZiMyIsInN1YiI6IjEiLCJpc3MiOiJzZyIsImlhdCI6MTc3NTU3MjQyMiwiZXhwIjoxNzc1OTMyNDIyfQ.Wuz0qofkxFUbE9nRVYyu3EYyzwAESWWqprJ7vT24w6s这是传进来的token
Creating a new SqlSession
SqlSession [org.apache.ibatis.session.defaults.DefaultSqlSession@4885f1bf] was not registered for synchronization because synchronization is not active
JDBC Connection [HikariProxyConnection@1728764608 wrapping com.mysql.cj.jdbc.ConnectionImpl@3ff7774f] will not be managed by Spring
==>  Preparing: SELECT r.name FROM roles r INNER JOIN user_roles ur ON r.id = ur.role_id WHERE ur.user_id = ?
==> Parameters: 1(Long)
<==    Columns: name
<==        Row: admin
<==      Total: 1
Closing non transactional SqlSession [org.apache.ibatis.session.defaults.DefaultSqlSession@4885f1bf]
com.fine.Utils.ResponseResult@feb222e
Creating a new SqlSession
Creating a new SqlSession
SqlSession [org.apache.ibatis.session.defaults.DefaultSqlSession@2329b2be] was not registered for synchronization because synchronization is not active
SqlSession [org.apache.ibatis.session.defaults.DefaultSqlSession@500904c4] was not registered for synchronization because synchronization is not active
JDBC Connection [HikariProxyConnection@1025496206 wrapping com.mysql.cj.jdbc.ConnectionImpl@16d419da] will not be managed by Spring
==>  Preparing: SELECT DISTINCT documentation_person FROM customers WHERE is_deleted = 0 AND documentation_person IS NOT NULL
JDBC Connection [HikariProxyConnection@141587584 wrapping com.mysql.cj.jdbc.ConnectionImpl@438f0f2] will not be managed by Spring
==> Parameters: 
==>  Preparing: SELECT DISTINCT sales FROM customers WHERE is_deleted = 0 AND sales IS NOT NULL
==> Parameters: 
<==    Columns: documentation_person
<==        Row: 7
<==    Columns: sales
<==        Row: 5
<==        Row: 14
<==        Row: 8
<==        Row: 15
<==        Row: 13
<==      Total: 3
<==        Row: 17
Closing non transactional SqlSession [org.apache.ibatis.session.defaults.DefaultSqlSession@2329b2be]
<==      Total: 4
Creating a new SqlSession
Closing non transactional SqlSession [org.apache.ibatis.session.defaults.DefaultSqlSession@500904c4]
SqlSession [org.apache.ibatis.session.defaults.DefaultSqlSession@15e0c33c] was not registered for synchronization because synchronization is not active
Creating a new SqlSession
SqlSession [org.apache.ibatis.session.defaults.DefaultSqlSession@5c0eef0] was not registered for synchronization because synchronization is not active
JDBC Connection [HikariProxyConnection@1444470442 wrapping com.mysql.cj.jdbc.ConnectionImpl@16d419da] will not be managed by Spring
==>  Preparing: SELECT id,username,password,real_name,staff_id,email,status,created_by,created_at,updated_at,del_flag FROM users WHERE (id IN (?,?,?) AND status = ? AND del_flag = ?) ORDER BY username ASC
JDBC Connection [HikariProxyConnection@502789544 wrapping com.mysql.cj.jdbc.ConnectionImpl@438f0f2] will not be managed by Spring
==> Parameters: 7(Long), 14(Long), 15(Long), 0(Integer), 0(Integer)
==>  Preparing: SELECT id,username,password,real_name,staff_id,email,status,created_by,created_at,updated_at,del_flag FROM users WHERE (id IN (?,?,?,?) AND status = ? AND del_flag = ?) ORDER BY username ASC
==> Parameters: 5(Long), 8(Long), 13(Long), 17(Long), 0(Integer), 0(Integer)
<==    Columns: id, username, password, real_name, staff_id, email, status, created_by, created_at, updated_at, del_flag
<==        Row: 7, liaozaozhi, $2a$10$vaMx3bR7Hq7au5qrBj0H7uLGz5EJZWZ503SgzN41Ratlm5/kzYkAu, 廖早枝, 30, null, 0, null, 2026-01-17 10:50:47, 2026-03-20 09:36:07, 0
<==    Columns: id, username, password, real_name, staff_id, email, status, created_by, created_at, updated_at, del_flag
<==        Row: 14, luomiaojing, $2a$10$hcLl6PJWZdo6BkpngMEI4OSzBmTfH3unlRHgnohAYK6AEAXHmcPm6, 罗妙静, 44, null, 0, null, 2026-03-28 15:35:43, 2026-03-28 15:35:43, 0
<==        Row: 8, guomanna, $2a$10$yUS1V3Xf/0kcMOm61.akQOPaMLNUe1TsOASLITdiT4j02IF.hjBQK, 郭嫚娜, 21, null, 0, null, 2026-02-25 10:30:12, 2026-03-20 09:35:58, 0
<==        Row: 15, niemeirong, $2a$10$jLbQN1hfQ0FBBQNsYedb3Of3fCTKvXgB998JS7tmBGnw2R/DfGJhW, 聂美容, 20, null, 0, null, 2026-03-28 16:08:57, 2026-03-31 10:02:34, 0
<==        Row: 5, laiwenbin, $2a$10$GK9vu0DAjZP1VWUK5WayGejGAJGVMCU4EcLNtEp7JRKO.kutImM9S, 赖文斌, 14, null, 0, null, 2026-01-10 11:12:13, 2026-03-31 08:36:24, 0
<==      Total: 3
<==        Row: 17, sundawei, $2a$10$/53xOnUQbJaXUvluumgL1.EWDAEvKDahqKzcXepU8Z06lRtWnAzfu, 孙大伟, 11, null, 0, null, 2026-03-28 16:10:53, 2026-03-28 16:10:53, 0
Closing non transactional SqlSession [org.apache.ibatis.session.defaults.DefaultSqlSession@15e0c33c]
<==        Row: 13, zhangyaqiao, $2a$10$Hw2geJnth69Qs/AQSXxJHufTk6uueNUog0PnP3IPO7uwqfcqkwceO, 张雅乔, 46, null, 0, null, 2026-03-28 15:35:08, 2026-03-28 15:35:08, 0
<==      Total: 4
Closing non transactional SqlSession [org.apache.ibatis.session.defaults.DefaultSqlSession@5c0eef0]
Creating a new SqlSession
SqlSession [org.apache.ibatis.session.defaults.DefaultSqlSession@69737a0e] was not registered for synchronization because synchronization is not active
Creating a new SqlSession
SqlSession [org.apache.ibatis.session.defaults.DefaultSqlSession@31a45d1f] was not registered for synchronization because synchronization is not active
JDBC Connection [HikariProxyConnection@50685605 wrapping com.mysql.cj.jdbc.ConnectionImpl@235fe813] will not be managed by Spring
==>  Preparing: SELECT id, material_code, product_name, color_code, total_thickness FROM tape_spec WHERE status = 1 ORDER BY material_code
Creating a new SqlSession
JDBC Connection [HikariProxyConnection@289719455 wrapping com.mysql.cj.jdbc.ConnectionImpl@52fb75c2] will not be managed by Spring
Creating a new SqlSession
==>  Preparing: SELECT * FROM tape_raw_material WHERE status = 1 ORDER BY sort_order
==> Parameters: 
SqlSession [org.apache.ibatis.session.defaults.DefaultSqlSession@105a3cea] was not registered for synchronization because synchronization is not active
==> Parameters: 
SqlSession [org.apache.ibatis.session.defaults.DefaultSqlSession@2a55101a] was not registered for synchronization because synchronization is not active
<==    Columns: id, material_code, material_name, material_type, unit, spec, sort_order, status
<==        Row: 1, YKLJ0801, 主树脂YKLJ0801, resin, Kg, 亚克力树脂, 1, 1
<==        Row: 2, YSYZ0201, 溶剂YSYZ0201, solvent, Kg, 溶剂, 2, 1
<==        Row: 3, G728-UJ, G728-UJ, additive, Kg, 助剂, 3, 1
<==        Row: 4, 9002, 固化剂9002, curing, Kg, 固化剂, 4, 1
<==        Row: 5, FY-45, 固化剂FY-45, curing, Kg, 固化剂, 5, 1
<==        Row: 6, AJSZ0101, 助剂AJSZ0101, additive, Kg, 需用甲苯稀释20%, 6, 1
<==        Row: 7, DJBHS0301, 助剂DJBHS0301, additive, Kg, 需用异丙醇稀释10%, 7, 1
<==      Total: 7
Closing non transactional SqlSession [org.apache.ibatis.session.defaults.DefaultSqlSession@31a45d1f]
<==    Columns: id, material_code, product_name, color_code, total_thickness
<==        Row: 196, 1011-DGM-7535-T01-0900, 110μm印刷条纹PET胶带, T01, 110.00
<==        Row: 502, 1011-DGM25-2525-B01-0900, 50μm蓝色PET胶带, B01, 50.00
<==        Row: 264, 1011-R01-2525-C02-1200cyzy, 50μm茶色膜印字胶带, C02, 50.00
<==        Row: 245, 1011-R015-2525-C02-0900, 50μm茶色膜PET胶带, C02, 50.00
<==        Row: 10, 1011-R02-0903-B05-0300, 12μm蓝色PET终止胶带, B05, 12.00
<==        Row: 9, 1011-R02-0903-G03-0300, 12μm无机翠绿PET胶带, G03, 12.00
<==        Row: 336, 1011-R02-0903-G03-0300H, 12μm无机翠绿PET数字终止胶带, G03, 12.00
<==        Row: 394, 1011-R02-1204-B05-0300, 16μm蓝色PET终止胶带, B05, 16.00
<==        Row: 102, 1011-R02-1204-G01-0300, 16μm翠绿PET胶带, G01, 16.00
<==        Row: 103, 1011-R02-1204-G03-0200, 16μm无机翠绿PET胶带, G03, 16.00
<==        Row: 101, 1011-R02-1204-G03-0300, 16u无机翠绿PET胶带, G03, 16.00
<==        Row: 337, 1011-R02-1204-G03-0300H, 16μm无机翠绿PET数字终止胶带, G03, 16.00
<==        Row: 303, 1011-R02-1204-G03-0500, 16μm绿色PET终止胶带, G03, 16.00
<==        Row: 118, 1011-R02-1210-B05-0450, 22μm蓝色PET终止胶带, B05, 22.00
<==        Row: 104, 1011-R02-1502-B02-0300, 17μm深蓝PET终止胶带, B02, 17.00
<==        Row: 107, 1011-R02-1503-B05-0200H, 18μ蓝色数字PET终止胶带, B05, 18.00
<==        Row: 304, 1011-R02-1503-G01-0200, 18μm翠绿PET终止胶带, G01, 18.00
<==        Row: 105, 1011-R02-1503-G01-0200H, 18μm翠绿数字PET胶带, G01, 18.00
<==        Row: 106, 1011-R02-1503-G06-0300, 18μm草绿PET胶带, G01, 18.00
<==        Row: 109, 1011-R02-1506-C01-0100, 21μm茶色胶水PET胶带, C01, 21.00
<==        Row: 432, 1011-R02-1506-C01-0100H, 21μm茶色胶水PET印字胶带, C01, 21.00
<==        Row: 110, 1011-R02-1506-C01-0300, 21μm茶色胶水PET胶带, C01, 21.00
<==        Row: 108, 1011-R02-1506-G01-0100, 21μm翠绿低粘PET胶带, G01, 21.00
<==        Row: 373, 1011-R02-1506-G01-0100H, 21μm翠绿低粘PET数字胶带, G01, 21.00
<==        Row: 113, 1011-R02-1506-G01-0300H, 21μm翠绿数字PET胶带, G01, 21.00
<==        Row: 111, 1011-R02-1506-G01-0350, 21μm翠绿PET胶带, G01, 21.00
<==        Row: 112, 1011-R02-1506-G01-0350H, 21μm翠绿数字PET胶带, G01, 21.00
<==        Row: 353, 1011-R02-1506-G03-0300H, 21μm无机翠绿PET终止胶带, G03, 21.00
<==        Row: 115, 1011-R02-1506-G09-0350, 21μm含卤翠绿PET胶带, G09, 21.00
<==        Row: 114, 1011-R02-1506-G10-0090H, 21μm无机翠绿PET数字胶带, G10, 21.00
<==        Row: 508, 1011-R02-1507-B01-0300, 22μm蓝色PET终止胶带, B01, 22.00
<==        Row: 116, 1011-R02-1507-B01-0400, 22μmPET蓝色胶, B01, 22.00
<==        Row: 201, 1011-R02-1507-B01-0400H, 22μmPET蓝色数字胶, B01, 22.00
<==        Row: 202, 1011-R02-1507-B05-0400, 22μm蓝色PET终止胶带, B05, 22.00
<==        Row: 117, 1011-R02-1507-B11-0400, 22μmPET蓝色数字胶, B11, 22.00
<==        Row: 121, 1011-R02-1507-G03-0200, 22μm无机翠绿PET胶带, G03, 22.00
<==        Row: 122, 1011-R02-1507-G03-0300, 22μm无机翠绿PET胶带, G03, 22.00
<==        Row: 123, 1011-R02-1507-G03-0400, 22μm无机翠绿PET胶带, G03, 22.00
<==        Row: 448, 1011-R02-1507-G03-0400H, 22μm无机翠绿PET数字终止胶带, G03, 22.00
<==        Row: 124, 1011-R02-1507-G03-0500, 22μm无机翠绿PET胶带, G03, 22.00
<==        Row: 119, 1011-R02-1507-G05-0350, 22μm墨绿PET胶带, G05, 22.00
<==        Row: 120, 1011-R02-1507-G05-0350H, 22μm墨绿数字PET胶带, G05, 22.00
<==        Row: 397, 1011-R02-1507-G08-0300, 22μm军绿色PET终止胶带, G08, 22.00
<==        Row: 203, 1011-R02-1510-B01-0400, 25μm浅蓝PET胶带, B01, 25.00
<==        Row: 481, 1011-R02-1510-Y01-0400, 25μm黄色PET终止胶带, Y01, 25.00
<==        Row: 315, 1011-R02-1512-G10-0500H, 27μm无机翠绿PET数字胶带, G10, 27.00
<==        Row: 207, 1011-R02-1515-B01-0400, 30μm浅蓝PET胶带, B01, 30.00
<==        Row: 145, 1011-R02-1515-C05-0600, 30μm茶色胶水PET胶带, C05, 30.00
<==        Row: 224, 1011-R02-1520-C01-0600, 35μm茶色胶水PET胶带, C01, 35.00
<==        Row: 464, 1011-R02-1535-C05-1000H, 50μm茶色印字胶带, C05, 50.00
<==        Row: 318, 1011-R02-1904-G01-0200, 23μm绿色PET终止胶带, G01, 23.00
<==        Row: 323, 1011-R02-1904-G06-0200, 23μm绿色PET终止胶带, G06, 23.00
<==        Row: 399, 1011-R02-1905-B05-0300, 24μm蓝色PET终止胶带, B05, 24.00
<==        Row: 125, 1011-R02-1905-G01-0300, 25μ翠绿PET胶带, G01, 25.00
<==        Row: 322, 1011-R02-2003-G01-0200H, 23μm绿色PET数字终止胶带, G01, 23.00
<==        Row: 298, 1011-R02-2010-B01-0300, 30μm蓝色终止胶带, B01, 30.00
<==        Row: 206, 1011-R02-2010-B01-0400, 30μm浅蓝PET胶带, B01, 30.00
<==        Row: 198, 1011-R02-2010-B01-0400A, 30μm浅蓝PET胶带, B01, 30.00
<==        Row: 204, 1011-R02-2010-B02-0350, 30μm深蓝PET胶带, B02, 30.00
<==        Row: 563, 1011-R02-2010-B02-0350-HCD1-20, 30μm蓝色PET印字胶带（HCD1-20）, B02, 30.00
<==        Row: 205, 1011-R02-2010-B02-0350H, 30μm深蓝数字PET胶带, B02, 30.00
<==        Row: 468, 1011-R02-2010-B02-0350HCD1-20, 1011-R02-2010-B02-0350HCD1-20, B02, null
<==        Row: 506, 1011-R02-2010-B02-0500-JZM1/JZM2, 30μm蓝色PET印字胶带, B02, 30.00
<==        Row: 129, 1011-R02-2010-B02-0500H, 30μm深蓝数字PET胶带, B02, 30.00
<==        Row: 208, 1011-R02-2010-B05-0400, 30μm蓝色PET终止胶带, B05, 30.00
<==        Row: 314, 1011-R02-2010-B05-0500, 30μm蓝色PET终止胶带, B05, 30.00
<==        Row: 143, 1011-R02-2010-BK01-0450, 30μm黑色PET胶带, BK01, 30.00
<==        Row: 130, 1011-R02-2010-G01-0050, 30μm翠绿PET低粘胶带, G01, 30.00
<==        Row: 131, 1011-R02-2010-G01-0050H, 30μm翠绿数字PET低粘胶带, G01, 30.00
<==        Row: 209, 1011-R02-2010-G01-0350, 30μm翠绿PET胶带, G01, 30.00
<==        Row: 494, 1011-R02-2010-G01-0350-FF, 30μm绿色PET印字胶带, G01, 30.00
<==        Row: 562, 1011-R02-2010-G01-0350-HCD1-20, 30μm翠绿PET印字胶带（HCD1-20）, G01, 30.00
<==        Row: 461, 1011-R02-2010-G01-0350-SH1-SH15, 30μm翠绿PET印字胶带（SH1-SH15）, G01, 30.00
<==        Row: 485, 1011-R02-2010-G01-0350-SYS, 30μm绿色印字终止胶, G01, 30.00
<==        Row: 500, 1011-R02-2010-G01-0350-WH, 30μm翠绿PET印字胶带, G01, 30.00
<==        Row: 210, 1011-R02-2010-G01-0350H, 30μm翠绿数字PET胶带, G01, 30.00
<==        Row: 467, 1011-R02-2010-G01-0350HCD1-20, 1011-R02-2010-G01-0350HCD1-20, G01, null
<==        Row: 306, 1011-R02-2010-G01-0400, 30μm翠绿PET终止胶带, G01, 30.00
<==        Row: 455, 1011-R02-2010-G01-0500, 30μm翠绿PET终止胶带, G01, 30.00
<==        Row: 126, 1011-R02-2010-G01-0500H, 30μm翠绿数字PET胶带, G01, 30.00
<==        Row: 361, 1011-R02-2010-G03-0400, 30μm无机翠绿PET终止胶带, G03, 30.00
<==        Row: 148, 1011-R02-2010-G03-0500, 30μm无机翠绿PET胶带, G03, 30.00
<==        Row: 362, 1011-R02-2010-G03-0500A, 30μm无机翠绿PET终止胶带, G03, 30.00
<==        Row: 216, 1011-R02-2010-G05-0450, 30μm墨绿PET胶带, G05, 30.00
<==        Row: 217, 1011-R02-2010-G05-0450H, 30μm墨绿数字PET胶带, G05, 30.00
<==        Row: 297, 1011-R02-2010-G06-0500, 30μm无机翠绿终止胶带, G03, 0.00
<==        Row: 444, 1011-R02-2010-G07-0400H, 30μm墨绿PET数字终止胶带, G07, 30.00
<==        Row: 221, 1011-R02-2010-G07-0450H, 30μm墨绿PET数字终止胶, G07, 30.00
<==        Row: 140, 1011-R02-2010-G09-0500, 30μm含卤翠绿PET胶带, G09, 30.00
<==        Row: 398, 1011-R02-2010-G13-0300-KXYS, 30μm草绿色PET终止胶带, G13, 30.00
<==        Row: 138, 1011-R02-2010-G13-0300H, 30μm含卤草绿数字PET胶带, G13, 30.00
<==        Row: 139, 1011-R02-2010-G13-0400, 30μm含卤草绿PET胶带, G13, 30.00
<==        Row: 215, 1011-R02-2010-T01-0400H, 30μm透明数字PET胶带, T01, 30.00
<==        Row: 213, 1011-R02-2010-T01-0450, 30μm透明PET胶带, T01, 30.00
<==        Row: 214, 1011-R02-2010-T01-0450H, 30μm透明数字PET胶带, T01, 30.00
<==        Row: 128, 1011-R02-2010-T01-0500H, 30μm透明数字PET胶带, T01, 30.00
<==        Row: 338, 1011-R02-2010-Y01-0500-H, 30μm黄色PET数字终止胶带, Y01, 30.00
<==        Row: 127, 1011-R02-2010-Y01-0500H, 30μm黄色数字PET胶带, Y01, 30.00
<==        Row: 326, 1011-R02-2013-G03-0500, 33μm绿色PET终止胶带, G03, 33.00
<==        Row: 327, 1011-R02-2013-G03-0500A, 33μm绿色PET终止胶带, G03, 33.00
<==        Row: 242, 1011-R02-2030-C01-1200, 50μm茶色胶水PET胶带, C01, 50.00
JDBC Connection [HikariProxyConnection@48881198 wrapping com.mysql.cj.jdbc.ConnectionImpl@16d419da] will not be managed by Spring
<==        Row: 424, 1011-R02-2030-C01-1200-H6, 50μm茶色胶水PET印字胶带, C01, 50.00
==>  Preparing: SELECT COUNT(*) AS total FROM purchase_suppliers WHERE is_deleted = 0 AND (is_deleted = ?)
<==        Row: 473, 1011-R02-2031-C01-0800, 51μm茶色胶水PET胶带, C01, 51.00
==> Parameters: 0(Integer)
<==        Row: 265, 1011-R02-2035-C01-0800, 55μm茶色胶水PET胶带, C01, 55.00
<==        Row: 308, 1011-R02-2035-C01H-0800, 55μm深茶色PET胶带, C01H, 55.00
<==        Row: 149, 1011-R02-2304-G01-0200H, 30um翠绿数字PET终止胶带, G01, 30.00
<==        Row: 294, 1011-R02-2307-B01-0400, 蓝色PET胶带, B01, 30.00
<==        Row: 134, 1011-R02-2307-B05-0300, 30μm蓝色PET终止胶带, B05, 30.00
<==        Row: 146, 1011-R02-2307-B05-0400, 30μm蓝色PET终止胶带, B05, 30.00
<==        Row: 132, 1011-R02-2307-G01-0300, 30μm翠绿PET胶带, G01, 30.00
<==        Row: 133, 1011-R02-2307-G01-0300H, 30μm翠绿数字PET胶带, G01, 30.00
JDBC Connection [HikariProxyConnection@146715616 wrapping com.mysql.cj.jdbc.ConnectionImpl@3ff7774f] will not be managed by Spring
<==        Row: 495, 1011-R02-2307-G01-0400, 30μm翠绿PET终止胶带, G01, 30.00
==>  Preparing: SELECT COUNT(*) AS total FROM purchase_orders po WHERE po.is_deleted = 0
<==        Row: 211, 1011-R02-2307-G03-0350, 30μm无机翠绿PET胶带, G03, 30.00
==> Parameters: 
<==        Row: 345, 1011-R02-2307-G03-0350A, 30μm无机翠绿PET终止胶带, G03, 30.00
<==        Row: 212, 1011-R02-2307-G03-0350H, 30μm无机翠绿数字PET胶带, G03, 30.00
<==        Row: 200, 1011-R02-2307-G03-0400, 30μm无机翠绿PET胶带, G03, 30.00
<==        Row: 199, 1011-R02-2307-G03-0400H, 30μm无机翠绿数字PET胶带, G03, 30.00
<==    Columns: total
<==        Row: 141, 1011-R02-2505-C02-0200, 30μm茶色膜PET胶带, C02, 30.00
<==        Row: 1
<==        Row: 136, 1011-R02-2505-G01-0200, 30um翠绿PET终止胶带, G01, 30.00
<==      Total: 1
<==        Row: 137, 1011-R02-2505-G01-0200H, 30um翠绿数字PET终止胶带, G01, 30.00
<==        Row: 142, 1011-R02-2505-W01-0500, 30μm白色PET终止胶带, W01, 30.00
<==        Row: 152, 1011-R02-2510-C02-0400, 35μm茶色膜PET胶带, C02, 35.00
<==        Row: 225, 1011-R02-2510-C02-0700, 35μm茶色膜PET胶带, C02, 35.00
<==        Row: 343, 1011-R02-2510-C02Q-0700, 35μm茶色终止胶带, C02Q, 35.00
<==        Row: 377, 1011-R02-2510-G01-0500, 35μm翠绿PET终止胶带, G01, 35.00
<==        Row: 156, 1011-R02-2510-G03-0700, 35μm无机翠绿PET胶带, G03, 30.00
<==        Row: 161, 1011-R02-2520-G01-0450, 45μm翠绿PET胶带, G01, 45.00
<==        Row: 162, 1011-R02-2520-G01-0450H, 45μm翠绿数字PET胶带, G01, 45.00
<==        Row: 434, 1011-R02-2520-G03-0500, 45μm无机翠绿PET终止胶带, G03, 45.00
<==    Columns: total
<==        Row: 233, 1011-R02-2520-T01-0450H, 45μm透明数字PET胶带, T01, 45.00
==>  Preparing: SELECT id,supplier_code,supplier_name,short_name,primary_contact_name,primary_contact_mobile,contact_email,contact_address,tax_no,bank_name,bank_account,status,remark,created_by,updated_by,created_at,updated_at,is_deleted FROM purchase_suppliers WHERE is_deleted=0 AND (is_deleted = ?) ORDER BY created_at DESC LIMIT ?
<==        Row: 1
==> Parameters: 0(Integer), 1000(Long)
<==        Row: 163, 1011-R02-2520-W01-0500, 45μm白色接胶带, W01, 45.00
<==      Total: 1
<==        Row: 390, 1011-R02-2525-B01-0500, 50μm蓝色PET终止胶带, B01, 50.00
==>  Preparing: SELECT po.id, po.order_no, po.supplier, po.supplier_order_no, po.buyer AS buyerUserId, po.handler AS handlerUserId, po.contact_name, po.contact_phone, po.total_amount, po.total_area, po.required_area, po.thickness, po.width, po.order_date, po.delivery_date, po.delivery_address, po.status, po.remark, po.created_by, po.updated_by, po.created_at, po.updated_at, po.is_deleted, COALESCE(bu.real_name, '') AS buyerUserName, COALESCE(hu.real_name, '') AS handlerUserName FROM purchase_orders po LEFT JOIN customers c ON po.supplier COLLATE utf8mb4_unicode_ci = c.customer_code COLLATE utf8mb4_unicode_ci LEFT JOIN users bu ON po.buyer = bu.id LEFT JOIN users hu ON po.handler = hu.id WHERE po.is_deleted = 0 ORDER BY po.created_at DESC LIMIT ?
<==        Row: 164, 1011-R02-2525-B01-0600, 50μm蓝色PET胶带, B01, 50.00
==> Parameters: 10(Long)
<==        Row: 430, 1011-R02-2525-B01-0600A, 50μm蓝色PET终止胶带, B01, 50.00
<==        Row: 313, 1011-R02-2525-B03-0500, 50μm蓝色PET终止胶带, B03, 50.00
<==        Row: 237, 1011-R02-2525-B04-0500, 50μm浅蓝色PET胶带, B04, 50.00
<==        Row: 295, 1011-R02-2525-B04-0600, 50μm蓝色PET终止胶带, B05, 50.00
<==        Row: 236, 1011-R02-2525-B05-0500, 50μm蓝色PET终止胶带, B05, 50.00
<==        Row: 316, 1011-R02-2525-B05-0500A, 50μm蓝色PET终止胶带, B05, 50.00
<==        Row: 360, 1011-R02-2525-B05-0600, 50μm蓝色PET终止胶带, B05, 50.00
<==        Row: 238, 1011-R02-2525-C01-0700, 50μm茶色胶水PET胶带, C01, 50.00
<==        Row: 239, 1011-R02-2525-C01-0800, 50μm茶色胶水PET胶带, C01, 50.00
<==        Row: 247, 1011-R02-2525-C01-0800XRT, 50μm茶色胶水PET印字胶带, C01, 50.00
<==        Row: 240, 1011-R02-2525-C01-0900, 50μm茶色胶水PET胶带, C01, 50.00
<==    Columns: id, supplier_code, supplier_name, short_name, primary_contact_name, primary_contact_mobile, contact_email, contact_address, tax_no, bank_name, bank_account, status, remark, created_by, updated_by, created_at, updated_at, is_deleted
<==        Row: 413, 1011-R02-2525-C01-0900-DX, 50μm茶色胶水PET印字胶带, C01, 50.00
<==        Row: 1, SUP-001, 佛山杜邦鸿基薄膜有限公司, 杜邦, 魏先生, 13800138000, Minnie-Y.M.Zhang@chn.dupont.com, 广东省佛山市禅城区东鄱南路6号, 91440300XXXXXX, 中国银行深圳分行, 622202***********, active, , null, null, 2026-03-09 07:34:11, 2026-03-09 07:34:11, 0
<==        Row: 420, 1011-R02-2525-C01-0900-PZX, 50μm茶色胶水PET印字胶带, C01, 50.00
<==        Row: 248, 1011-R02-2525-C01-0900DX, 50μm茶色胶水PET印字胶带, C01, 50.00
<==      Total: 1
<==        Row: 249, 1011-R02-2525-C01-0900HW, 50μm茶色胶水PET印字胶带, C01, 50.00
Closing non transactional SqlSession [org.apache.ibatis.session.defaults.DefaultSqlSession@105a3cea]
<==        Row: 250, 1011-R02-2525-C01-0900PNX, 50μm茶色胶水PET印字胶带, C01, 50.00
<==        Row: 251, 1011-R02-2525-C01-0900SSD, 50μm茶色胶水PET印字胶带, C01, 50.00
<==        Row: 241, 1011-R02-2525-C01-1200, 50μm茶色胶水PET胶带, C01, 50.00
<==        Row: 570, 1011-R02-2525-C01-1200--XRY, 50μm茶色胶水PET印字胶带, C01, 50.00
<==    Columns: id, order_no, supplier, supplier_order_no, buyerUserId, handlerUserId, contact_name, contact_phone, total_amount, total_area, required_area, thickness, width, order_date, delivery_date, delivery_address, status, remark, created_by, updated_by, created_at, updated_at, is_deleted, buyerUserName, handlerUserName
<==        Row: 507, 1011-R02-2525-C01-1200-CYZY, 50μm茶色胶水PET印字胶带, C01, 50.00
<==        Row: 1, CD26030901, 佛山杜邦鸿基薄膜有限公司, , null, null, 魏先生, 13800138000, 78000.00, 31200.00, 0.00, null, null, 2026-03-08, 2026-03-11, 广东省佛山市禅城区东鄱南路6号, pending, <<BLOB>>, admin, admin, 2026-03-09 09:05:39, 2026-03-09 09:05:39, 0, , 
<==        Row: 516, 1011-R02-2525-C01-1200-F1闪电, 50μm茶色胶水PET印字胶带, C01, 50.00
<==        Row: 451, 1011-R02-2525-C01-1200-X, 50μm茶色胶水PET印字胶带, C01, 50.00
<==        Row: 501, 1011-R02-2525-C01-1200-XRY, 1011-R02-2525-C01-1200-XRY, C01, null
<==        Row: 484, 1011-R02-2525-C01-1200-闪电, 50μm茶色胶水PET印字胶带, C01, 50.00
<==        Row: 252, 1011-R02-2525-C01-1200HC, 50μm茶色胶水PET印字胶带, C01, 50.00
<==      Total: 1
<==        Row: 253, 1011-R02-2525-C01H-0800, 50μm茶色胶水PET胶带, C01H, 50.00
Closing non transactional SqlSession [org.apache.ibatis.session.defaults.DefaultSqlSession@2a55101a]
<==        Row: 254, 1011-R02-2525-C01H-1200, 50μm茶色胶水PET胶带, C01H, 50.00
<==        Row: 505, 1011-R02-2525-C02-0700, 50μm茶色膜PET胶带, C02, 50.00
<==        Row: 246, 1011-R02-2525-C02-1200, 50μm茶色膜PET胶带, C02, 50.00
<==        Row: 446, 1011-R02-2525-C05-1200, 50μm茶色PET胶带, C05, 50.00
<==        Row: 171, 1011-R02-2525-G01-0500, 50μm翠绿PET胶带, G01, 50.00
<==        Row: 339, 1011-R02-2525-W01-0800, 50μm白色PET终止胶带, W01, 50.00
<==        Row: 266, 1011-R02-2530-C02-1200, 55μm茶色膜PET胶带, C02, 55.00
<==        Row: 159, 1011-R02-3609-G01-0200, 45μm翠绿PET胶带, G01, 45.00
<==        Row: 158, 1011-R02-3609-G01-0200H, 45μm翠绿数字PET胶带, G01, 45.00
<==        Row: 160, 1011-R02-3609-T01-0400, 45μm透明PET胶带, T01, 45.00
<==        Row: 503, 1011-R02-3624-T01-1200, 60μm透明PET终止胶带, T01, 72.00
<==        Row: 244, 1011-R04-2525-C02-0650, 50μm茶色膜PET胶带, C02, 50.00
<==        Row: 219, 1012-DG-2505-B05-0006, 30μm浅蓝色PET保护膜胶带, B05, 30.00
<==        Row: 218, 1012-R00-2505-B05-0006, 30μm浅蓝色PET保护膜胶带, B05, 30.00
<==        Row: 193, 1012-R00-5007-B01-0006, 57μm浅蓝PET保护膜胶带, B01, 57.00
<==        Row: 186, 1012-R015-5055-B06-1300, 110μm动力电池保护膜, B08, 110.00
<==        Row: 185, 1012-R015-5055-B08-1300, 110μm动力电池保护膜, B08, 110.00
<==        Row: 335, 1012-R015-5060-B06-1300, 110μm蓝色PET包裹膜, B06, 110.00
<==        Row: 187, 1012-R02-10030-B05-1200, 130μm蓝色PET终止胶带, B05, 130.00
<==        Row: 380, 1012-R02-5030-B07-0900, 80μm蓝色PET终止胶带, B07, 80.00
<==        Row: 281, 1012-R02-5030-B07-1200, 80μm深蓝色PET胶带, B07, 80.00
<==        Row: 182, 1012-R02-5045-C05-1200, 95μm茶色胶水PET胶带, C05, 95.00
<==        Row: 287, 1012-R02-5050-B05-0500, 100μm蓝色PET胶带, B05, 100.00
<==        Row: 414, 1012-R02-7507-G01-0200, 82μm绿色PET保护膜, G01, 82.00
<==        Row: 280, 1012-TE25-5030-B07-0900, 80μm深蓝色PET胶带, B07, 80.00
<==        Row: 184, 1012-TE25-5055-B08-1300, 105μm动力电池保护膜, B08, 105.00
<==        Row: 388, 1012-TE25-5060-B08-1300, 110μm动力电池保护膜, B08, 110.00
<==        Row: 346, 1012-TE75-5045-C05-1200, 95μm茶色胶水PET胶带（带离型膜）, C05, 95.00
<==        Row: 176, 1012-WW-55-T01-0005, 55μm透明PET保护膜, T01, 55.00
<==        Row: 497, 1012C-R00-5007-B01-0006, 57μm浅蓝PET保护膜胶带, B01, 57.00
<==        Row: 197, 1013-R075-205B, 205μm红膜双面胶带-外贸, T01, 205.00
<==        Row: 340, 1013-T10-35-T01-1000-W12, 35μm透明PET热熔双面胶, T01, 35.00
<==        Row: 492, 1013－TE25－1515－B05－1200, 55μm蓝色PET双面胶, B05, 55.00
<==        Row: 173, 1013-TE25-15T-2020-B10-1200, 55μm浅蓝色PET双面胶带, B10, 55.00
<==        Row: 349, 1013-TE25-15T-55-B01-1200, 55μm蓝色PET双面胶, B01, 55.00
<==        Row: 172, 1013-TE25-25T-1515-B05-1200, 55μm蓝色双面PET胶带, B05, 55.00
<==        Row: 330, 1013-TE25-35-T01-1000, PET强弱双面胶, T01, 35.00
<==        Row: 299, 1016-R02-2010-B01-0300, 30蓝色胶带, B01, 30.00
<==        Row: 296, 1016-R02-2010-B01-0400, 30μm胶带, B01, 30.00
<==        Row: 576, 1016-R02-2010-B01-0400-90, 30μm蓝色间隙胶带W90, B01, 30.00
<==        Row: 504, 1016-R02-2010-B05-0400, 30μm蓝色PET终止胶带, B05, 30.00
<==        Row: 157, 1016-R02-2510-B05-0400, 35μm蓝色间隔胶带, B05, 35.00
<==        Row: 363, 1016-R02-2525-B03-0500, 50μm蓝色PET终止胶带, B03, 50.00
<==        Row: 230, 102-R00-2515-W01-0400, 40μm白色PET硅胶胶带, W01, 40.00
<==        Row: 235, 102-R00-2520-G12-0700, 45μm绿色PET硅胶带, G12, 45.00
<==        Row: 352, 102-R00-3614-G12-0800, 50μm绿色PET硅胶, G12, 50.00
<==        Row: 411, 102-R00-5015-Y01-0300, 65μm黄色pet硅胶带, Y01, 65.00
<==        Row: 276, 102-R00-5015-Y01-0700, 65μm黄色PET硅胶胶带, Y01, 65.00
<==        Row: 404, 102-TE50-5015-Y01-0300, 65μm黄色PET硅胶胶带贴合氟塑膜, Y01, 65.00
<==        Row: 334, 103-R00-2505-T01-0002, 30μm透明PET保护膜, T01, 30.00
<==        Row: 234, 103-R00-3807-G12-0250, 45μm绿色PET硅胶带, G12, 45.00
<==        Row: 409, 103-R00-4508-T01-0030, 53μm透明硅胶保护膜, T01, 45.00
<==        Row: 453, 103-R00-5005-B01-0030, 55μmPET硅胶保护膜, B01, 55.00
<==        Row: 273, 103-R00-5010-G12-0100, 60μm绿色PET硅胶保护膜, G12, 60.00
<==        Row: 274, 103-R00-5010-G12-0250, 60μm绿色PET硅胶保护膜, G12, 60.00
<==        Row: 279, 103-R00-7505-T01-0010, 80μm透明硅胶PET保护膜, T01, 82.00
<==        Row: 282, 103-R00-7515-T01-0250, 90μm透明PET硅胶保护膜, T01, 90.00
<==        Row: 392, 103-R00-85-T01-0015, 85μm透明PET平纹硅胶保护膜, T01, 53.00
<==        Row: 321, 103-WW-50-B01-0020, 50μm蓝色网纹胶带, B01, 50.00
<==        Row: 293, 103-WW-5005-B01-0015, 网纹硅胶保护膜, B01, 55.00
<==        Row: 178, 103-WW-55-B01-0015, 55μm蓝色硅胶网纹PET保护膜, B01, 55.00
<==        Row: 177, 103-WW-55-T01-0006, 55μm透明硅胶PET保护膜, T01, 55.00
<==        Row: 305, 103-WW-55-T01-0015, 55μm透明网纹胶带, T01, 55.00
<==        Row: 278, 103-WW-7505-T01-0006, 80μm透明网纹硅胶PET, T01, 80.00
<==        Row: 348, 103-WW-85-T01-0015, 85μm硅胶网纹保护膜, T01, 85.00
<==        Row: 226, 201-R00-2510-C03-0100, 35μm低粘PI极耳胶带, C03, 35.00
<==        Row: 267, 201-R01-2530-C03-1000, 55μm茶色PI胶带, C03, 55.00
<==        Row: 144, 201-R015-2505-C03-0400, 30μm茶色PI极耳胶带, C03, 32.00
<==        Row: 150, 201-R015-2507-C03-0400, 32μm茶色PI极耳胶带, C03, 32.00
<==        Row: 155, 201-R015-2510-C03-0400, 35μm茶色PI极耳胶带, C03, 35.00
<==        Row: 243, 201-R015-2525-C03-0500, 50μm茶色PI极耳胶带, C03, 50.00
<==        Row: 393, 201-R015-2525-C03-0500A, 50μm茶色PI极耳胶带, C03, 50.00
<==        Row: 165, 201-R015-2527-C03-0500, 52μm茶色PI极耳胶带, C03, 55.00
<==        Row: 175, 201-R015-2530-C03-0500, 55μm茶色PI极耳胶带, C03, 55.00
<==        Row: 426, 201-R015-5030-C03-0800, 80μm茶色PI极耳胶带, C03, 80.00
<==        Row: 488, 201-R015-5050-C03-0800, 100μm茶色PI极耳胶带, C03, 100.00
<==        Row: 153, 201-R02-2510-C03-0500, 35μm茶色PI极耳胶带, C03, 35.00
<==        Row: 356, 201-R02-2510-C03-0550, 35μm茶色PI极耳胶带, C03, 35.00
<==        Row: 460, 201-R02-2525-C03-0300, 50μm茶色PI极耳胶带, C03, 50.00
<==        Row: 166, 201-R02-2525-C03-0600, 50μm茶色PI极耳胶带, C03, 50.00
<==        Row: 419, 201-R02-2525-C03-1000, 50μm茶色PI极耳胶带, C03, 50.00
<==        Row: 403, 201-R02-2530-C03-0600, 55μm茶色PI极耳胶带, C03, 55.00
<==        Row: 351, 201-R02-2530-C03-1000, 55μm茶色PI极耳胶带, C03, 55.00
<==        Row: 301, 201-R02-2530-C03-1000A, 55μm茶色PI极耳胶带, C03, 55.00
<==        Row: 268, 201-R02-2530-C03-1200, 55μm茶色PI胶带, C03, 55.00
<==        Row: 302, 201-R02-5050-C03-1000, 100μm茶色PI极耳胶带, C03, 100.00
<==        Row: 454, 201-R04-2510-C03-0700A, 35μm茶色PI极耳胶带, C03, 35.00
<==        Row: 154, 201-R04-2510-C03-0700M, 35μm茶色PI极耳胶带, C03, 35.00
<==        Row: 167, 201-R04-2525-C03-0700, 50μm茶色PI极耳胶带, C03, 50.00
<==        Row: 170, 201-R04-2525-C03-0900M, 50μm茶色PI极耳胶带, C03, 55.00
<==        Row: 174, 201-R04-2530-C03-0900M, 55μm茶色PI胶带, C03, 55.00
<==        Row: 275, 201-R04-2535-C03-0900M, 60μm茶色PI极耳胶带, C03, 60.00
<==        Row: 286, 201-R04-5050-C03-0800, 100μm茶色PI极耳胶带, C03, 100.00
<==        Row: 357, 201-RF-TE50-2525-C03-0900M, 50μm茶色PI抗静电胶带（带离型膜）, C03, 50.00
<==        Row: 579, 201-RO2-2530-C03-1000A, 55μmPI极耳胶带, C03, 55.00
<==        Row: 395, 201-TE50-2525-C03-0900M, 50μm茶色PI极耳胶带, C03, 50.00
<==        Row: 370, 201-TE50-5050-C03-1200, 100μm茶色PI极耳胶带（带离型膜）, C03, 100.00
<==        Row: 379, 201-TE75-2530-C03-1000, 55μm茶色PI极耳胶带（带离型膜）, C03, 55.00
<==        Row: 374, 2011-R02-2125-BK01-1200, 40μm黑色PET胶带, BK01, 40.00
<==        Row: 408, 2011-R02-2325-BK01-1200, 48μm黑色PET胶带, BK01, 48.00
<==        Row: 381, 2011-R02-2525-BK01-0800, 50μm黑色PET胶带, BK01, 50.00
<==        Row: 575, 2011-R02-2525-BK01-1000, 50um 黑色PET胶带（亚克力）, BK01, 0.00
<==        Row: 168, 2011-R02-2525-BK01-1200, 50μm哑黑PET胶带, BK01, 50.00
<==        Row: 376, 2011-R02-2625-BK01-1200, 51μm黑色PET胶带, BK01, 51.00
<==        Row: 425, 2011-R02-2725-BK01-1200, 52μm黑色PET胶带, BK01, 52.00
<==        Row: 389, 2011-R02-2825-BK01-1200, 53μm黑色PET胶带, BK01, 53.00
<==        Row: 423, 2011-R02-7525-BK01-1200, 100μm黑色PET胶带, BK01, 110.00
<==        Row: 378, 2011-R02-7825-BK01-1200, 103μm黑色PET胶带, BK01, 103.00
<==        Row: 422, 202-R02-2020-BK01-1200, 40μm黑色PI胶带, BK01, 40.00
<==        Row: 421, 202-R02-2025-BK01-1200, 45μm黑色PI胶带, BK01, 45.00
<==        Row: 382, 202-R02-2425-BK01-1200, 49μm黑色PI胶带, BK01, 49.00
<==        Row: 407, 202-R02-2525-BK01-1200, 52μm黑色PI胶带, BK01, 52.00
<==        Row: 405, 202-R02-2725-BK01-1200, 52μm黑色PI胶带, BK01, 52.00
<==        Row: 386, 202-R02-2825-BK01-1200, 53μm黑色PI胶带, BK01, 53.00
<==        Row: 383, 202-R02-3222-BK01-1200, 55μm黑色PI胶带, BK01, 55.00
<==        Row: 375, 202-R02-3322-BK01-1200, 55μm黑色PI胶带, BK01, 55.00
<==        Row: 223, 202-TE50-2510-BK01-0500, 35μm哑黑PI胶带-外购, BK01, 35.00
<==        Row: 355, 202-ZR-2530-BK01-1000, 55μm黑色PI阻燃胶带, BK01, 55.00
<==        Row: 169, 202-ZR-R02-2427-BK01-1200, 50μm黑色PI阻燃胶带, BK01, 50.00
<==        Row: 372, 202-ZR-R02-2525-BK01-1200, 50μm黑色PI阻燃胶带, BK01, 50.00
<==        Row: 406, 202-ZR-R02-2530-BK01-1000, 55μm黑色PI阻燃胶带, BK01, 55.00
<==        Row: 418, 202-ZR-R02-2624-BK01-1200, 48μm黑色PI阻燃胶带, BK01, 48.00
<==        Row: 417, 202-ZR-R02-2711-BK01-1200, 38μm黑色PI阻燃胶带, BK01, 38.00
<==        Row: 371, 202-ZR-R02-2812-BK01-1200, 40μm黑色PI阻燃胶带, BK01, 40.00
<==        Row: 431, 205-R02-2525-C03-0800, 50μm茶色PI极耳胶带, C03, 50.00
<==        Row: 228, 301-36-T01-H, 36μm透明BOPP印字胶, T01, 36.00
<==        Row: 231, 301-ML-3010-Y02-0500, 40μm黄色玛拉胶, Y02, 42.00
<==        Row: 135, 301-R02-2505-G02-0200, 30μm翠绿OPP胶带, G02, 30.00
<==        Row: 220, 301-R02-2505-T01-0300, 30um透明OPP终止胶带, T01, 30.00
<==        Row: 151, 301-R02-2507-N01-0400, 32μm灰色BOPP终止胶带, N01, 32.00
<==        Row: 222, 301-R02-2508-G02-0300, 33μm翠绿OPP胶带, G02, 33.00
<==        Row: 232, 301-R02-2814-G02-0300, 42μm翠绿OPP胶带, G02, 42.00
<==        Row: 229, 301-R02-36-G02-0300, 36μm绿色BOPP胶带, G02, 36.00
<==        Row: 179, 301-R02-5015-Y01-0500, 65μm黄色BOPP胶带, Y01, 67.00
<==        Row: 344, 301-RO2-2307-B05-0300, 30μm蓝色BOPP终止胶带, B05, 30.00
<==        Row: 277, 302-R00-3830-N01-1000, 68μm咖啡极耳胶带, N01, 68.00
<==        Row: 180, 302-R00-6012-B01-0015, 72μmBOPP保护膜胶带, B01, 72.00
<==        Row: 181, 302-R00-6012-B01-0025, 72μmBOPP保护膜胶带, B01, 72.00
<==        Row: 195, 302-R00-6012-T01-0025, 72μmBOPP透明胶带, T01, 72.00
<==        Row: 284, 302-R00-6035-N01-1200, 95μm咖啡色BOPP胶带, N01, 95.00
<==        Row: 283, 302-R00-6530-N01-1200, 95μm咖啡色BOPP胶带, N01, 95.00
<==        Row: 429, 302-R02-3830-N01-1000, 68μm咖啡极耳胶带, N01, 68.00
<==        Row: 307, 303-DG-3650-T01-3000, 86μm透明BOOP撕膜胶带, T01, 86.00
<==        Row: 331, 303-DG-5050-T01-3000, 100μm透明撕膜胶带, T01, 100.00
<==        Row: 475, 303-DG-5050-T01-4000, 100μm透明BOPP撕膜胶带, T01, 35.00
<==        Row: 319, 303-DG-5080-T01-4000, 130μm透明撕膜胶带, T01, 50.00
<==        Row: 100, 303-R02-1204-G03-0300, 16μm无机翠绿橡胶胶带, G03, 16.00
<==        Row: 147, 303-R02-2010-G03-0500, 30μm无机翠绿橡胶PET胶带, G03, 30.00
<==        Row: 183, 303-R02-5050-T01-3000, 100μm橡胶PET胶带, T01, 100.00
<==        Row: 309, 303-R03-2525-Y01-1200, 50μm黄色撕膜胶带, Y01, 50.00
<==        Row: 288, 308-R00-140-T01-0600, 140μm美纹纸胶带-外购, T01, 140.00
<==        Row: 578, 4011-1508W-4555-G08-3050, 1508白双面白色PE泡棉（80绿膜）, W01, 800.00
<==        Row: 292, 456-R00-17530-G09/G08-0900, 205um透明PET胶带-外贸, T01, 205.00
<==        Row: 385, 501-100-W01-1100, 100μm白色糯米纸胶带, W01, 100.00
<==        Row: 384, 501-130-W01-1100, 130μm白色糯米纸胶带, W01, 130.00
<==        Row: 400, 501-90-W01-1100, 90μm白色糯米纸胶带, W01, 90.00
<==        Row: 188, 5011-R00-4005-T01-0030, 45μm溶胀胶带, T01, 45.00
<==        Row: 415, 5011-R00-4005-T01-0030H, 45μm透明溶胀数字胶, T01, 48.00
<==        Row: 189, 5011-R00-4005-T01-0050, 45μm溶胀胶带, T01, 45.00
<==        Row: 190, 5011-R00-4010-T01-0050, 50μmOPS溶胀胶带, T01, 50.00
<==        Row: 191, 5011-R00-4010-T01-0100, 50μmOPS溶胀胶带, T01, 50.00
<==        Row: 194, 5011-R00-5010-T01-0050, 60μmOPS溶胀胶带, T01, 60.00
<==        Row: 476, 5012-12T-1012-T01-0400-HG09, 35μm透明PET热熔双面胶, T01, 36.00
<==        Row: 347, 5012-12T-1012-T01-0400-W25, 35μm透明PET热熔双面胶, T01, 35.00
<==        Row: 312, 5012-B25-50-B05-0500, 50μm蓝色热熔PET双面胶, B05, 50.00
<==        Row: 391, 5012-TE12-0805-T01-0300, 25μm透明PET热熔胶, T01, 85.00
<==        Row: 310, 5012-TE12-0805-T01-0300-W25, 25μm热熔PET双面胶, T01, 25.00
<==        Row: 332, 5012-TE12-1012-T01-0400-HG09, 35μm热熔PET双面胶, T01, 35.00
<==        Row: 300, 5012-TE12-25-T01-0300-W25, 25μm热熔PET双面胶, T01, 25.00
<==        Row: 333, 5012-TE12-35-T01-0400-HG09, 35μm热熔PET双面胶, T01, 35.00
<==        Row: 410, 5012-TE20-45-T01-0500-W50, 45μmPET热熔胶带, T01, 45.00
<==        Row: 359, 5012-TE20-48-T01-0010, 48μm透明PET热熔双面胶, T01, 35.00
<==        Row: 435, 5012-TE20-48-T01-0500, 48μm透明PET热熔双面胶, T01, 100.00
<==        Row: 311, 5012-TE20-48-T01-0500-W50, 48μm热熔PET双面胶, T01, 48.00
<==        Row: 192, 5016-R00-4010-T01-0100, 50μmTPU溶胀胶带, T01, 50.00
<==        Row: 289, 801-160-T01-1500, 160μm玻纤胶带-外购, T01, 160.00
<==        Row: 290, 801-R00-13025-T01-0500, 160um纤维布胶带-外贸, T01, 155.00
<==        Row: 291, 801-R00-13035-T01-0700, 165um纤维布胶带-外贸, T01, 165.00
<==        Row: 416, BDJ-R02-11-G01-0300, 11μm翠绿色PET终止胶带, G01, 11.00
<==        Row: 478, C301-36-T01-H, 36μm透明BOPP印字胶带, T01, 60.00
<==        Row: 317, CML-2525-B02-0700, 50μm蓝色玛拉胶带, B02, 50.00
<==        Row: 325, CML-2525-BK01-0800, 50μm黑色马拉胶带, BK01, 50.00
<==        Row: 324, CML-2525-R01-0600, 50μm红色玛拉胶带, R01, 50.00
<==        Row: 342, CML-2525-W01-0600, 50μm白色马拉胶带, W01, 50.00
<==        Row: 493, CS1011-2530-C02-0600, 55μm茶色膜PET硅胶带, C02, 55.00
<==        Row: 368, DY-125-BK01, 125μm黑色保护膜, BK01, 125.00
<==        Row: 367, DY-125-W01, 125μm白色保护膜, W01, 125.00
<==        Row: 341, ETJ-3000A25+25μ（2＋36＋2）, 50μm间隔胶, null, 50.00
<==        Row: 354, ETJ-3000A25+25μ（3＋34＋3）, 50μm间隔胶, null, 50.00
<==        Row: 369, KHJ-35-T01-1000, 35μm透明双面胶, T01, 25.00
<==        Row: 402, KHJ-R03-BK01-45, 45μm黑色印刷胶带, BK01, 45.00
<==        Row: 491, LS53HY, LS53HY, null, 0.00
<==        Row: 257, ML-2525-B02-0700, 50μm蓝色玛拉胶带, B02, 50.00
<==        Row: 255, ML-2525-BK01-0800, 50μm黑色马拉胶带, BK01, 50.00
<==        Row: 258, ML-2525-R01-0600, 50μm红色玛拉胶带, R01, 50.00
<==        Row: 256, ML-2525-Y01-0700, 50μm黄色玛拉胶带, Y01, 50.00
<==        Row: 364, ML-2530-BK01-0800, 55μm黑色PI阻燃胶带, BK01, 55.00
<==        Row: 365, ML-2530-R01-0600, 55μm红色玛拉胶, R01, 55.00
<==        Row: 479, PI胶带-W50, PI胶带-W50, null, 50.00
<==        Row: 487, PT5010A, PT5010A, null, 0.00
<==        Row: 477, PT5010S-15（35u）, PT5010S-15（35u）, null, 35.00
<==        Row: 490, PTS53HY, PTS53HY, null, 0.00
<==        Row: 366, PY-0505W-PET1.0, 1mmPET泡棉胶带, W01, 1000.00
<==        Row: 261, S1011-2525-C02-0600, 50μm茶色膜硅胶带, C02, 50.00
<==        Row: 271, S1011-2530-C02-0600, 55μm茶色膜硅胶带, C02, 50.00
<==        Row: 259, S1011-R00-2525-C02-0600, 50μm茶色膜PET硅胶带, C02, 50.00
<==        Row: 262, S1011-R00-2525-C02-0700, 50μm茶色膜PET硅胶带, C02, 50.00
<==        Row: 270, S1011-R00-2530-C02-0700, 55μm茶色膜PET硅胶带, C02, 50.00
<==        Row: 511, S201-2510-C03-0100, 35μm茶色PI硅胶带, C03, 35.00
<==        Row: 513, S201-2510-C03-0300, 30μmPI硅胶带, C03, 30.00
<==        Row: 263, S201-2525-C03-0600, 50μmPI硅胶, C03, 50.00
<==        Row: 272, S201-2530-C03-0600, 55μmPI硅胶带, C03, 55.00
<==        Row: 227, S201-R00-2510-C03-0300, 35μmPI硅胶带, C03, 35.00
<==        Row: 260, S201-R00-2525-C03-0600, 50μmPI硅胶, C03, 50.00
<==        Row: 269, S201-R00-2530-C03-0600, 55μmPI硅胶, C03, 55.00
<==        Row: 285, S201-R00-5050-C03-0500, 100μm茶色PI硅胶胶带, C03, 100.00
<==        Row: 577, S202-R00-2530-BK01-0500, 55μmPI雅黑硅胶带, BK01, 55.00
<==        Row: 442, TE2010L3A, TE2010L3A, null, 0.00
<==        Row: 480, W-H60-LB, W-H60-LB, null, 0.00
<==        Row: 438, WPTR-L10-80B3, WPTR-L10-80B3, null, null
<==        Row: 489, WPTR-L20-80B3, WPTR-L20-80B3, null, 0.00
<==        Row: 329, ZR-100-W01-1200, 100μm阻燃糯米纸胶带, W01, 100.00
<==        Row: 328, ZR-130-W01-1200, 130μm阻燃糯米纸胶带, W01, 130.00
<==        Row: 387, ZR-90-W01-1200, 90μm白色阻燃糯米纸胶带, W01, 90.00
<==      Total: 383
Closing non transactional SqlSession [org.apache.ibatis.session.defaults.DefaultSqlSession@69737a0e]
Creating a new SqlSession
SqlSession [org.apache.ibatis.session.defaults.DefaultSqlSession@667dd1a0] was not registered for synchronization because synchronization is not active
JDBC Connection [HikariProxyConnection@234550614 wrapping com.mysql.cj.jdbc.ConnectionImpl@3d8a76e5] will not be managed by Spring
==>  Preparing: SELECT * FROM purchase_orders WHERE order_no = ? AND is_deleted = 0 LIMIT 1
==> Parameters: CD26030901(String)
<==    Columns: id, order_no, supplier, supplier_order_no, buyer, handler, contact_name, contact_phone, total_amount, total_area, required_area, thickness, width, order_date, delivery_date, delivery_address, status, remark, created_by, updated_by, created_at, updated_at, is_deleted, reconciliation_status
<==        Row: 1, CD26030901, 佛山杜邦鸿基薄膜有限公司, , null, null, 魏先生, 13800138000, 78000.00, 31200.00, 0.00, null, null, 2026-03-08, 2026-03-11, 广东省佛山市禅城区东鄱南路6号, pending, <<BLOB>>, admin, admin, 2026-03-09 09:05:39, 2026-03-09 09:05:39, 0, null
<==      Total: 1
Closing non transactional SqlSession [org.apache.ibatis.session.defaults.DefaultSqlSession@667dd1a0]
Creating a new SqlSession
SqlSession [org.apache.ibatis.session.defaults.DefaultSqlSession@572dde34] was not registered for synchronization because synchronization is not active
JDBC Connection [HikariProxyConnection@1128798027 wrapping com.mysql.cj.jdbc.ConnectionImpl@3d8a76e5] will not be managed by Spring
==>  Preparing: SELECT id,order_id,material_code,material_name,color_code,purchase_qty,purchase_uom_code,price_qty,price_uom_code,stock_qty,stock_uom_code,conversion_rate,thickness,width,length,rolls,sqm,unit_price,amount,reconciliation_status,remark,created_by,updated_by,created_at,updated_at,is_deleted FROM purchase_order_items WHERE is_deleted=0 AND (order_id = ? AND is_deleted = ?)
==> Parameters: 1(Long), 0(Integer)
<==    Columns: id, order_id, material_code, material_name, color_code, purchase_qty, purchase_uom_code, price_qty, price_uom_code, stock_qty, stock_uom_code, conversion_rate, thickness, width, length, rolls, sqm, unit_price, amount, reconciliation_status, remark, created_by, updated_by, created_at, updated_at, is_deleted
<==        Row: 1, 1, 1011-DGM-7535-T01-0900, 110μm印刷条纹PET胶带, T01, null, null, null, null, null, null, null, 110.0000, 1040.0000, 10000.0000, 3, 31200.00, 2.5000, 78000.00, null, , admin, admin, 2026-03-09 09:05:40, 2026-03-09 09:05:40, 0
<==      Total: 1
Closing non transactional SqlSession [org.apache.ibatis.session.defaults.DefaultSqlSession@572dde34]
Creating a new SqlSession
SqlSession [org.apache.ibatis.session.defaults.DefaultSqlSession@27998475] was not registered for synchronization because synchronization is not active
JDBC Connection [HikariProxyConnection@1257755132 wrapping com.mysql.cj.jdbc.ConnectionImpl@3d8a76e5] will not be managed by Spring
==>  Preparing: SELECT id,receipt_no,purchase_order_no,supplier,contact_name,contact_phone,receive_address,expected_date,received_date,status,reconciliation_status,remark,created_by,updated_by,created_at,updated_at,is_deleted FROM purchase_receipts WHERE is_deleted=0 AND (purchase_order_no = ? AND is_deleted = ?)
==> Parameters: CD26030901(String), 0(Integer)
<==      Total: 0
Closing non transactional SqlSession [org.apache.ibatis.session.defaults.DefaultSqlSession@27998475]
Creating a new SqlSession
SqlSession [org.apache.ibatis.session.defaults.DefaultSqlSession@237c6dc1] was not registered for synchronization because synchronization is not active
JDBC Connection [HikariProxyConnection@121125524 wrapping com.mysql.cj.jdbc.ConnectionImpl@438f0f2] will not be managed by Spring
==>  Preparing: SELECT id,order_no,supplier,supplier_order_no,buyer AS buyerUserId,handler AS handlerUserId,contact_name,contact_phone,total_amount,total_area,required_area,reconciliation_status,thickness,width,order_date,delivery_date,delivery_address,status,remark,created_by,updated_by,created_at,updated_at,is_deleted FROM purchase_orders WHERE is_deleted=0 AND (order_no = ?)
==> Parameters: CD26030901(String)
<==    Columns: id, order_no, supplier, supplier_order_no, buyerUserId, handlerUserId, contact_name, contact_phone, total_amount, total_area, required_area, reconciliation_status, thickness, width, order_date, delivery_date, delivery_address, status, remark, created_by, updated_by, created_at, updated_at, is_deleted
<==        Row: 1, CD26030901, 佛山杜邦鸿基薄膜有限公司, , null, null, 魏先生, 13800138000, 78000.00, 31200.00, 0.00, null, null, null, 2026-03-08, 2026-03-11, 广东省佛山市禅城区东鄱南路6号, pending, <<BLOB>>, admin, admin, 2026-03-09 09:05:39, 2026-03-09 09:05:39, 0
<==      Total: 1
Closing non transactional SqlSession [org.apache.ibatis.session.defaults.DefaultSqlSession@237c6dc1]
Creating a new SqlSession
SqlSession [org.apache.ibatis.session.defaults.DefaultSqlSession@17688ad6] was not registered for synchronization because synchronization is not active
JDBC Connection [HikariProxyConnection@679331222 wrapping com.mysql.cj.jdbc.ConnectionImpl@438f0f2] will not be managed by Spring
==>  Preparing: SELECT id,order_id,material_code,material_name,color_code,purchase_qty,purchase_uom_code,price_qty,price_uom_code,stock_qty,stock_uom_code,conversion_rate,thickness,width,length,rolls,sqm,unit_price,amount,reconciliation_status,remark,created_by,updated_by,created_at,updated_at,is_deleted FROM purchase_order_items WHERE is_deleted=0 AND (order_id = ? AND is_deleted = ?)
==> Parameters: 1(Long), 0(Integer)
<==    Columns: id, order_id, material_code, material_name, color_code, purchase_qty, purchase_uom_code, price_qty, price_uom_code, stock_qty, stock_uom_code, conversion_rate, thickness, width, length, rolls, sqm, unit_price, amount, reconciliation_status, remark, created_by, updated_by, created_at, updated_at, is_deleted
<==        Row: 1, 1, 1011-DGM-7535-T01-0900, 110μm印刷条纹PET胶带, T01, null, null, null, null, null, null, null, 110.0000, 1040.0000, 10000.0000, 3, 31200.00, 2.5000, 78000.00, null, , admin, admin, 2026-03-09 09:05:40, 2026-03-09 09:05:40, 0
<==      Total: 1
Closing non transactional SqlSession [org.apache.ibatis.session.defaults.DefaultSqlSession@17688ad6]
Creating a new SqlSession
SqlSession [org.apache.ibatis.session.defaults.DefaultSqlSession@7b50ec66] was not registered for synchronization because synchronization is not active
JDBC Connection [HikariProxyConnection@675149792 wrapping com.mysql.cj.jdbc.ConnectionImpl@438f0f2] will not be managed by Spring
==>  Preparing: SELECT * FROM tape_spec WHERE material_code = ? LIMIT 1
==> Parameters: 1011-DGM-7535-T01-0900(String)
<==    Columns: id, material_code, product_name, color_code, color_name, base_thickness, base_material, glue_material, glue_thickness, initial_tack_min, initial_tack_max, initial_tack_type, total_thickness, total_thickness_min, total_thickness_max, peel_strength_min, peel_strength_max, peel_strength_type, unwind_force_min, unwind_force_max, unwind_force_type, heat_resistance, heat_resistance_type, remark, status, create_time, update_time, create_by, update_by
<==        Row: 196, 1011-DGM-7535-T01-0900, 110μm印刷条纹PET胶带, T01, 透明, 75.00, PET, 亚克力, 35.00, 3.00, null, gte, 110.00, 105.00, 115.00, 13.00, null, gte, 0.00, 0.00, range, 110.00, gte, null, 1, 2026-02-28 11:16:01, 2026-02-28 12:54:52, admin, admin
<==      Total: 1
Closing non transactional SqlSession [org.apache.ibatis.session.defaults.DefaultSqlSession@7b50ec66]
Creating a new SqlSession
SqlSession [org.apache.ibatis.session.defaults.DefaultSqlSession@17838078] was not registered for synchronization because synchronization is not active
JDBC Connection [HikariProxyConnection@1001936786 wrapping com.mysql.cj.jdbc.ConnectionImpl@16d419da] will not be managed by Spring
==>  Preparing: SELECT id,order_no,supplier,supplier_order_no,buyer AS buyerUserId,handler AS handlerUserId,contact_name,contact_phone,total_amount,total_area,required_area,reconciliation_status,thickness,width,order_date,delivery_date,delivery_address,status,remark,created_by,updated_by,created_at,updated_at,is_deleted FROM purchase_orders WHERE is_deleted=0 AND (order_no = ?)
==> Parameters: CD26030901(String)
<==    Columns: id, order_no, supplier, supplier_order_no, buyerUserId, handlerUserId, contact_name, contact_phone, total_amount, total_area, required_area, reconciliation_status, thickness, width, order_date, delivery_date, delivery_address, status, remark, created_by, updated_by, created_at, updated_at, is_deleted
<==        Row: 1, CD26030901, 佛山杜邦鸿基薄膜有限公司, , null, null, 魏先生, 13800138000, 78000.00, 31200.00, 0.00, null, null, null, 2026-03-08, 2026-03-11, 广东省佛山市禅城区东鄱南路6号, pending, <<BLOB>>, admin, admin, 2026-03-09 09:05:39, 2026-03-09 09:05:39, 0
<==      Total: 1
Closing non transactional SqlSession [org.apache.ibatis.session.defaults.DefaultSqlSession@17838078]
Creating a new SqlSession
SqlSession [org.apache.ibatis.session.defaults.DefaultSqlSession@2c01028d] was not registered for synchronization because synchronization is not active
JDBC Connection [HikariProxyConnection@1442632792 wrapping com.mysql.cj.jdbc.ConnectionImpl@16d419da] will not be managed by Spring
==>  Preparing: SELECT id,order_id,material_code,material_name,color_code,purchase_qty,purchase_uom_code,price_qty,price_uom_code,stock_qty,stock_uom_code,conversion_rate,thickness,width,length,rolls,sqm,unit_price,amount,reconciliation_status,remark,created_by,updated_by,created_at,updated_at,is_deleted FROM purchase_order_items WHERE is_deleted=0 AND (order_id = ? AND is_deleted = ?)
==> Parameters: 1(Long), 0(Integer)
<==    Columns: id, order_id, material_code, material_name, color_code, purchase_qty, purchase_uom_code, price_qty, price_uom_code, stock_qty, stock_uom_code, conversion_rate, thickness, width, length, rolls, sqm, unit_price, amount, reconciliation_status, remark, created_by, updated_by, created_at, updated_at, is_deleted
<==        Row: 1, 1, 1011-DGM-7535-T01-0900, 110μm印刷条纹PET胶带, T01, null, null, null, null, null, null, null, 110.0000, 1040.0000, 10000.0000, 3, 31200.00, 2.5000, 78000.00, null, , admin, admin, 2026-03-09 09:05:40, 2026-03-09 09:05:40, 0
<==      Total: 1
Closing non transactional SqlSession [org.apache.ibatis.session.defaults.DefaultSqlSession@2c01028d]
Creating a new SqlSession
SqlSession [org.apache.ibatis.session.defaults.DefaultSqlSession@3354b6b0] was not registered for synchronization because synchronization is not active
JDBC Connection [HikariProxyConnection@400936765 wrapping com.mysql.cj.jdbc.ConnectionImpl@16d419da] will not be managed by Spring
==>  Preparing: SELECT * FROM tape_spec WHERE material_code = ? LIMIT 1
==> Parameters: 1011-DGM-7535-T01-0900(String)
<==    Columns: id, material_code, product_name, color_code, color_name, base_thickness, base_material, glue_material, glue_thickness, initial_tack_min, initial_tack_max, initial_tack_type, total_thickness, total_thickness_min, total_thickness_max, peel_strength_min, peel_strength_max, peel_strength_type, unwind_force_min, unwind_force_max, unwind_force_type, heat_resistance, heat_resistance_type, remark, status, create_time, update_time, create_by, update_by
<==        Row: 196, 1011-DGM-7535-T01-0900, 110μm印刷条纹PET胶带, T01, 透明, 75.00, PET, 亚克力, 35.00, 3.00, null, gte, 110.00, 105.00, 115.00, 13.00, null, gte, 0.00, 0.00, range, 110.00, gte, null, 1, 2026-02-28 11:16:01, 2026-02-28 12:54:52, admin, admin
<==      Total: 1
Closing non transactional SqlSession [org.apache.ibatis.session.defaults.DefaultSqlSession@3354b6b0]
Creating a new SqlSession
SqlSession [org.apache.ibatis.session.defaults.DefaultSqlSession@2a0ebb94] was not registered for synchronization because synchronization is not active
JDBC Connection [HikariProxyConnection@1099008256 wrapping com.mysql.cj.jdbc.ConnectionImpl@16d419da] will not be managed by Spring
==>  Preparing: SELECT * FROM tape_raw_material WHERE 1=1 ORDER BY sort_order ASC, id DESC LIMIT ?, ?
==> Parameters: 0(Integer), 20(Integer)
<==    Columns: id, material_code, material_name, material_type, unit, spec, sort_order, status
<==        Row: 1, YKLJ0801, 主树脂YKLJ0801, resin, Kg, 亚克力树脂, 1, 1
<==        Row: 2, YSYZ0201, 溶剂YSYZ0201, solvent, Kg, 溶剂, 2, 1
<==        Row: 3, G728-UJ, G728-UJ, additive, Kg, 助剂, 3, 1
<==        Row: 4, 9002, 固化剂9002, curing, Kg, 固化剂, 4, 1
<==        Row: 5, FY-45, 固化剂FY-45, curing, Kg, 固化剂, 5, 1
<==        Row: 6, AJSZ0101, 助剂AJSZ0101, additive, Kg, 需用甲苯稀释20%, 6, 1
<==        Row: 7, DJBHS0301, 助剂DJBHS0301, additive, Kg, 需用异丙醇稀释10%, 7, 1
<==      Total: 7
Closing non transactional SqlSession [org.apache.ibatis.session.defaults.DefaultSqlSession@2a0ebb94]
Creating a new SqlSession
SqlSession [org.apache.ibatis.session.defaults.DefaultSqlSession@3ca87bf8] was not registered for synchronization because synchronization is not active
JDBC Connection [HikariProxyConnection@1482711664 wrapping com.mysql.cj.jdbc.ConnectionImpl@16d419da] will not be managed by Spring
==>  Preparing: SELECT COUNT(*) FROM tape_raw_material WHERE 1=1
==> Parameters: 
<==    Columns: COUNT(*)
<==        Row: 7
<==      Total: 1
Closing non transactional SqlSession [org.apache.ibatis.session.defaults.DefaultSqlSession@3ca87bf8]
Creating a new SqlSession
SqlSession [org.apache.ibatis.session.defaults.DefaultSqlSession@22ec9ae7] was not registered for synchronization because synchronization is not active
JDBC Connection [HikariProxyConnection@1111021000 wrapping com.mysql.cj.jdbc.ConnectionImpl@16d419da] will not be managed by Spring
==>  Preparing: SELECT * FROM tape_raw_material WHERE id = ?
==> Parameters: 1(Long)
<==    Columns: id, material_code, material_name, material_type, unit, spec, sort_order, status
<==        Row: 1, YKLJ0801, 主树脂YKLJ0801, resin, Kg, 亚克力树脂, 1, 1
<==      Total: 1
Closing non transactional SqlSession [org.apache.ibatis.session.defaults.DefaultSqlSession@22ec9ae7]
Creating a new SqlSession
Creating a new SqlSession
Creating a new SqlSession
SqlSession [org.apache.ibatis.session.defaults.DefaultSqlSession@5ec9d087] was not registered for synchronization because synchronization is not active
SqlSession [org.apache.ibatis.session.defaults.DefaultSqlSession@33e1e7b6] was not registered for synchronization because synchronization is not active
SqlSession [org.apache.ibatis.session.defaults.DefaultSqlSession@1f963f2] was not registered for synchronization because synchronization is not active
Creating a new SqlSession
SqlSession [org.apache.ibatis.session.defaults.DefaultSqlSession@409bd7ba] was not registered for synchronization because synchronization is not active
JDBC Connection [HikariProxyConnection@1587112405 wrapping com.mysql.cj.jdbc.ConnectionImpl@438f0f2] will not be managed by Spring
JDBC Connection [HikariProxyConnection@1139269595 wrapping com.mysql.cj.jdbc.ConnectionImpl@3ff7774f] will not be managed by Spring
JDBC Connection [HikariProxyConnection@1648584942 wrapping com.mysql.cj.jdbc.ConnectionImpl@52fb75c2] will not be managed by Spring
==>  Preparing: SELECT id, color_code as code, color_name as name, color_hex as extra FROM tape_color_dict WHERE status = 1 ORDER BY sort_order
==>  Preparing: SELECT id, material_code as code, material_name as name FROM tape_material_dict WHERE material_type = ? AND status = 1 ORDER BY sort_order
==> Parameters: 
==>  Preparing: SELECT id, material_code as code, material_name as name FROM tape_material_dict WHERE material_type = ? AND status = 1 ORDER BY sort_order
==> Parameters: base(String)
==> Parameters: glue(String)
JDBC Connection [HikariProxyConnection@32738373 wrapping com.mysql.cj.jdbc.ConnectionImpl@16d419da] will not be managed by Spring
<==    Columns: id, code, name
<==    Columns: id, code, name
<==    Columns: id, code, name, extra
==>  Preparing: SELECT * FROM tape_spec WHERE 1=1 ORDER BY create_time DESC LIMIT ?, ?
<==        Row: 1, G01, 翠绿, #00CED1
<==        Row: 5, ACRYLIC, 亚克力
<==        Row: 1, PET, PET
<==        Row: 6, SILICONE, 硅胶
<==        Row: 7, RUBBER, 橡胶
<==        Row: 2, G03, 无机翠绿, #008B8B
==> Parameters: 0(Integer), 20(Integer)
<==        Row: 3, B02, 深蓝, #00008B
<==      Total: 3
<==        Row: 2, PI, PI聚酰亚胺
Closing non transactional SqlSession [org.apache.ibatis.session.defaults.DefaultSqlSession@5ec9d087]
<==        Row: 4, B05, 蓝色, #0000FF
<==        Row: 3, PP, PP聚丙烯
<==        Row: 5, R01, 红色, #FF0000
<==        Row: 6, Y01, 黄色, #FFFF00
<==        Row: 4, PVC, PVC
<==        Row: 7, W01, 白色, #FFFFFF
<==      Total: 4
<==        Row: 8, BK01, 黑色, #000000
Closing non transactional SqlSession [org.apache.ibatis.session.defaults.DefaultSqlSession@1f963f2]
<==        Row: 9, T01, 透明, null
<==        Row: 10, B01, 浅蓝, null
<==        Row: 11, B03, 蓝色, null
<==        Row: 12, B04, 蓝色, null
<==        Row: 13, B06, 蓝色, null
<==        Row: 14, B07, 蓝色, null
<==        Row: 15, B08, 蓝色, null
<==        Row: 16, B10, 蓝色, null
<==    Columns: id, material_code, product_name, color_code, color_name, base_thickness, base_material, glue_material, glue_thickness, initial_tack_min, initial_tack_max, initial_tack_type, total_thickness, total_thickness_min, total_thickness_max, peel_strength_min, peel_strength_max, peel_strength_type, unwind_force_min, unwind_force_max, unwind_force_type, heat_resistance, heat_resistance_type, remark, status, create_time, update_time, create_by, update_by
<==        Row: 17, B11, 蓝色, null
<==        Row: 579, 201-RO2-2530-C03-1000A, 55μmPI极耳胶带, C03, 茶色, 25.00, PI, ACRYLIC, 30.00, 0.00, 0.00, range, 55.00, 0.00, 0.00, 0.00, 0.00, range, 0.00, 0.00, range, 0.00, gte, , 1, 2026-04-07 18:05:41, 2026-04-07 18:05:41, admin, null
<==        Row: 18, C01, 茶色, null
<==        Row: 578, 4011-1508W-4555-G08-3050, 1508白双面白色PE泡棉（80绿膜）, W01, 白色, 800.00, , ACRYLIC, 100.00, 0.00, 0.00, range, 800.00, 0.00, 0.00, 0.00, 0.00, range, 0.00, 0.00, range, 0.00, gte, , 1, 2026-04-07 17:49:05, 2026-04-07 17:49:05, admin, null
<==        Row: 19, C01H, 茶色, null
<==        Row: 577, S202-R00-2530-BK01-0500, 55μmPI雅黑硅胶带, BK01, 黑色, 25.00, PI, SILICONE, 30.00, 0.00, 0.00, range, 55.00, 0.00, 0.00, 0.00, 0.00, range, 0.00, 0.00, range, 0.00, gte, , 1, 2026-04-07 10:27:25, 2026-04-07 10:27:25, admin, null
<==        Row: 20, C02, 茶色, null
<==        Row: 21, C02Q, 茶色, null
<==        Row: 576, 1016-R02-2010-B01-0400-90, 30μm蓝色间隙胶带W90, B01, 浅蓝, 20.00, PET, ACRYLIC, 10.00, 0.00, 0.00, range, 30.00, 0.00, 0.00, 0.00, 0.00, range, 0.00, 0.00, range, 0.00, gte, , 1, 2026-04-06 21:48:16, 2026-04-06 21:49:12, admin, admin
<==        Row: 22, C03, 茶色, null
<==        Row: 575, 2011-R02-2525-BK01-1000, 50um 黑色PET胶带（亚克力）, BK01, 黑色, 25.00, PET, ACRYLIC, 25.00, 0.00, 0.00, range, 0.00, 0.00, 0.00, 0.00, 0.00, range, 0.00, 0.00, range, 0.00, gte, , 1, 2026-04-04 08:31:58, 2026-04-04 08:31:58, admin, null
<==        Row: 23, C05, 茶色, null
<==        Row: 570, 1011-R02-2525-C01-1200--XRY, 50μm茶色胶水PET印字胶带, C01, 茶色, 25.00, PET, 亚克力, 25.00, null, null, null, 50.00, null, null, null, null, null, null, null, null, null, null, null, 1, 2026-04-01 19:16:15, 2026-04-01 19:25:30, admin, admin
<==        Row: 24, G02, 翠绿, null
<==        Row: 562, 1011-R02-2010-G01-0350-HCD1-20, 30μm翠绿PET印字胶带（HCD1-20）, G01, 翠绿, 20.00, PET, ACRYLIC, 10.00, 0.00, 0.00, null, 30.00, 0.00, 0.00, 0.00, null, null, 0.00, 0.00, null, 0.00, null, null, 1, 2026-04-01 19:16:13, 2026-04-07 14:07:19, admin, admin
<==        Row: 25, G05, 墨绿, null
<==        Row: 563, 1011-R02-2010-B02-0350-HCD1-20, 30μm蓝色PET印字胶带（HCD1-20）, B02, 深蓝, 20.00, PET, ACRYLIC, 10.00, 0.00, 0.00, null, 30.00, 0.00, 0.00, 0.00, null, null, 0.00, 0.00, null, 0.00, null, null, 1, 2026-04-01 19:16:13, 2026-04-07 14:07:35, admin, admin
<==        Row: 26, G06, 绿色, null
<==        Row: 27, G07, 墨绿, null
<==        Row: 28, G08, 绿色, null
<==        Row: 29, G09, 翠绿, null
<==        Row: 314, 1011-R02-2010-B05-0500, 30μm蓝色PET终止胶带, B05, 蓝色, 20.00, PET, ACRYLIC, 10.00, 0.00, 0.00, range, 30.00, 0.00, 0.00, 0.00, 0.00, range, 0.00, 0.00, range, 0.00, gte, null, 1, 2026-03-30 17:53:33, 2026-04-07 14:08:07, system-auto-sync, admin
<==        Row: 30, G10, 翠绿, null
<==        Row: 301, 201-R02-2530-C03-1000A, 55μm茶色PI极耳胶带, C03, 茶色, 75.00, PET, 亚克力, 30.00, null, null, null, 55.00, null, null, null, null, null, null, null, null, null, null, null, 1, 2026-03-30 17:53:33, 2026-04-01 19:25:24, system-auto-sync, admin
<==        Row: 31, G12, 绿色, null
<==        Row: 300, 5012-TE12-25-T01-0300-W25, 25μm热熔PET双面胶, T01, 透明, 12.00, PET, RUBBER, 13.00, null, null, null, 25.00, null, null, null, null, null, null, null, null, null, null, null, 1, 2026-03-30 17:53:33, 2026-04-01 19:25:24, system-auto-sync, admin
<==        Row: 32, G13, 翠绿, null
<==        Row: 308, 1011-R02-2035-C01H-0800, 55μm深茶色PET胶带, C01H, 茶色, 20.00, PET, ACRYLIC, 35.00, 0.00, 0.00, null, 55.00, 0.00, 0.00, 0.00, null, null, 0.00, 0.00, null, 0.00, null, null, 1, 2026-03-30 17:53:33, 2026-04-07 14:08:44, system-auto-sync, admin
<==        Row: 33, N01, 咖啡色, null
<==        Row: 302, 201-R02-5050-C03-1000, 100μm茶色PI极耳胶带, C03, 茶色, 50.00, PET, 亚克力, 50.00, null, null, null, 100.00, null, null, null, null, null, null, null, null, null, null, null, 1, 2026-03-30 17:53:33, 2026-04-01 19:25:24, system-auto-sync, admin
<==        Row: 34, Y02, 黄色, null
<==        Row: 304, 1011-R02-1503-G01-0200, 18μm翠绿PET终止胶带, G01, 翠绿, 15.00, PET, 亚克力, 3.00, null, null, null, 18.00, null, null, null, null, null, null, null, null, null, null, null, 1, 2026-03-30 17:53:33, 2026-04-01 19:25:24, system-auto-sync, admin
<==      Total: 34
Closing non transactional SqlSession [org.apache.ibatis.session.defaults.DefaultSqlSession@33e1e7b6]
<==        Row: 310, 5012-TE12-0805-T01-0300-W25, 25μm热熔PET双面胶, T01, 透明, 12.00, PET, RUBBER, 13.00, null, null, null, 25.00, null, null, null, null, null, null, null, null, null, null, null, 1, 2026-03-30 17:53:33, 2026-04-01 19:25:25, system-auto-sync, admin
<==        Row: 311, 5012-TE20-48-T01-0500-W50, 48μm热熔PET双面胶, T01, 透明, 20.00, null, null, 0.00, null, null, null, 48.00, null, null, null, null, null, null, null, null, null, null, null, 1, 2026-03-30 17:53:33, 2026-04-01 19:25:25, system-auto-sync, admin
<==        Row: 309, 303-R03-2525-Y01-1200, 50μm黄色撕膜胶带, Y01, 黄色, 25.00, PP, RUBBER, 25.00, 0.00, 0.00, null, 50.00, 0.00, 0.00, 0.00, null, null, 0.00, 0.00, null, 0.00, null, null, 1, 2026-03-30 17:53:33, 2026-04-07 14:02:40, system-auto-sync, admin
<==        Row: 306, 1011-R02-2010-G01-0400, 30μm翠绿PET终止胶带, G01, 翠绿, 0.00, null, null, 0.00, null, null, null, 30.00, null, null, null, null, null, null, null, null, null, null, null, 1, 2026-03-30 17:53:33, 2026-04-01 19:25:29, system-auto-sync, admin
<==        Row: 312, 5012-B25-50-B05-0500, 50μm蓝色热熔PET双面胶, B05, 蓝色, 0.00, null, null, 0.00, null, null, null, 50.00, null, null, null, null, null, null, null, null, null, null, null, 1, 2026-03-30 17:53:33, 2026-04-01 19:25:25, system-auto-sync, admin
<==        Row: 307, 303-DG-3650-T01-3000, 86μm透明BOOP撕膜胶带, T01, 透明, 36.00, PP, RUBBER, 50.00, 0.00, 0.00, range, 86.00, 0.00, 0.00, 0.00, 0.00, range, 0.00, 0.00, range, 0.00, gte, null, 1, 2026-03-30 17:53:33, 2026-04-01 19:16:08, system-auto-sync, admin
<==      Total: 20
Closing non transactional SqlSession [org.apache.ibatis.session.defaults.DefaultSqlSession@409bd7ba]
Creating a new SqlSession
SqlSession [org.apache.ibatis.session.defaults.DefaultSqlSession@304e1c26] was not registered for synchronization because synchronization is not active
JDBC Connection [HikariProxyConnection@704648528 wrapping com.mysql.cj.jdbc.ConnectionImpl@16d419da] will not be managed by Spring
==>  Preparing: SELECT id, color_code as code, color_name as name, remark, color_hex as extra, sort_order, status FROM tape_color_dict WHERE 1=1 AND status = ? ORDER BY sort_order ASC, id ASC
==> Parameters: 1(Integer)
<==    Columns: id, code, name, remark, extra, sort_order, status
<==        Row: 1, G01, 翠绿, null, #00CED1, 1, 1
<==        Row: 2, G03, 无机翠绿, null, #008B8B, 2, 1
<==        Row: 3, B02, 深蓝, null, #00008B, 3, 1
<==        Row: 4, B05, 蓝色, null, #0000FF, 4, 1
<==        Row: 5, R01, 红色, null, #FF0000, 5, 1
<==        Row: 6, Y01, 黄色, null, #FFFF00, 6, 1
<==        Row: 7, W01, 白色, null, #FFFFFF, 7, 1
<==        Row: 8, BK01, 黑色, null, #000000, 8, 1
<==        Row: 9, T01, 透明, , null, 9, 1
<==        Row: 10, B01, 浅蓝, , null, 10, 1
<==        Row: 11, B03, 蓝色, 由tape_spec统计回填颜色名：蓝色, null, 11, 1
<==        Row: 12, B04, 蓝色, 由tape_spec统计回填颜色名：蓝色, null, 12, 1
<==        Row: 13, B06, 蓝色, 由tape_spec统计回填颜色名：蓝色, null, 13, 1
<==        Row: 14, B07, 蓝色, 由tape_spec统计回填颜色名：蓝色, null, 14, 1
<==        Row: 15, B08, 蓝色, 由tape_spec统计回填颜色名：蓝色, null, 15, 1
<==        Row: 16, B10, 蓝色, 由tape_spec统计回填颜色名：蓝色, null, 16, 1
<==        Row: 17, B11, 蓝色, 由tape_spec统计回填颜色名：蓝色, null, 17, 1
<==        Row: 18, C01, 茶色, 由tape_spec统计回填颜色名：茶色, null, 18, 1
<==        Row: 19, C01H, 茶色, 由tape_spec统计回填颜色名：茶色, null, 19, 1
<==        Row: 20, C02, 茶色, 由tape_spec统计回填颜色名：茶色, null, 20, 1
<==        Row: 21, C02Q, 茶色, 由tape_spec统计回填颜色名：茶色, null, 21, 1
<==        Row: 22, C03, 茶色, 由tape_spec统计回填颜色名：茶色, null, 22, 1
<==        Row: 23, C05, 茶色, 由tape_spec统计回填颜色名：茶色, null, 23, 1
<==        Row: 24, G02, 翠绿, 由tape_spec统计回填颜色名：翠绿, null, 24, 1
<==        Row: 25, G05, 墨绿, 由tape_spec统计回填颜色名：墨绿, null, 25, 1
<==        Row: 26, G06, 绿色, 由tape_spec统计回填颜色名：绿色, null, 26, 1
<==        Row: 27, G07, 墨绿, 由tape_spec统计回填颜色名：墨绿, null, 27, 1
<==        Row: 28, G08, 绿色, 按颜色代码前缀G人工补齐：绿色, null, 28, 1
<==        Row: 29, G09, 翠绿, 由tape_spec统计回填颜色名：翠绿, null, 29, 1
<==        Row: 30, G10, 翠绿, 由tape_spec统计回填颜色名：翠绿, null, 30, 1
<==        Row: 31, G12, 绿色, 由tape_spec统计回填颜色名：绿色, null, 31, 1
<==        Row: 32, G13, 翠绿, 由tape_spec统计回填颜色名：翠绿, null, 32, 1
<==        Row: 33, N01, 咖啡色, 由tape_spec统计回填颜色名：咖啡色, null, 33, 1
<==        Row: 34, Y02, 黄色, 由tape_spec统计回填颜色名：黄色, null, 34, 1
<==      Total: 34
Closing non transactional SqlSession [org.apache.ibatis.session.defaults.DefaultSqlSession@304e1c26]
Creating a new SqlSession
SqlSession [org.apache.ibatis.session.defaults.DefaultSqlSession@78197571] was not registered for synchronization because synchronization is not active
JDBC Connection [HikariProxyConnection@831797019 wrapping com.mysql.cj.jdbc.ConnectionImpl@16d419da] will not be managed by Spring
==>  Preparing: SELECT COUNT(*) FROM tape_spec WHERE 1=1
==> Parameters: 
<==    Columns: COUNT(*)
<==        Row: 383
<==      Total: 1
Closing non transactional SqlSession [org.apache.ibatis.session.defaults.DefaultSqlSession@78197571]
Creating a new SqlSession
Creating a new SqlSession
Creating a new SqlSession
Creating a new SqlSession
SqlSession [org.apache.ibatis.session.defaults.DefaultSqlSession@2b9e3972] was not registered for synchronization because synchronization is not active
SqlSession [org.apache.ibatis.session.defaults.DefaultSqlSession@29c944b0] was not registered for synchronization because synchronization is not active
SqlSession [org.apache.ibatis.session.defaults.DefaultSqlSession@27f69bf9] was not registered for synchronization because synchronization is not active
SqlSession [org.apache.ibatis.session.defaults.DefaultSqlSession@322f37b2] was not registered for synchronization because synchronization is not active
JDBC Connection [HikariProxyConnection@404714381 wrapping com.mysql.cj.jdbc.ConnectionImpl@16d419da] will not be managed by Spring
==>  Preparing: SELECT id, material_code as code, material_name as name FROM tape_material_dict WHERE material_type = ? AND status = 1 ORDER BY sort_order
JDBC Connection [HikariProxyConnection@161911283 wrapping com.mysql.cj.jdbc.ConnectionImpl@235fe813] will not be managed by Spring
==> Parameters: base(String)
==>  Preparing: SELECT * FROM tape_spec WHERE 1=1 ORDER BY create_time DESC LIMIT ?, ?
JDBC Connection [HikariProxyConnection@1390325435 wrapping com.mysql.cj.jdbc.ConnectionImpl@52fb75c2] will not be managed by Spring
==> Parameters: 0(Integer), 20(Integer)
JDBC Connection [HikariProxyConnection@1158553307 wrapping com.mysql.cj.jdbc.ConnectionImpl@3d8a76e5] will not be managed by Spring
==>  Preparing: SELECT id, color_code as code, color_name as name, color_hex as extra FROM tape_color_dict WHERE status = 1 ORDER BY sort_order
==>  Preparing: SELECT id, material_code as code, material_name as name FROM tape_material_dict WHERE material_type = ? AND status = 1 ORDER BY sort_order
==> Parameters: 
==> Parameters: glue(String)
<==    Columns: id, code, name
<==        Row: 1, PET, PET
<==        Row: 2, PI, PI聚酰亚胺
<==        Row: 3, PP, PP聚丙烯
<==        Row: 4, PVC, PVC
<==      Total: 4
Closing non transactional SqlSession [org.apache.ibatis.session.defaults.DefaultSqlSession@2b9e3972]
<==    Columns: id, material_code, product_name, color_code, color_name, base_thickness, base_material, glue_material, glue_thickness, initial_tack_min, initial_tack_max, initial_tack_type, total_thickness, total_thickness_min, total_thickness_max, peel_strength_min, peel_strength_max, peel_strength_type, unwind_force_min, unwind_force_max, unwind_force_type, heat_resistance, heat_resistance_type, remark, status, create_time, update_time, create_by, update_by
<==        Row: 579, 201-RO2-2530-C03-1000A, 55μmPI极耳胶带, C03, 茶色, 25.00, PI, ACRYLIC, 30.00, 0.00, 0.00, range, 55.00, 0.00, 0.00, 0.00, 0.00, range, 0.00, 0.00, range, 0.00, gte, , 1, 2026-04-07 18:05:41, 2026-04-07 18:05:41, admin, null
<==    Columns: id, code, name, extra
<==        Row: 578, 4011-1508W-4555-G08-3050, 1508白双面白色PE泡棉（80绿膜）, W01, 白色, 800.00, , ACRYLIC, 100.00, 0.00, 0.00, range, 800.00, 0.00, 0.00, 0.00, 0.00, range, 0.00, 0.00, range, 0.00, gte, , 1, 2026-04-07 17:49:05, 2026-04-07 17:49:05, admin, null
<==    Columns: id, code, name
<==        Row: 5, ACRYLIC, 亚克力
<==        Row: 1, G01, 翠绿, #00CED1
<==        Row: 6, SILICONE, 硅胶
<==        Row: 577, S202-R00-2530-BK01-0500, 55μmPI雅黑硅胶带, BK01, 黑色, 25.00, PI, SILICONE, 30.00, 0.00, 0.00, range, 55.00, 0.00, 0.00, 0.00, 0.00, range, 0.00, 0.00, range, 0.00, gte, , 1, 2026-04-07 10:27:25, 2026-04-07 10:27:25, admin, null
<==        Row: 7, RUBBER, 橡胶
<==        Row: 2, G03, 无机翠绿, #008B8B
<==      Total: 3
<==        Row: 3, B02, 深蓝, #00008B
<==        Row: 576, 1016-R02-2010-B01-0400-90, 30μm蓝色间隙胶带W90, B01, 浅蓝, 20.00, PET, ACRYLIC, 10.00, 0.00, 0.00, range, 30.00, 0.00, 0.00, 0.00, 0.00, range, 0.00, 0.00, range, 0.00, gte, , 1, 2026-04-06 21:48:16, 2026-04-06 21:49:12, admin, admin
Closing non transactional SqlSession [org.apache.ibatis.session.defaults.DefaultSqlSession@322f37b2]
<==        Row: 575, 2011-R02-2525-BK01-1000, 50um 黑色PET胶带（亚克力）, BK01, 黑色, 25.00, PET, ACRYLIC, 25.00, 0.00, 0.00, range, 0.00, 0.00, 0.00, 0.00, 0.00, range, 0.00, 0.00, range, 0.00, gte, , 1, 2026-04-04 08:31:58, 2026-04-04 08:31:58, admin, null
<==        Row: 4, B05, 蓝色, #0000FF
<==        Row: 570, 1011-R02-2525-C01-1200--XRY, 50μm茶色胶水PET印字胶带, C01, 茶色, 25.00, PET, 亚克力, 25.00, null, null, null, 50.00, null, null, null, null, null, null, null, null, null, null, null, 1, 2026-04-01 19:16:15, 2026-04-01 19:25:30, admin, admin
<==        Row: 5, R01, 红色, #FF0000
<==        Row: 562, 1011-R02-2010-G01-0350-HCD1-20, 30μm翠绿PET印字胶带（HCD1-20）, G01, 翠绿, 20.00, PET, ACRYLIC, 10.00, 0.00, 0.00, null, 30.00, 0.00, 0.00, 0.00, null, null, 0.00, 0.00, null, 0.00, null, null, 1, 2026-04-01 19:16:13, 2026-04-07 14:07:19, admin, admin
<==        Row: 6, Y01, 黄色, #FFFF00
<==        Row: 563, 1011-R02-2010-B02-0350-HCD1-20, 30μm蓝色PET印字胶带（HCD1-20）, B02, 深蓝, 20.00, PET, ACRYLIC, 10.00, 0.00, 0.00, null, 30.00, 0.00, 0.00, 0.00, null, null, 0.00, 0.00, null, 0.00, null, null, 1, 2026-04-01 19:16:13, 2026-04-07 14:07:35, admin, admin
<==        Row: 7, W01, 白色, #FFFFFF
<==        Row: 8, BK01, 黑色, #000000
<==        Row: 314, 1011-R02-2010-B05-0500, 30μm蓝色PET终止胶带, B05, 蓝色, 20.00, PET, ACRYLIC, 10.00, 0.00, 0.00, range, 30.00, 0.00, 0.00, 0.00, 0.00, range, 0.00, 0.00, range, 0.00, gte, null, 1, 2026-03-30 17:53:33, 2026-04-07 14:08:07, system-auto-sync, admin
<==        Row: 9, T01, 透明, null
<==        Row: 301, 201-R02-2530-C03-1000A, 55μm茶色PI极耳胶带, C03, 茶色, 75.00, PET, 亚克力, 30.00, null, null, null, 55.00, null, null, null, null, null, null, null, null, null, null, null, 1, 2026-03-30 17:53:33, 2026-04-01 19:25:24, system-auto-sync, admin
<==        Row: 10, B01, 浅蓝, null
<==        Row: 300, 5012-TE12-25-T01-0300-W25, 25μm热熔PET双面胶, T01, 透明, 12.00, PET, RUBBER, 13.00, null, null, null, 25.00, null, null, null, null, null, null, null, null, null, null, null, 1, 2026-03-30 17:53:33, 2026-04-01 19:25:24, system-auto-sync, admin
<==        Row: 11, B03, 蓝色, null
<==        Row: 308, 1011-R02-2035-C01H-0800, 55μm深茶色PET胶带, C01H, 茶色, 20.00, PET, ACRYLIC, 35.00, 0.00, 0.00, null, 55.00, 0.00, 0.00, 0.00, null, null, 0.00, 0.00, null, 0.00, null, null, 1, 2026-03-30 17:53:33, 2026-04-07 14:08:44, system-auto-sync, admin
<==        Row: 12, B04, 蓝色, null
<==        Row: 302, 201-R02-5050-C03-1000, 100μm茶色PI极耳胶带, C03, 茶色, 50.00, PET, 亚克力, 50.00, null, null, null, 100.00, null, null, null, null, null, null, null, null, null, null, null, 1, 2026-03-30 17:53:33, 2026-04-01 19:25:24, system-auto-sync, admin
<==        Row: 13, B06, 蓝色, null
<==        Row: 304, 1011-R02-1503-G01-0200, 18μm翠绿PET终止胶带, G01, 翠绿, 15.00, PET, 亚克力, 3.00, null, null, null, 18.00, null, null, null, null, null, null, null, null, null, null, null, 1, 2026-03-30 17:53:33, 2026-04-01 19:25:24, system-auto-sync, admin
<==        Row: 14, B07, 蓝色, null
<==        Row: 310, 5012-TE12-0805-T01-0300-W25, 25μm热熔PET双面胶, T01, 透明, 12.00, PET, RUBBER, 13.00, null, null, null, 25.00, null, null, null, null, null, null, null, null, null, null, null, 1, 2026-03-30 17:53:33, 2026-04-01 19:25:25, system-auto-sync, admin
<==        Row: 15, B08, 蓝色, null
<==        Row: 311, 5012-TE20-48-T01-0500-W50, 48μm热熔PET双面胶, T01, 透明, 20.00, null, null, 0.00, null, null, null, 48.00, null, null, null, null, null, null, null, null, null, null, null, 1, 2026-03-30 17:53:33, 2026-04-01 19:25:25, system-auto-sync, admin
<==        Row: 16, B10, 蓝色, null
<==        Row: 17, B11, 蓝色, null
<==        Row: 309, 303-R03-2525-Y01-1200, 50μm黄色撕膜胶带, Y01, 黄色, 25.00, PP, RUBBER, 25.00, 0.00, 0.00, null, 50.00, 0.00, 0.00, 0.00, null, null, 0.00, 0.00, null, 0.00, null, null, 1, 2026-03-30 17:53:33, 2026-04-07 14:02:40, system-auto-sync, admin
<==        Row: 18, C01, 茶色, null
<==        Row: 19, C01H, 茶色, null
<==        Row: 20, C02, 茶色, null
<==        Row: 21, C02Q, 茶色, null
<==        Row: 306, 1011-R02-2010-G01-0400, 30μm翠绿PET终止胶带, G01, 翠绿, 0.00, null, null, 0.00, null, null, null, 30.00, null, null, null, null, null, null, null, null, null, null, null, 1, 2026-03-30 17:53:33, 2026-04-01 19:25:29, system-auto-sync, admin
<==        Row: 22, C03, 茶色, null
<==        Row: 312, 5012-B25-50-B05-0500, 50μm蓝色热熔PET双面胶, B05, 蓝色, 0.00, null, null, 0.00, null, null, null, 50.00, null, null, null, null, null, null, null, null, null, null, null, 1, 2026-03-30 17:53:33, 2026-04-01 19:25:25, system-auto-sync, admin
<==        Row: 23, C05, 茶色, null
<==        Row: 24, G02, 翠绿, null
<==        Row: 25, G05, 墨绿, null
<==        Row: 307, 303-DG-3650-T01-3000, 86μm透明BOOP撕膜胶带, T01, 透明, 36.00, PP, RUBBER, 50.00, 0.00, 0.00, range, 86.00, 0.00, 0.00, 0.00, 0.00, range, 0.00, 0.00, range, 0.00, gte, null, 1, 2026-03-30 17:53:33, 2026-04-01 19:16:08, system-auto-sync, admin
<==        Row: 26, G06, 绿色, null
<==        Row: 27, G07, 墨绿, null
<==        Row: 28, G08, 绿色, null
<==      Total: 20
<==        Row: 29, G09, 翠绿, null
Closing non transactional SqlSession [org.apache.ibatis.session.defaults.DefaultSqlSession@29c944b0]
<==        Row: 30, G10, 翠绿, null
Creating a new SqlSession
<==        Row: 31, G12, 绿色, null
SqlSession [org.apache.ibatis.session.defaults.DefaultSqlSession@57aa6714] was not registered for synchronization because synchronization is not active
<==        Row: 32, G13, 翠绿, null
JDBC Connection [HikariProxyConnection@1291739078 wrapping com.mysql.cj.jdbc.ConnectionImpl@235fe813] will not be managed by Spring
==>  Preparing: SELECT id, color_code as code, color_name as name, remark, color_hex as extra, sort_order, status FROM tape_color_dict WHERE 1=1 AND status = ? ORDER BY sort_order ASC, id ASC
<==        Row: 33, N01, 咖啡色, null
<==        Row: 34, Y02, 黄色, null
==> Parameters: 1(Integer)
<==      Total: 34
Closing non transactional SqlSession [org.apache.ibatis.session.defaults.DefaultSqlSession@27f69bf9]
<==    Columns: id, code, name, remark, extra, sort_order, status
<==        Row: 1, G01, 翠绿, null, #00CED1, 1, 1
<==        Row: 2, G03, 无机翠绿, null, #008B8B, 2, 1
<==        Row: 3, B02, 深蓝, null, #00008B, 3, 1
<==        Row: 4, B05, 蓝色, null, #0000FF, 4, 1
<==        Row: 5, R01, 红色, null, #FF0000, 5, 1
<==        Row: 6, Y01, 黄色, null, #FFFF00, 6, 1
<==        Row: 7, W01, 白色, null, #FFFFFF, 7, 1
<==        Row: 8, BK01, 黑色, null, #000000, 8, 1
<==        Row: 9, T01, 透明, , null, 9, 1
<==        Row: 10, B01, 浅蓝, , null, 10, 1
<==        Row: 11, B03, 蓝色, 由tape_spec统计回填颜色名：蓝色, null, 11, 1
<==        Row: 12, B04, 蓝色, 由tape_spec统计回填颜色名：蓝色, null, 12, 1
<==        Row: 13, B06, 蓝色, 由tape_spec统计回填颜色名：蓝色, null, 13, 1
<==        Row: 14, B07, 蓝色, 由tape_spec统计回填颜色名：蓝色, null, 14, 1
<==        Row: 15, B08, 蓝色, 由tape_spec统计回填颜色名：蓝色, null, 15, 1
<==        Row: 16, B10, 蓝色, 由tape_spec统计回填颜色名：蓝色, null, 16, 1
<==        Row: 17, B11, 蓝色, 由tape_spec统计回填颜色名：蓝色, null, 17, 1
<==        Row: 18, C01, 茶色, 由tape_spec统计回填颜色名：茶色, null, 18, 1
<==        Row: 19, C01H, 茶色, 由tape_spec统计回填颜色名：茶色, null, 19, 1
<==        Row: 20, C02, 茶色, 由tape_spec统计回填颜色名：茶色, null, 20, 1
<==        Row: 21, C02Q, 茶色, 由tape_spec统计回填颜色名：茶色, null, 21, 1
<==        Row: 22, C03, 茶色, 由tape_spec统计回填颜色名：茶色, null, 22, 1
<==        Row: 23, C05, 茶色, 由tape_spec统计回填颜色名：茶色, null, 23, 1
<==        Row: 24, G02, 翠绿, 由tape_spec统计回填颜色名：翠绿, null, 24, 1
<==        Row: 25, G05, 墨绿, 由tape_spec统计回填颜色名：墨绿, null, 25, 1
<==        Row: 26, G06, 绿色, 由tape_spec统计回填颜色名：绿色, null, 26, 1
<==        Row: 27, G07, 墨绿, 由tape_spec统计回填颜色名：墨绿, null, 27, 1
<==        Row: 28, G08, 绿色, 按颜色代码前缀G人工补齐：绿色, null, 28, 1
<==        Row: 29, G09, 翠绿, 由tape_spec统计回填颜色名：翠绿, null, 29, 1
<==        Row: 30, G10, 翠绿, 由tape_spec统计回填颜色名：翠绿, null, 30, 1
<==        Row: 31, G12, 绿色, 由tape_spec统计回填颜色名：绿色, null, 31, 1
<==        Row: 32, G13, 翠绿, 由tape_spec统计回填颜色名：翠绿, null, 32, 1
<==        Row: 33, N01, 咖啡色, 由tape_spec统计回填颜色名：咖啡色, null, 33, 1
<==        Row: 34, Y02, 黄色, 由tape_spec统计回填颜色名：黄色, null, 34, 1
<==      Total: 34
Closing non transactional SqlSession [org.apache.ibatis.session.defaults.DefaultSqlSession@57aa6714]
Creating a new SqlSession
SqlSession [org.apache.ibatis.session.defaults.DefaultSqlSession@6054c3ab] was not registered for synchronization because synchronization is not active
JDBC Connection [HikariProxyConnection@1690471026 wrapping com.mysql.cj.jdbc.ConnectionImpl@235fe813] will not be managed by Spring
==>  Preparing: SELECT COUNT(*) FROM tape_spec WHERE 1=1
==> Parameters: 
<==    Columns: COUNT(*)
<==        Row: 383
<==      Total: 1
Closing non transactional SqlSession [org.apache.ibatis.session.defaults.DefaultSqlSession@6054c3ab]
Creating a new SqlSession
SqlSession [org.apache.ibatis.session.defaults.DefaultSqlSession@3b32d3d8] was not registered for synchronization because synchronization is not active
JDBC Connection [HikariProxyConnection@419423263 wrapping com.mysql.cj.jdbc.ConnectionImpl@16d419da] will not be managed by Spring
==>  Preparing: SELECT * FROM tape_raw_material WHERE id = ?
==> Parameters: 1(Long)
<==    Columns: id, material_code, material_name, material_type, unit, spec, sort_order, status
<==        Row: 1, YKLJ0801, 主树脂YKLJ0801, resin, Kg, 亚克力树脂, 1, 1
<==      Total: 1
Closing non transactional SqlSession [org.apache.ibatis.session.defaults.DefaultSqlSession@3b32d3d8]
Creating a new SqlSession
SqlSession [org.apache.ibatis.session.defaults.DefaultSqlSession@5cf89186] was not registered for synchronization because synchronization is not active
JDBC Connection [HikariProxyConnection@496469342 wrapping com.mysql.cj.jdbc.ConnectionImpl@3ff7774f] will not be managed by Spring
==>  Preparing: SELECT * FROM tape_raw_material WHERE id = ?
==> Parameters: 1(Long)
<==    Columns: id, material_code, material_name, material_type, unit, spec, sort_order, status
<==        Row: 1, YKLJ0801, 主树脂YKLJ0801, resin, Kg, 亚克力树脂, 1, 1
<==      Total: 1
Closing non transactional SqlSession [org.apache.ibatis.session.defaults.DefaultSqlSession@5cf89186]
Creating a new SqlSession
SqlSession [org.apache.ibatis.session.defaults.DefaultSqlSession@33305c01] was not registered for synchronization because synchronization is not active
JDBC Connection [HikariProxyConnection@1774167740 wrapping com.mysql.cj.jdbc.ConnectionImpl@16d419da] will not be managed by Spring
==>  Preparing: SELECT * FROM tape_raw_material WHERE id = ?
==> Parameters: 2(Long)
<==    Columns: id, material_code, material_name, material_type, unit, spec, sort_order, status
<==        Row: 2, YSYZ0201, 溶剂YSYZ0201, solvent, Kg, 溶剂, 2, 1
<==      Total: 1
Closing non transactional SqlSession [org.apache.ibatis.session.defaults.DefaultSqlSession@33305c01]
eyJhbGciOiJIUzI1NiJ9.eyJqdGkiOiI3NjQ0ZDUxYWRiZTI0Mjc5YTRjNWRhMzliY2M4MWZiMyIsInN1YiI6IjEiLCJpc3MiOiJzZyIsImlhdCI6MTc3NTU3MjQyMiwiZXhwIjoxNzc1OTMyNDIyfQ.Wuz0qofkxFUbE9nRVYyu3EYyzwAESWWqprJ7vT24w6s这是传进来的token
Creating a new SqlSession
SqlSession [org.apache.ibatis.session.defaults.DefaultSqlSession@74cf1d06] was not registered for synchronization because synchronization is not active
JDBC Connection [HikariProxyConnection@986266144 wrapping com.mysql.cj.jdbc.ConnectionImpl@35aab7d1] will not be managed by Spring
==>  Preparing: SELECT r.name FROM roles r INNER JOIN user_roles ur ON r.id = ur.role_id WHERE ur.user_id = ?
==> Parameters: 1(Long)
<==    Columns: name
<==        Row: admin
<==      Total: 1
Closing non transactional SqlSession [org.apache.ibatis.session.defaults.DefaultSqlSession@74cf1d06]
com.fine.Utils.ResponseResult@64f1b554
Creating a new SqlSession
SqlSession [org.apache.ibatis.session.defaults.DefaultSqlSession@40a3adca] was not registered for synchronization because synchronization is not active
JDBC Connection [HikariProxyConnection@27213828 wrapping com.mysql.cj.jdbc.ConnectionImpl@3ff7774f] will not be managed by Spring
==>  Preparing: SELECT * FROM tape_raw_material WHERE 1=1 ORDER BY sort_order ASC, id DESC LIMIT ?, ?
==> Parameters: 0(Integer), 20(Integer)
<==    Columns: id, material_code, material_name, material_type, unit, spec, sort_order, status
<==        Row: 1, YKLJ0801, 主树脂YKLJ0801, resin, Kg, 亚克力树脂, 1, 1
<==        Row: 2, YSYZ0201, 溶剂YSYZ0201, solvent, Kg, 溶剂, 2, 1
<==        Row: 3, G728-UJ, G728-UJ, additive, Kg, 助剂, 3, 1
<==        Row: 4, 9002, 固化剂9002, curing, Kg, 固化剂, 4, 1
<==        Row: 5, FY-45, 固化剂FY-45, curing, Kg, 固化剂, 5, 1
<==        Row: 6, AJSZ0101, 助剂AJSZ0101, additive, Kg, 需用甲苯稀释20%, 6, 1
<==        Row: 7, DJBHS0301, 助剂DJBHS0301, additive, Kg, 需用异丙醇稀释10%, 7, 1
<==      Total: 7
Closing non transactional SqlSession [org.apache.ibatis.session.defaults.DefaultSqlSession@40a3adca]
Creating a new SqlSession
SqlSession [org.apache.ibatis.session.defaults.DefaultSqlSession@49d4794f] was not registered for synchronization because synchronization is not active
JDBC Connection [HikariProxyConnection@348405826 wrapping com.mysql.cj.jdbc.ConnectionImpl@3ff7774f] will not be managed by Spring
==>  Preparing: SELECT COUNT(*) FROM tape_raw_material WHERE 1=1
==> Parameters: 
<==    Columns: COUNT(*)
<==        Row: 7
<==      Total: 1
Closing non transactional SqlSession [org.apache.ibatis.session.defaults.DefaultSqlSession@49d4794f]
Creating a new SqlSession
Creating a new SqlSession
Creating a new SqlSession
Creating a new SqlSession
SqlSession [org.apache.ibatis.session.defaults.DefaultSqlSession@63c2f752] was not registered for synchronization because synchronization is not active
SqlSession [org.apache.ibatis.session.defaults.DefaultSqlSession@3d773a19] was not registered for synchronization because synchronization is not active
SqlSession [org.apache.ibatis.session.defaults.DefaultSqlSession@555d198f] was not registered for synchronization because synchronization is not active
SqlSession [org.apache.ibatis.session.defaults.DefaultSqlSession@2066faec] was not registered for synchronization because synchronization is not active
JDBC Connection [HikariProxyConnection@613886103 wrapping com.mysql.cj.jdbc.ConnectionImpl@3ff7774f] will not be managed by Spring
==>  Preparing: SELECT id, material_code, product_name, color_code, total_thickness FROM tape_spec WHERE status = 1 ORDER BY material_code
JDBC Connection [HikariProxyConnection@664414472 wrapping com.mysql.cj.jdbc.ConnectionImpl@52fb75c2] will not be managed by Spring
==> Parameters: 
==>  Preparing: SELECT * FROM tape_raw_material WHERE status = 1 ORDER BY sort_order
==> Parameters: 
JDBC Connection [HikariProxyConnection@1682594370 wrapping com.mysql.cj.jdbc.ConnectionImpl@16d419da] will not be managed by Spring
==>  Preparing: SELECT COUNT(*) AS total FROM purchase_suppliers WHERE is_deleted = 0 AND (is_deleted = ?)
==> Parameters: 0(Integer)
JDBC Connection [HikariProxyConnection@664999683 wrapping com.mysql.cj.jdbc.ConnectionImpl@3d8a76e5] will not be managed by Spring
==>  Preparing: SELECT COUNT(*) AS total FROM purchase_orders po WHERE po.is_deleted = 0
==> Parameters: 
<==    Columns: id, material_code, material_name, material_type, unit, spec, sort_order, status
<==    Columns: total
<==        Row: 1
<==        Row: 1, YKLJ0801, 主树脂YKLJ0801, resin, Kg, 亚克力树脂, 1, 1
<==      Total: 1
<==        Row: 2, YSYZ0201, 溶剂YSYZ0201, solvent, Kg, 溶剂, 2, 1
<==        Row: 3, G728-UJ, G728-UJ, additive, Kg, 助剂, 3, 1
==>  Preparing: SELECT id,supplier_code,supplier_name,short_name,primary_contact_name,primary_contact_mobile,contact_email,contact_address,tax_no,bank_name,bank_account,status,remark,created_by,updated_by,created_at,updated_at,is_deleted FROM purchase_suppliers WHERE is_deleted=0 AND (is_deleted = ?) ORDER BY created_at DESC LIMIT ?
<==        Row: 4, 9002, 固化剂9002, curing, Kg, 固化剂, 4, 1
==> Parameters: 0(Integer), 1000(Long)
<==        Row: 5, FY-45, 固化剂FY-45, curing, Kg, 固化剂, 5, 1
<==        Row: 6, AJSZ0101, 助剂AJSZ0101, additive, Kg, 需用甲苯稀释20%, 6, 1
<==        Row: 7, DJBHS0301, 助剂DJBHS0301, additive, Kg, 需用异丙醇稀释10%, 7, 1
<==    Columns: total
<==        Row: 1
<==      Total: 7
<==      Total: 1
Closing non transactional SqlSession [org.apache.ibatis.session.defaults.DefaultSqlSession@2066faec]
==>  Preparing: SELECT po.id, po.order_no, po.supplier, po.supplier_order_no, po.buyer AS buyerUserId, po.handler AS handlerUserId, po.contact_name, po.contact_phone, po.total_amount, po.total_area, po.required_area, po.thickness, po.width, po.order_date, po.delivery_date, po.delivery_address, po.status, po.remark, po.created_by, po.updated_by, po.created_at, po.updated_at, po.is_deleted, COALESCE(bu.real_name, '') AS buyerUserName, COALESCE(hu.real_name, '') AS handlerUserName FROM purchase_orders po LEFT JOIN customers c ON po.supplier COLLATE utf8mb4_unicode_ci = c.customer_code COLLATE utf8mb4_unicode_ci LEFT JOIN users bu ON po.buyer = bu.id LEFT JOIN users hu ON po.handler = hu.id WHERE po.is_deleted = 0 ORDER BY po.created_at DESC LIMIT ?
==> Parameters: 10(Long)
<==    Columns: id, supplier_code, supplier_name, short_name, primary_contact_name, primary_contact_mobile, contact_email, contact_address, tax_no, bank_name, bank_account, status, remark, created_by, updated_by, created_at, updated_at, is_deleted
<==        Row: 1, SUP-001, 佛山杜邦鸿基薄膜有限公司, 杜邦, 魏先生, 13800138000, Minnie-Y.M.Zhang@chn.dupont.com, 广东省佛山市禅城区东鄱南路6号, 91440300XXXXXX, 中国银行深圳分行, 622202***********, active, , null, null, 2026-03-09 07:34:11, 2026-03-09 07:34:11, 0
<==      Total: 1
Closing non transactional SqlSession [org.apache.ibatis.session.defaults.DefaultSqlSession@3d773a19]
<==    Columns: id, order_no, supplier, supplier_order_no, buyerUserId, handlerUserId, contact_name, contact_phone, total_amount, total_area, required_area, thickness, width, order_date, delivery_date, delivery_address, status, remark, created_by, updated_by, created_at, updated_at, is_deleted, buyerUserName, handlerUserName
<==        Row: 1, CD26030901, 佛山杜邦鸿基薄膜有限公司, , null, null, 魏先生, 13800138000, 78000.00, 31200.00, 0.00, null, null, 2026-03-08, 2026-03-11, 广东省佛山市禅城区东鄱南路6号, pending, <<BLOB>>, admin, admin, 2026-03-09 09:05:39, 2026-03-09 09:05:39, 0, , 
<==      Total: 1
Closing non transactional SqlSession [org.apache.ibatis.session.defaults.DefaultSqlSession@63c2f752]
<==    Columns: id, material_code, product_name, color_code, total_thickness
<==        Row: 196, 1011-DGM-7535-T01-0900, 110μm印刷条纹PET胶带, T01, 110.00
<==        Row: 502, 1011-DGM25-2525-B01-0900, 50μm蓝色PET胶带, B01, 50.00
<==        Row: 264, 1011-R01-2525-C02-1200cyzy, 50μm茶色膜印字胶带, C02, 50.00
<==        Row: 245, 1011-R015-2525-C02-0900, 50μm茶色膜PET胶带, C02, 50.00
<==        Row: 10, 1011-R02-0903-B05-0300, 12μm蓝色PET终止胶带, B05, 12.00
<==        Row: 9, 1011-R02-0903-G03-0300, 12μm无机翠绿PET胶带, G03, 12.00
<==        Row: 336, 1011-R02-0903-G03-0300H, 12μm无机翠绿PET数字终止胶带, G03, 12.00
<==        Row: 394, 1011-R02-1204-B05-0300, 16μm蓝色PET终止胶带, B05, 16.00
<==        Row: 102, 1011-R02-1204-G01-0300, 16μm翠绿PET胶带, G01, 16.00
<==        Row: 103, 1011-R02-1204-G03-0200, 16μm无机翠绿PET胶带, G03, 16.00
<==        Row: 101, 1011-R02-1204-G03-0300, 16u无机翠绿PET胶带, G03, 16.00
<==        Row: 337, 1011-R02-1204-G03-0300H, 16μm无机翠绿PET数字终止胶带, G03, 16.00
<==        Row: 303, 1011-R02-1204-G03-0500, 16μm绿色PET终止胶带, G03, 16.00
<==        Row: 118, 1011-R02-1210-B05-0450, 22μm蓝色PET终止胶带, B05, 22.00
<==        Row: 104, 1011-R02-1502-B02-0300, 17μm深蓝PET终止胶带, B02, 17.00
<==        Row: 107, 1011-R02-1503-B05-0200H, 18μ蓝色数字PET终止胶带, B05, 18.00
<==        Row: 304, 1011-R02-1503-G01-0200, 18μm翠绿PET终止胶带, G01, 18.00
<==        Row: 105, 1011-R02-1503-G01-0200H, 18μm翠绿数字PET胶带, G01, 18.00
<==        Row: 106, 1011-R02-1503-G06-0300, 18μm草绿PET胶带, G01, 18.00
<==        Row: 109, 1011-R02-1506-C01-0100, 21μm茶色胶水PET胶带, C01, 21.00
<==        Row: 432, 1011-R02-1506-C01-0100H, 21μm茶色胶水PET印字胶带, C01, 21.00
<==        Row: 110, 1011-R02-1506-C01-0300, 21μm茶色胶水PET胶带, C01, 21.00
<==        Row: 108, 1011-R02-1506-G01-0100, 21μm翠绿低粘PET胶带, G01, 21.00
<==        Row: 373, 1011-R02-1506-G01-0100H, 21μm翠绿低粘PET数字胶带, G01, 21.00
<==        Row: 113, 1011-R02-1506-G01-0300H, 21μm翠绿数字PET胶带, G01, 21.00
<==        Row: 111, 1011-R02-1506-G01-0350, 21μm翠绿PET胶带, G01, 21.00
<==        Row: 112, 1011-R02-1506-G01-0350H, 21μm翠绿数字PET胶带, G01, 21.00
<==        Row: 353, 1011-R02-1506-G03-0300H, 21μm无机翠绿PET终止胶带, G03, 21.00
<==        Row: 115, 1011-R02-1506-G09-0350, 21μm含卤翠绿PET胶带, G09, 21.00
<==        Row: 114, 1011-R02-1506-G10-0090H, 21μm无机翠绿PET数字胶带, G10, 21.00
<==        Row: 508, 1011-R02-1507-B01-0300, 22μm蓝色PET终止胶带, B01, 22.00
<==        Row: 116, 1011-R02-1507-B01-0400, 22μmPET蓝色胶, B01, 22.00
<==        Row: 201, 1011-R02-1507-B01-0400H, 22μmPET蓝色数字胶, B01, 22.00
<==        Row: 202, 1011-R02-1507-B05-0400, 22μm蓝色PET终止胶带, B05, 22.00
<==        Row: 117, 1011-R02-1507-B11-0400, 22μmPET蓝色数字胶, B11, 22.00
<==        Row: 121, 1011-R02-1507-G03-0200, 22μm无机翠绿PET胶带, G03, 22.00
<==        Row: 122, 1011-R02-1507-G03-0300, 22μm无机翠绿PET胶带, G03, 22.00
<==        Row: 123, 1011-R02-1507-G03-0400, 22μm无机翠绿PET胶带, G03, 22.00
<==        Row: 448, 1011-R02-1507-G03-0400H, 22μm无机翠绿PET数字终止胶带, G03, 22.00
<==        Row: 124, 1011-R02-1507-G03-0500, 22μm无机翠绿PET胶带, G03, 22.00
<==        Row: 119, 1011-R02-1507-G05-0350, 22μm墨绿PET胶带, G05, 22.00
<==        Row: 120, 1011-R02-1507-G05-0350H, 22μm墨绿数字PET胶带, G05, 22.00
<==        Row: 397, 1011-R02-1507-G08-0300, 22μm军绿色PET终止胶带, G08, 22.00
<==        Row: 203, 1011-R02-1510-B01-0400, 25μm浅蓝PET胶带, B01, 25.00
<==        Row: 481, 1011-R02-1510-Y01-0400, 25μm黄色PET终止胶带, Y01, 25.00
<==        Row: 315, 1011-R02-1512-G10-0500H, 27μm无机翠绿PET数字胶带, G10, 27.00
<==        Row: 207, 1011-R02-1515-B01-0400, 30μm浅蓝PET胶带, B01, 30.00
<==        Row: 145, 1011-R02-1515-C05-0600, 30μm茶色胶水PET胶带, C05, 30.00
<==        Row: 224, 1011-R02-1520-C01-0600, 35μm茶色胶水PET胶带, C01, 35.00
<==        Row: 464, 1011-R02-1535-C05-1000H, 50μm茶色印字胶带, C05, 50.00
<==        Row: 318, 1011-R02-1904-G01-0200, 23μm绿色PET终止胶带, G01, 23.00
<==        Row: 323, 1011-R02-1904-G06-0200, 23μm绿色PET终止胶带, G06, 23.00
<==        Row: 399, 1011-R02-1905-B05-0300, 24μm蓝色PET终止胶带, B05, 24.00
<==        Row: 125, 1011-R02-1905-G01-0300, 25μ翠绿PET胶带, G01, 25.00
<==        Row: 322, 1011-R02-2003-G01-0200H, 23μm绿色PET数字终止胶带, G01, 23.00
<==        Row: 298, 1011-R02-2010-B01-0300, 30μm蓝色终止胶带, B01, 30.00
<==        Row: 206, 1011-R02-2010-B01-0400, 30μm浅蓝PET胶带, B01, 30.00
<==        Row: 198, 1011-R02-2010-B01-0400A, 30μm浅蓝PET胶带, B01, 30.00
<==        Row: 204, 1011-R02-2010-B02-0350, 30μm深蓝PET胶带, B02, 30.00
<==        Row: 563, 1011-R02-2010-B02-0350-HCD1-20, 30μm蓝色PET印字胶带（HCD1-20）, B02, 30.00
<==        Row: 205, 1011-R02-2010-B02-0350H, 30μm深蓝数字PET胶带, B02, 30.00
<==        Row: 468, 1011-R02-2010-B02-0350HCD1-20, 1011-R02-2010-B02-0350HCD1-20, B02, null
<==        Row: 506, 1011-R02-2010-B02-0500-JZM1/JZM2, 30μm蓝色PET印字胶带, B02, 30.00
<==        Row: 129, 1011-R02-2010-B02-0500H, 30μm深蓝数字PET胶带, B02, 30.00
<==        Row: 208, 1011-R02-2010-B05-0400, 30μm蓝色PET终止胶带, B05, 30.00
<==        Row: 314, 1011-R02-2010-B05-0500, 30μm蓝色PET终止胶带, B05, 30.00
<==        Row: 143, 1011-R02-2010-BK01-0450, 30μm黑色PET胶带, BK01, 30.00
<==        Row: 130, 1011-R02-2010-G01-0050, 30μm翠绿PET低粘胶带, G01, 30.00
<==        Row: 131, 1011-R02-2010-G01-0050H, 30μm翠绿数字PET低粘胶带, G01, 30.00
<==        Row: 209, 1011-R02-2010-G01-0350, 30μm翠绿PET胶带, G01, 30.00
<==        Row: 494, 1011-R02-2010-G01-0350-FF, 30μm绿色PET印字胶带, G01, 30.00
<==        Row: 562, 1011-R02-2010-G01-0350-HCD1-20, 30μm翠绿PET印字胶带（HCD1-20）, G01, 30.00
<==        Row: 461, 1011-R02-2010-G01-0350-SH1-SH15, 30μm翠绿PET印字胶带（SH1-SH15）, G01, 30.00
<==        Row: 485, 1011-R02-2010-G01-0350-SYS, 30μm绿色印字终止胶, G01, 30.00
<==        Row: 500, 1011-R02-2010-G01-0350-WH, 30μm翠绿PET印字胶带, G01, 30.00
<==        Row: 210, 1011-R02-2010-G01-0350H, 30μm翠绿数字PET胶带, G01, 30.00
<==        Row: 467, 1011-R02-2010-G01-0350HCD1-20, 1011-R02-2010-G01-0350HCD1-20, G01, null
<==        Row: 306, 1011-R02-2010-G01-0400, 30μm翠绿PET终止胶带, G01, 30.00
<==        Row: 455, 1011-R02-2010-G01-0500, 30μm翠绿PET终止胶带, G01, 30.00
<==        Row: 126, 1011-R02-2010-G01-0500H, 30μm翠绿数字PET胶带, G01, 30.00
<==        Row: 361, 1011-R02-2010-G03-0400, 30μm无机翠绿PET终止胶带, G03, 30.00
<==        Row: 148, 1011-R02-2010-G03-0500, 30μm无机翠绿PET胶带, G03, 30.00
<==        Row: 362, 1011-R02-2010-G03-0500A, 30μm无机翠绿PET终止胶带, G03, 30.00
<==        Row: 216, 1011-R02-2010-G05-0450, 30μm墨绿PET胶带, G05, 30.00
<==        Row: 217, 1011-R02-2010-G05-0450H, 30μm墨绿数字PET胶带, G05, 30.00
<==        Row: 297, 1011-R02-2010-G06-0500, 30μm无机翠绿终止胶带, G03, 0.00
<==        Row: 444, 1011-R02-2010-G07-0400H, 30μm墨绿PET数字终止胶带, G07, 30.00
<==        Row: 221, 1011-R02-2010-G07-0450H, 30μm墨绿PET数字终止胶, G07, 30.00
<==        Row: 140, 1011-R02-2010-G09-0500, 30μm含卤翠绿PET胶带, G09, 30.00
<==        Row: 398, 1011-R02-2010-G13-0300-KXYS, 30μm草绿色PET终止胶带, G13, 30.00
<==        Row: 138, 1011-R02-2010-G13-0300H, 30μm含卤草绿数字PET胶带, G13, 30.00
<==        Row: 139, 1011-R02-2010-G13-0400, 30μm含卤草绿PET胶带, G13, 30.00
<==        Row: 215, 1011-R02-2010-T01-0400H, 30μm透明数字PET胶带, T01, 30.00
<==        Row: 213, 1011-R02-2010-T01-0450, 30μm透明PET胶带, T01, 30.00
<==        Row: 214, 1011-R02-2010-T01-0450H, 30μm透明数字PET胶带, T01, 30.00
<==        Row: 128, 1011-R02-2010-T01-0500H, 30μm透明数字PET胶带, T01, 30.00
<==        Row: 338, 1011-R02-2010-Y01-0500-H, 30μm黄色PET数字终止胶带, Y01, 30.00
<==        Row: 127, 1011-R02-2010-Y01-0500H, 30μm黄色数字PET胶带, Y01, 30.00
<==        Row: 326, 1011-R02-2013-G03-0500, 33μm绿色PET终止胶带, G03, 33.00
<==        Row: 327, 1011-R02-2013-G03-0500A, 33μm绿色PET终止胶带, G03, 33.00
<==        Row: 242, 1011-R02-2030-C01-1200, 50μm茶色胶水PET胶带, C01, 50.00
<==        Row: 424, 1011-R02-2030-C01-1200-H6, 50μm茶色胶水PET印字胶带, C01, 50.00
<==        Row: 473, 1011-R02-2031-C01-0800, 51μm茶色胶水PET胶带, C01, 51.00
<==        Row: 265, 1011-R02-2035-C01-0800, 55μm茶色胶水PET胶带, C01, 55.00
<==        Row: 308, 1011-R02-2035-C01H-0800, 55μm深茶色PET胶带, C01H, 55.00
<==        Row: 149, 1011-R02-2304-G01-0200H, 30um翠绿数字PET终止胶带, G01, 30.00
<==        Row: 294, 1011-R02-2307-B01-0400, 蓝色PET胶带, B01, 30.00
<==        Row: 134, 1011-R02-2307-B05-0300, 30μm蓝色PET终止胶带, B05, 30.00
<==        Row: 146, 1011-R02-2307-B05-0400, 30μm蓝色PET终止胶带, B05, 30.00
<==        Row: 132, 1011-R02-2307-G01-0300, 30μm翠绿PET胶带, G01, 30.00
<==        Row: 133, 1011-R02-2307-G01-0300H, 30μm翠绿数字PET胶带, G01, 30.00
<==        Row: 495, 1011-R02-2307-G01-0400, 30μm翠绿PET终止胶带, G01, 30.00
<==        Row: 211, 1011-R02-2307-G03-0350, 30μm无机翠绿PET胶带, G03, 30.00
<==        Row: 345, 1011-R02-2307-G03-0350A, 30μm无机翠绿PET终止胶带, G03, 30.00
<==        Row: 212, 1011-R02-2307-G03-0350H, 30μm无机翠绿数字PET胶带, G03, 30.00
<==        Row: 200, 1011-R02-2307-G03-0400, 30μm无机翠绿PET胶带, G03, 30.00
<==        Row: 199, 1011-R02-2307-G03-0400H, 30μm无机翠绿数字PET胶带, G03, 30.00
<==        Row: 141, 1011-R02-2505-C02-0200, 30μm茶色膜PET胶带, C02, 30.00
<==        Row: 136, 1011-R02-2505-G01-0200, 30um翠绿PET终止胶带, G01, 30.00
<==        Row: 137, 1011-R02-2505-G01-0200H, 30um翠绿数字PET终止胶带, G01, 30.00
<==        Row: 142, 1011-R02-2505-W01-0500, 30μm白色PET终止胶带, W01, 30.00
<==        Row: 152, 1011-R02-2510-C02-0400, 35μm茶色膜PET胶带, C02, 35.00
<==        Row: 225, 1011-R02-2510-C02-0700, 35μm茶色膜PET胶带, C02, 35.00
<==        Row: 343, 1011-R02-2510-C02Q-0700, 35μm茶色终止胶带, C02Q, 35.00
<==        Row: 377, 1011-R02-2510-G01-0500, 35μm翠绿PET终止胶带, G01, 35.00
<==        Row: 156, 1011-R02-2510-G03-0700, 35μm无机翠绿PET胶带, G03, 30.00
<==        Row: 161, 1011-R02-2520-G01-0450, 45μm翠绿PET胶带, G01, 45.00
<==        Row: 162, 1011-R02-2520-G01-0450H, 45μm翠绿数字PET胶带, G01, 45.00
<==        Row: 434, 1011-R02-2520-G03-0500, 45μm无机翠绿PET终止胶带, G03, 45.00
<==        Row: 233, 1011-R02-2520-T01-0450H, 45μm透明数字PET胶带, T01, 45.00
<==        Row: 163, 1011-R02-2520-W01-0500, 45μm白色接胶带, W01, 45.00
<==        Row: 390, 1011-R02-2525-B01-0500, 50μm蓝色PET终止胶带, B01, 50.00
<==        Row: 164, 1011-R02-2525-B01-0600, 50μm蓝色PET胶带, B01, 50.00
<==        Row: 430, 1011-R02-2525-B01-0600A, 50μm蓝色PET终止胶带, B01, 50.00
<==        Row: 313, 1011-R02-2525-B03-0500, 50μm蓝色PET终止胶带, B03, 50.00
<==        Row: 237, 1011-R02-2525-B04-0500, 50μm浅蓝色PET胶带, B04, 50.00
<==        Row: 295, 1011-R02-2525-B04-0600, 50μm蓝色PET终止胶带, B05, 50.00
<==        Row: 236, 1011-R02-2525-B05-0500, 50μm蓝色PET终止胶带, B05, 50.00
<==        Row: 316, 1011-R02-2525-B05-0500A, 50μm蓝色PET终止胶带, B05, 50.00
<==        Row: 360, 1011-R02-2525-B05-0600, 50μm蓝色PET终止胶带, B05, 50.00
<==        Row: 238, 1011-R02-2525-C01-0700, 50μm茶色胶水PET胶带, C01, 50.00
<==        Row: 239, 1011-R02-2525-C01-0800, 50μm茶色胶水PET胶带, C01, 50.00
<==        Row: 247, 1011-R02-2525-C01-0800XRT, 50μm茶色胶水PET印字胶带, C01, 50.00
<==        Row: 240, 1011-R02-2525-C01-0900, 50μm茶色胶水PET胶带, C01, 50.00
<==        Row: 413, 1011-R02-2525-C01-0900-DX, 50μm茶色胶水PET印字胶带, C01, 50.00
<==        Row: 420, 1011-R02-2525-C01-0900-PZX, 50μm茶色胶水PET印字胶带, C01, 50.00
<==        Row: 248, 1011-R02-2525-C01-0900DX, 50μm茶色胶水PET印字胶带, C01, 50.00
<==        Row: 249, 1011-R02-2525-C01-0900HW, 50μm茶色胶水PET印字胶带, C01, 50.00
<==        Row: 250, 1011-R02-2525-C01-0900PNX, 50μm茶色胶水PET印字胶带, C01, 50.00
<==        Row: 251, 1011-R02-2525-C01-0900SSD, 50μm茶色胶水PET印字胶带, C01, 50.00
<==        Row: 241, 1011-R02-2525-C01-1200, 50μm茶色胶水PET胶带, C01, 50.00
<==        Row: 570, 1011-R02-2525-C01-1200--XRY, 50μm茶色胶水PET印字胶带, C01, 50.00
<==        Row: 507, 1011-R02-2525-C01-1200-CYZY, 50μm茶色胶水PET印字胶带, C01, 50.00
<==        Row: 516, 1011-R02-2525-C01-1200-F1闪电, 50μm茶色胶水PET印字胶带, C01, 50.00
<==        Row: 451, 1011-R02-2525-C01-1200-X, 50μm茶色胶水PET印字胶带, C01, 50.00
<==        Row: 501, 1011-R02-2525-C01-1200-XRY, 1011-R02-2525-C01-1200-XRY, C01, null
<==        Row: 484, 1011-R02-2525-C01-1200-闪电, 50μm茶色胶水PET印字胶带, C01, 50.00
<==        Row: 252, 1011-R02-2525-C01-1200HC, 50μm茶色胶水PET印字胶带, C01, 50.00
<==        Row: 253, 1011-R02-2525-C01H-0800, 50μm茶色胶水PET胶带, C01H, 50.00
<==        Row: 254, 1011-R02-2525-C01H-1200, 50μm茶色胶水PET胶带, C01H, 50.00
<==        Row: 505, 1011-R02-2525-C02-0700, 50μm茶色膜PET胶带, C02, 50.00
<==        Row: 246, 1011-R02-2525-C02-1200, 50μm茶色膜PET胶带, C02, 50.00
<==        Row: 446, 1011-R02-2525-C05-1200, 50μm茶色PET胶带, C05, 50.00
<==        Row: 171, 1011-R02-2525-G01-0500, 50μm翠绿PET胶带, G01, 50.00
<==        Row: 339, 1011-R02-2525-W01-0800, 50μm白色PET终止胶带, W01, 50.00
<==        Row: 266, 1011-R02-2530-C02-1200, 55μm茶色膜PET胶带, C02, 55.00
<==        Row: 159, 1011-R02-3609-G01-0200, 45μm翠绿PET胶带, G01, 45.00
<==        Row: 158, 1011-R02-3609-G01-0200H, 45μm翠绿数字PET胶带, G01, 45.00
<==        Row: 160, 1011-R02-3609-T01-0400, 45μm透明PET胶带, T01, 45.00
<==        Row: 503, 1011-R02-3624-T01-1200, 60μm透明PET终止胶带, T01, 72.00
<==        Row: 244, 1011-R04-2525-C02-0650, 50μm茶色膜PET胶带, C02, 50.00
<==        Row: 219, 1012-DG-2505-B05-0006, 30μm浅蓝色PET保护膜胶带, B05, 30.00
<==        Row: 218, 1012-R00-2505-B05-0006, 30μm浅蓝色PET保护膜胶带, B05, 30.00
<==        Row: 193, 1012-R00-5007-B01-0006, 57μm浅蓝PET保护膜胶带, B01, 57.00
<==        Row: 186, 1012-R015-5055-B06-1300, 110μm动力电池保护膜, B08, 110.00
<==        Row: 185, 1012-R015-5055-B08-1300, 110μm动力电池保护膜, B08, 110.00
<==        Row: 335, 1012-R015-5060-B06-1300, 110μm蓝色PET包裹膜, B06, 110.00
<==        Row: 187, 1012-R02-10030-B05-1200, 130μm蓝色PET终止胶带, B05, 130.00
<==        Row: 380, 1012-R02-5030-B07-0900, 80μm蓝色PET终止胶带, B07, 80.00
<==        Row: 281, 1012-R02-5030-B07-1200, 80μm深蓝色PET胶带, B07, 80.00
<==        Row: 182, 1012-R02-5045-C05-1200, 95μm茶色胶水PET胶带, C05, 95.00
<==        Row: 287, 1012-R02-5050-B05-0500, 100μm蓝色PET胶带, B05, 100.00
<==        Row: 414, 1012-R02-7507-G01-0200, 82μm绿色PET保护膜, G01, 82.00
<==        Row: 280, 1012-TE25-5030-B07-0900, 80μm深蓝色PET胶带, B07, 80.00
<==        Row: 184, 1012-TE25-5055-B08-1300, 105μm动力电池保护膜, B08, 105.00
<==        Row: 388, 1012-TE25-5060-B08-1300, 110μm动力电池保护膜, B08, 110.00
<==        Row: 346, 1012-TE75-5045-C05-1200, 95μm茶色胶水PET胶带（带离型膜）, C05, 95.00
<==        Row: 176, 1012-WW-55-T01-0005, 55μm透明PET保护膜, T01, 55.00
<==        Row: 497, 1012C-R00-5007-B01-0006, 57μm浅蓝PET保护膜胶带, B01, 57.00
<==        Row: 197, 1013-R075-205B, 205μm红膜双面胶带-外贸, T01, 205.00
<==        Row: 340, 1013-T10-35-T01-1000-W12, 35μm透明PET热熔双面胶, T01, 35.00
<==        Row: 492, 1013－TE25－1515－B05－1200, 55μm蓝色PET双面胶, B05, 55.00
<==        Row: 173, 1013-TE25-15T-2020-B10-1200, 55μm浅蓝色PET双面胶带, B10, 55.00
<==        Row: 349, 1013-TE25-15T-55-B01-1200, 55μm蓝色PET双面胶, B01, 55.00
<==        Row: 172, 1013-TE25-25T-1515-B05-1200, 55μm蓝色双面PET胶带, B05, 55.00
<==        Row: 330, 1013-TE25-35-T01-1000, PET强弱双面胶, T01, 35.00
<==        Row: 299, 1016-R02-2010-B01-0300, 30蓝色胶带, B01, 30.00
<==        Row: 296, 1016-R02-2010-B01-0400, 30μm胶带, B01, 30.00
<==        Row: 576, 1016-R02-2010-B01-0400-90, 30μm蓝色间隙胶带W90, B01, 30.00
<==        Row: 504, 1016-R02-2010-B05-0400, 30μm蓝色PET终止胶带, B05, 30.00
<==        Row: 157, 1016-R02-2510-B05-0400, 35μm蓝色间隔胶带, B05, 35.00
<==        Row: 363, 1016-R02-2525-B03-0500, 50μm蓝色PET终止胶带, B03, 50.00
<==        Row: 230, 102-R00-2515-W01-0400, 40μm白色PET硅胶胶带, W01, 40.00
<==        Row: 235, 102-R00-2520-G12-0700, 45μm绿色PET硅胶带, G12, 45.00
<==        Row: 352, 102-R00-3614-G12-0800, 50μm绿色PET硅胶, G12, 50.00
<==        Row: 411, 102-R00-5015-Y01-0300, 65μm黄色pet硅胶带, Y01, 65.00
<==        Row: 276, 102-R00-5015-Y01-0700, 65μm黄色PET硅胶胶带, Y01, 65.00
<==        Row: 404, 102-TE50-5015-Y01-0300, 65μm黄色PET硅胶胶带贴合氟塑膜, Y01, 65.00
<==        Row: 334, 103-R00-2505-T01-0002, 30μm透明PET保护膜, T01, 30.00
<==        Row: 234, 103-R00-3807-G12-0250, 45μm绿色PET硅胶带, G12, 45.00
<==        Row: 409, 103-R00-4508-T01-0030, 53μm透明硅胶保护膜, T01, 45.00
<==        Row: 453, 103-R00-5005-B01-0030, 55μmPET硅胶保护膜, B01, 55.00
<==        Row: 273, 103-R00-5010-G12-0100, 60μm绿色PET硅胶保护膜, G12, 60.00
<==        Row: 274, 103-R00-5010-G12-0250, 60μm绿色PET硅胶保护膜, G12, 60.00
<==        Row: 279, 103-R00-7505-T01-0010, 80μm透明硅胶PET保护膜, T01, 82.00
<==        Row: 282, 103-R00-7515-T01-0250, 90μm透明PET硅胶保护膜, T01, 90.00
<==        Row: 392, 103-R00-85-T01-0015, 85μm透明PET平纹硅胶保护膜, T01, 53.00
<==        Row: 321, 103-WW-50-B01-0020, 50μm蓝色网纹胶带, B01, 50.00
<==        Row: 293, 103-WW-5005-B01-0015, 网纹硅胶保护膜, B01, 55.00
<==        Row: 178, 103-WW-55-B01-0015, 55μm蓝色硅胶网纹PET保护膜, B01, 55.00
<==        Row: 177, 103-WW-55-T01-0006, 55μm透明硅胶PET保护膜, T01, 55.00
<==        Row: 305, 103-WW-55-T01-0015, 55μm透明网纹胶带, T01, 55.00
<==        Row: 278, 103-WW-7505-T01-0006, 80μm透明网纹硅胶PET, T01, 80.00
<==        Row: 348, 103-WW-85-T01-0015, 85μm硅胶网纹保护膜, T01, 85.00
<==        Row: 226, 201-R00-2510-C03-0100, 35μm低粘PI极耳胶带, C03, 35.00
<==        Row: 267, 201-R01-2530-C03-1000, 55μm茶色PI胶带, C03, 55.00
<==        Row: 144, 201-R015-2505-C03-0400, 30μm茶色PI极耳胶带, C03, 32.00
<==        Row: 150, 201-R015-2507-C03-0400, 32μm茶色PI极耳胶带, C03, 32.00
<==        Row: 155, 201-R015-2510-C03-0400, 35μm茶色PI极耳胶带, C03, 35.00
<==        Row: 243, 201-R015-2525-C03-0500, 50μm茶色PI极耳胶带, C03, 50.00
<==        Row: 393, 201-R015-2525-C03-0500A, 50μm茶色PI极耳胶带, C03, 50.00
<==        Row: 165, 201-R015-2527-C03-0500, 52μm茶色PI极耳胶带, C03, 55.00
<==        Row: 175, 201-R015-2530-C03-0500, 55μm茶色PI极耳胶带, C03, 55.00
<==        Row: 426, 201-R015-5030-C03-0800, 80μm茶色PI极耳胶带, C03, 80.00
<==        Row: 488, 201-R015-5050-C03-0800, 100μm茶色PI极耳胶带, C03, 100.00
<==        Row: 153, 201-R02-2510-C03-0500, 35μm茶色PI极耳胶带, C03, 35.00
<==        Row: 356, 201-R02-2510-C03-0550, 35μm茶色PI极耳胶带, C03, 35.00
<==        Row: 460, 201-R02-2525-C03-0300, 50μm茶色PI极耳胶带, C03, 50.00
<==        Row: 166, 201-R02-2525-C03-0600, 50μm茶色PI极耳胶带, C03, 50.00
<==        Row: 419, 201-R02-2525-C03-1000, 50μm茶色PI极耳胶带, C03, 50.00
<==        Row: 403, 201-R02-2530-C03-0600, 55μm茶色PI极耳胶带, C03, 55.00
<==        Row: 351, 201-R02-2530-C03-1000, 55μm茶色PI极耳胶带, C03, 55.00
<==        Row: 301, 201-R02-2530-C03-1000A, 55μm茶色PI极耳胶带, C03, 55.00
<==        Row: 268, 201-R02-2530-C03-1200, 55μm茶色PI胶带, C03, 55.00
<==        Row: 302, 201-R02-5050-C03-1000, 100μm茶色PI极耳胶带, C03, 100.00
<==        Row: 454, 201-R04-2510-C03-0700A, 35μm茶色PI极耳胶带, C03, 35.00
<==        Row: 154, 201-R04-2510-C03-0700M, 35μm茶色PI极耳胶带, C03, 35.00
<==        Row: 167, 201-R04-2525-C03-0700, 50μm茶色PI极耳胶带, C03, 50.00
<==        Row: 170, 201-R04-2525-C03-0900M, 50μm茶色PI极耳胶带, C03, 55.00
<==        Row: 174, 201-R04-2530-C03-0900M, 55μm茶色PI胶带, C03, 55.00
<==        Row: 275, 201-R04-2535-C03-0900M, 60μm茶色PI极耳胶带, C03, 60.00
<==        Row: 286, 201-R04-5050-C03-0800, 100μm茶色PI极耳胶带, C03, 100.00
<==        Row: 357, 201-RF-TE50-2525-C03-0900M, 50μm茶色PI抗静电胶带（带离型膜）, C03, 50.00
<==        Row: 579, 201-RO2-2530-C03-1000A, 55μmPI极耳胶带, C03, 55.00
<==        Row: 395, 201-TE50-2525-C03-0900M, 50μm茶色PI极耳胶带, C03, 50.00
<==        Row: 370, 201-TE50-5050-C03-1200, 100μm茶色PI极耳胶带（带离型膜）, C03, 100.00
<==        Row: 379, 201-TE75-2530-C03-1000, 55μm茶色PI极耳胶带（带离型膜）, C03, 55.00
<==        Row: 374, 2011-R02-2125-BK01-1200, 40μm黑色PET胶带, BK01, 40.00
<==        Row: 408, 2011-R02-2325-BK01-1200, 48μm黑色PET胶带, BK01, 48.00
<==        Row: 381, 2011-R02-2525-BK01-0800, 50μm黑色PET胶带, BK01, 50.00
<==        Row: 575, 2011-R02-2525-BK01-1000, 50um 黑色PET胶带（亚克力）, BK01, 0.00
<==        Row: 168, 2011-R02-2525-BK01-1200, 50μm哑黑PET胶带, BK01, 50.00
<==        Row: 376, 2011-R02-2625-BK01-1200, 51μm黑色PET胶带, BK01, 51.00
<==        Row: 425, 2011-R02-2725-BK01-1200, 52μm黑色PET胶带, BK01, 52.00
<==        Row: 389, 2011-R02-2825-BK01-1200, 53μm黑色PET胶带, BK01, 53.00
<==        Row: 423, 2011-R02-7525-BK01-1200, 100μm黑色PET胶带, BK01, 110.00
<==        Row: 378, 2011-R02-7825-BK01-1200, 103μm黑色PET胶带, BK01, 103.00
<==        Row: 422, 202-R02-2020-BK01-1200, 40μm黑色PI胶带, BK01, 40.00
<==        Row: 421, 202-R02-2025-BK01-1200, 45μm黑色PI胶带, BK01, 45.00
<==        Row: 382, 202-R02-2425-BK01-1200, 49μm黑色PI胶带, BK01, 49.00
<==        Row: 407, 202-R02-2525-BK01-1200, 52μm黑色PI胶带, BK01, 52.00
<==        Row: 405, 202-R02-2725-BK01-1200, 52μm黑色PI胶带, BK01, 52.00
<==        Row: 386, 202-R02-2825-BK01-1200, 53μm黑色PI胶带, BK01, 53.00
<==        Row: 383, 202-R02-3222-BK01-1200, 55μm黑色PI胶带, BK01, 55.00
<==        Row: 375, 202-R02-3322-BK01-1200, 55μm黑色PI胶带, BK01, 55.00
<==        Row: 223, 202-TE50-2510-BK01-0500, 35μm哑黑PI胶带-外购, BK01, 35.00
<==        Row: 355, 202-ZR-2530-BK01-1000, 55μm黑色PI阻燃胶带, BK01, 55.00
<==        Row: 169, 202-ZR-R02-2427-BK01-1200, 50μm黑色PI阻燃胶带, BK01, 50.00
<==        Row: 372, 202-ZR-R02-2525-BK01-1200, 50μm黑色PI阻燃胶带, BK01, 50.00
<==        Row: 406, 202-ZR-R02-2530-BK01-1000, 55μm黑色PI阻燃胶带, BK01, 55.00
<==        Row: 418, 202-ZR-R02-2624-BK01-1200, 48μm黑色PI阻燃胶带, BK01, 48.00
<==        Row: 417, 202-ZR-R02-2711-BK01-1200, 38μm黑色PI阻燃胶带, BK01, 38.00
<==        Row: 371, 202-ZR-R02-2812-BK01-1200, 40μm黑色PI阻燃胶带, BK01, 40.00
<==        Row: 431, 205-R02-2525-C03-0800, 50μm茶色PI极耳胶带, C03, 50.00
<==        Row: 228, 301-36-T01-H, 36μm透明BOPP印字胶, T01, 36.00
<==        Row: 231, 301-ML-3010-Y02-0500, 40μm黄色玛拉胶, Y02, 42.00
<==        Row: 135, 301-R02-2505-G02-0200, 30μm翠绿OPP胶带, G02, 30.00
<==        Row: 220, 301-R02-2505-T01-0300, 30um透明OPP终止胶带, T01, 30.00
<==        Row: 151, 301-R02-2507-N01-0400, 32μm灰色BOPP终止胶带, N01, 32.00
<==        Row: 222, 301-R02-2508-G02-0300, 33μm翠绿OPP胶带, G02, 33.00
<==        Row: 232, 301-R02-2814-G02-0300, 42μm翠绿OPP胶带, G02, 42.00
<==        Row: 229, 301-R02-36-G02-0300, 36μm绿色BOPP胶带, G02, 36.00
<==        Row: 179, 301-R02-5015-Y01-0500, 65μm黄色BOPP胶带, Y01, 67.00
<==        Row: 344, 301-RO2-2307-B05-0300, 30μm蓝色BOPP终止胶带, B05, 30.00
<==        Row: 277, 302-R00-3830-N01-1000, 68μm咖啡极耳胶带, N01, 68.00
<==        Row: 180, 302-R00-6012-B01-0015, 72μmBOPP保护膜胶带, B01, 72.00
<==        Row: 181, 302-R00-6012-B01-0025, 72μmBOPP保护膜胶带, B01, 72.00
<==        Row: 195, 302-R00-6012-T01-0025, 72μmBOPP透明胶带, T01, 72.00
<==        Row: 284, 302-R00-6035-N01-1200, 95μm咖啡色BOPP胶带, N01, 95.00
<==        Row: 283, 302-R00-6530-N01-1200, 95μm咖啡色BOPP胶带, N01, 95.00
<==        Row: 429, 302-R02-3830-N01-1000, 68μm咖啡极耳胶带, N01, 68.00
<==        Row: 307, 303-DG-3650-T01-3000, 86μm透明BOOP撕膜胶带, T01, 86.00
<==        Row: 331, 303-DG-5050-T01-3000, 100μm透明撕膜胶带, T01, 100.00
<==        Row: 475, 303-DG-5050-T01-4000, 100μm透明BOPP撕膜胶带, T01, 35.00
<==        Row: 319, 303-DG-5080-T01-4000, 130μm透明撕膜胶带, T01, 50.00
<==        Row: 100, 303-R02-1204-G03-0300, 16μm无机翠绿橡胶胶带, G03, 16.00
<==        Row: 147, 303-R02-2010-G03-0500, 30μm无机翠绿橡胶PET胶带, G03, 30.00
<==        Row: 183, 303-R02-5050-T01-3000, 100μm橡胶PET胶带, T01, 100.00
<==        Row: 309, 303-R03-2525-Y01-1200, 50μm黄色撕膜胶带, Y01, 50.00
<==        Row: 288, 308-R00-140-T01-0600, 140μm美纹纸胶带-外购, T01, 140.00
<==        Row: 578, 4011-1508W-4555-G08-3050, 1508白双面白色PE泡棉（80绿膜）, W01, 800.00
<==        Row: 292, 456-R00-17530-G09/G08-0900, 205um透明PET胶带-外贸, T01, 205.00
<==        Row: 385, 501-100-W01-1100, 100μm白色糯米纸胶带, W01, 100.00
<==        Row: 384, 501-130-W01-1100, 130μm白色糯米纸胶带, W01, 130.00
<==        Row: 400, 501-90-W01-1100, 90μm白色糯米纸胶带, W01, 90.00
<==        Row: 188, 5011-R00-4005-T01-0030, 45μm溶胀胶带, T01, 45.00
<==        Row: 415, 5011-R00-4005-T01-0030H, 45μm透明溶胀数字胶, T01, 48.00
<==        Row: 189, 5011-R00-4005-T01-0050, 45μm溶胀胶带, T01, 45.00
<==        Row: 190, 5011-R00-4010-T01-0050, 50μmOPS溶胀胶带, T01, 50.00
<==        Row: 191, 5011-R00-4010-T01-0100, 50μmOPS溶胀胶带, T01, 50.00
<==        Row: 194, 5011-R00-5010-T01-0050, 60μmOPS溶胀胶带, T01, 60.00
<==        Row: 476, 5012-12T-1012-T01-0400-HG09, 35μm透明PET热熔双面胶, T01, 36.00
<==        Row: 347, 5012-12T-1012-T01-0400-W25, 35μm透明PET热熔双面胶, T01, 35.00
<==        Row: 312, 5012-B25-50-B05-0500, 50μm蓝色热熔PET双面胶, B05, 50.00
<==        Row: 391, 5012-TE12-0805-T01-0300, 25μm透明PET热熔胶, T01, 85.00
<==        Row: 310, 5012-TE12-0805-T01-0300-W25, 25μm热熔PET双面胶, T01, 25.00
<==        Row: 332, 5012-TE12-1012-T01-0400-HG09, 35μm热熔PET双面胶, T01, 35.00
<==        Row: 300, 5012-TE12-25-T01-0300-W25, 25μm热熔PET双面胶, T01, 25.00
<==        Row: 333, 5012-TE12-35-T01-0400-HG09, 35μm热熔PET双面胶, T01, 35.00
<==        Row: 410, 5012-TE20-45-T01-0500-W50, 45μmPET热熔胶带, T01, 45.00
<==        Row: 359, 5012-TE20-48-T01-0010, 48μm透明PET热熔双面胶, T01, 35.00
<==        Row: 435, 5012-TE20-48-T01-0500, 48μm透明PET热熔双面胶, T01, 100.00
<==        Row: 311, 5012-TE20-48-T01-0500-W50, 48μm热熔PET双面胶, T01, 48.00
<==        Row: 192, 5016-R00-4010-T01-0100, 50μmTPU溶胀胶带, T01, 50.00
<==        Row: 289, 801-160-T01-1500, 160μm玻纤胶带-外购, T01, 160.00
<==        Row: 290, 801-R00-13025-T01-0500, 160um纤维布胶带-外贸, T01, 155.00
<==        Row: 291, 801-R00-13035-T01-0700, 165um纤维布胶带-外贸, T01, 165.00
<==        Row: 416, BDJ-R02-11-G01-0300, 11μm翠绿色PET终止胶带, G01, 11.00
<==        Row: 478, C301-36-T01-H, 36μm透明BOPP印字胶带, T01, 60.00
<==        Row: 317, CML-2525-B02-0700, 50μm蓝色玛拉胶带, B02, 50.00
<==        Row: 325, CML-2525-BK01-0800, 50μm黑色马拉胶带, BK01, 50.00
<==        Row: 324, CML-2525-R01-0600, 50μm红色玛拉胶带, R01, 50.00
<==        Row: 342, CML-2525-W01-0600, 50μm白色马拉胶带, W01, 50.00
<==        Row: 493, CS1011-2530-C02-0600, 55μm茶色膜PET硅胶带, C02, 55.00
<==        Row: 368, DY-125-BK01, 125μm黑色保护膜, BK01, 125.00
<==        Row: 367, DY-125-W01, 125μm白色保护膜, W01, 125.00
<==        Row: 341, ETJ-3000A25+25μ（2＋36＋2）, 50μm间隔胶, null, 50.00
<==        Row: 354, ETJ-3000A25+25μ（3＋34＋3）, 50μm间隔胶, null, 50.00
<==        Row: 369, KHJ-35-T01-1000, 35μm透明双面胶, T01, 25.00
<==        Row: 402, KHJ-R03-BK01-45, 45μm黑色印刷胶带, BK01, 45.00
<==        Row: 491, LS53HY, LS53HY, null, 0.00
<==        Row: 257, ML-2525-B02-0700, 50μm蓝色玛拉胶带, B02, 50.00
<==        Row: 255, ML-2525-BK01-0800, 50μm黑色马拉胶带, BK01, 50.00
<==        Row: 258, ML-2525-R01-0600, 50μm红色玛拉胶带, R01, 50.00
<==        Row: 256, ML-2525-Y01-0700, 50μm黄色玛拉胶带, Y01, 50.00
<==        Row: 364, ML-2530-BK01-0800, 55μm黑色PI阻燃胶带, BK01, 55.00
<==        Row: 365, ML-2530-R01-0600, 55μm红色玛拉胶, R01, 55.00
<==        Row: 479, PI胶带-W50, PI胶带-W50, null, 50.00
<==        Row: 487, PT5010A, PT5010A, null, 0.00
<==        Row: 477, PT5010S-15（35u）, PT5010S-15（35u）, null, 35.00
<==        Row: 490, PTS53HY, PTS53HY, null, 0.00
<==        Row: 366, PY-0505W-PET1.0, 1mmPET泡棉胶带, W01, 1000.00
<==        Row: 261, S1011-2525-C02-0600, 50μm茶色膜硅胶带, C02, 50.00
<==        Row: 271, S1011-2530-C02-0600, 55μm茶色膜硅胶带, C02, 50.00
<==        Row: 259, S1011-R00-2525-C02-0600, 50μm茶色膜PET硅胶带, C02, 50.00
<==        Row: 262, S1011-R00-2525-C02-0700, 50μm茶色膜PET硅胶带, C02, 50.00
<==        Row: 270, S1011-R00-2530-C02-0700, 55μm茶色膜PET硅胶带, C02, 50.00
<==        Row: 511, S201-2510-C03-0100, 35μm茶色PI硅胶带, C03, 35.00
<==        Row: 513, S201-2510-C03-0300, 30μmPI硅胶带, C03, 30.00
<==        Row: 263, S201-2525-C03-0600, 50μmPI硅胶, C03, 50.00
<==        Row: 272, S201-2530-C03-0600, 55μmPI硅胶带, C03, 55.00
<==        Row: 227, S201-R00-2510-C03-0300, 35μmPI硅胶带, C03, 35.00
<==        Row: 260, S201-R00-2525-C03-0600, 50μmPI硅胶, C03, 50.00
<==        Row: 269, S201-R00-2530-C03-0600, 55μmPI硅胶, C03, 55.00
<==        Row: 285, S201-R00-5050-C03-0500, 100μm茶色PI硅胶胶带, C03, 100.00
<==        Row: 577, S202-R00-2530-BK01-0500, 55μmPI雅黑硅胶带, BK01, 55.00
<==        Row: 442, TE2010L3A, TE2010L3A, null, 0.00
<==        Row: 480, W-H60-LB, W-H60-LB, null, 0.00
<==        Row: 438, WPTR-L10-80B3, WPTR-L10-80B3, null, null
<==        Row: 489, WPTR-L20-80B3, WPTR-L20-80B3, null, 0.00
<==        Row: 329, ZR-100-W01-1200, 100μm阻燃糯米纸胶带, W01, 100.00
<==        Row: 328, ZR-130-W01-1200, 130μm阻燃糯米纸胶带, W01, 130.00
<==        Row: 387, ZR-90-W01-1200, 90μm白色阻燃糯米纸胶带, W01, 90.00
<==      Total: 383
Closing non transactional SqlSession [org.apache.ibatis.session.defaults.DefaultSqlSession@555d198f]
Creating a new SqlSession
SqlSession [org.apache.ibatis.session.defaults.DefaultSqlSession@314c5287] was not registered for synchronization because synchronization is not active
JDBC Connection [HikariProxyConnection@500453273 wrapping com.mysql.cj.jdbc.ConnectionImpl@235fe813] will not be managed by Spring
==>  Preparing: SELECT COUNT(*) AS total FROM purchase_suppliers WHERE is_deleted = 0 AND (is_deleted = ?)
==> Parameters: 0(Integer)
<==    Columns: total
<==        Row: 1
<==      Total: 1
==>  Preparing: SELECT id,supplier_code,supplier_name,short_name,primary_contact_name,primary_contact_mobile,contact_email,contact_address,tax_no,bank_name,bank_account,status,remark,created_by,updated_by,created_at,updated_at,is_deleted FROM purchase_suppliers WHERE is_deleted=0 AND (is_deleted = ?) ORDER BY created_at DESC LIMIT ?
==> Parameters: 0(Integer), 10(Long)
<==    Columns: id, supplier_code, supplier_name, short_name, primary_contact_name, primary_contact_mobile, contact_email, contact_address, tax_no, bank_name, bank_account, status, remark, created_by, updated_by, created_at, updated_at, is_deleted
<==        Row: 1, SUP-001, 佛山杜邦鸿基薄膜有限公司, 杜邦, 魏先生, 13800138000, Minnie-Y.M.Zhang@chn.dupont.com, 广东省佛山市禅城区东鄱南路6号, 91440300XXXXXX, 中国银行深圳分行, 622202***********, active, , null, null, 2026-03-09 07:34:11, 2026-03-09 07:34:11, 0
<==      Total: 1
Closing non transactional SqlSession [org.apache.ibatis.session.defaults.DefaultSqlSession@314c5287]
Creating a new SqlSession
SqlSession [org.apache.ibatis.session.defaults.DefaultSqlSession@5c86a5f6] was not registered for synchronization because synchronization is not active
JDBC Connection [HikariProxyConnection@1956109502 wrapping com.mysql.cj.jdbc.ConnectionImpl@438f0f2] will not be managed by Spring
==>  Preparing: SELECT COUNT(*) AS total FROM purchase_supplier_priority WHERE is_deleted = 0 AND (is_deleted = ?)
==> Parameters: 0(Integer)
<==    Columns: total
<==        Row: 0
<==      Total: 1
Closing non transactional SqlSession [org.apache.ibatis.session.defaults.DefaultSqlSession@5c86a5f6]
Creating a new SqlSession
Creating a new SqlSession
SqlSession [org.apache.ibatis.session.defaults.DefaultSqlSession@179a8bd0] was not registered for synchronization because synchronization is not active
SqlSession [org.apache.ibatis.session.defaults.DefaultSqlSession@166e8a2a] was not registered for synchronization because synchronization is not active
JDBC Connection [HikariProxyConnection@2003743437 wrapping com.mysql.cj.jdbc.ConnectionImpl@35aab7d1] will not be managed by Spring
==>  Preparing: SELECT * FROM tape_raw_material WHERE status = 1 ORDER BY sort_order
==> Parameters: 
JDBC Connection [HikariProxyConnection@722197102 wrapping com.mysql.cj.jdbc.ConnectionImpl@36f0a8f] will not be managed by Spring
==>  Preparing: SELECT id, material_code, product_name, color_code, total_thickness FROM tape_spec WHERE status = 1 ORDER BY material_code
==> Parameters: 
Creating a new SqlSession
SqlSession [org.apache.ibatis.session.defaults.DefaultSqlSession@71f4ffb2] was not registered for synchronization because synchronization is not active
<==    Columns: id, material_code, material_name, material_type, unit, spec, sort_order, status
<==        Row: 1, YKLJ0801, 主树脂YKLJ0801, resin, Kg, 亚克力树脂, 1, 1
<==        Row: 2, YSYZ0201, 溶剂YSYZ0201, solvent, Kg, 溶剂, 2, 1
<==        Row: 3, G728-UJ, G728-UJ, additive, Kg, 助剂, 3, 1
<==        Row: 4, 9002, 固化剂9002, curing, Kg, 固化剂, 4, 1
<==        Row: 5, FY-45, 固化剂FY-45, curing, Kg, 固化剂, 5, 1
<==        Row: 6, AJSZ0101, 助剂AJSZ0101, additive, Kg, 需用甲苯稀释20%, 6, 1
<==        Row: 7, DJBHS0301, 助剂DJBHS0301, additive, Kg, 需用异丙醇稀释10%, 7, 1
<==      Total: 7
Closing non transactional SqlSession [org.apache.ibatis.session.defaults.DefaultSqlSession@179a8bd0]
JDBC Connection [HikariProxyConnection@1830834480 wrapping com.mysql.cj.jdbc.ConnectionImpl@3ff7774f] will not be managed by Spring
==>  Preparing: SELECT COUNT(*) AS total FROM purchase_quotations WHERE is_deleted = 0
==> Parameters: 
<==    Columns: total
<==        Row: 0
<==      Total: 1
Closing non transactional SqlSession [org.apache.ibatis.session.defaults.DefaultSqlSession@71f4ffb2]
<==    Columns: id, material_code, product_name, color_code, total_thickness
<==        Row: 196, 1011-DGM-7535-T01-0900, 110μm印刷条纹PET胶带, T01, 110.00
<==        Row: 502, 1011-DGM25-2525-B01-0900, 50μm蓝色PET胶带, B01, 50.00
<==        Row: 264, 1011-R01-2525-C02-1200cyzy, 50μm茶色膜印字胶带, C02, 50.00
<==        Row: 245, 1011-R015-2525-C02-0900, 50μm茶色膜PET胶带, C02, 50.00
<==        Row: 10, 1011-R02-0903-B05-0300, 12μm蓝色PET终止胶带, B05, 12.00
<==        Row: 9, 1011-R02-0903-G03-0300, 12μm无机翠绿PET胶带, G03, 12.00
<==        Row: 336, 1011-R02-0903-G03-0300H, 12μm无机翠绿PET数字终止胶带, G03, 12.00
<==        Row: 394, 1011-R02-1204-B05-0300, 16μm蓝色PET终止胶带, B05, 16.00
<==        Row: 102, 1011-R02-1204-G01-0300, 16μm翠绿PET胶带, G01, 16.00
<==        Row: 103, 1011-R02-1204-G03-0200, 16μm无机翠绿PET胶带, G03, 16.00
<==        Row: 101, 1011-R02-1204-G03-0300, 16u无机翠绿PET胶带, G03, 16.00
<==        Row: 337, 1011-R02-1204-G03-0300H, 16μm无机翠绿PET数字终止胶带, G03, 16.00
<==        Row: 303, 1011-R02-1204-G03-0500, 16μm绿色PET终止胶带, G03, 16.00
<==        Row: 118, 1011-R02-1210-B05-0450, 22μm蓝色PET终止胶带, B05, 22.00
<==        Row: 104, 1011-R02-1502-B02-0300, 17μm深蓝PET终止胶带, B02, 17.00
<==        Row: 107, 1011-R02-1503-B05-0200H, 18μ蓝色数字PET终止胶带, B05, 18.00
<==        Row: 304, 1011-R02-1503-G01-0200, 18μm翠绿PET终止胶带, G01, 18.00
<==        Row: 105, 1011-R02-1503-G01-0200H, 18μm翠绿数字PET胶带, G01, 18.00
<==        Row: 106, 1011-R02-1503-G06-0300, 18μm草绿PET胶带, G01, 18.00
<==        Row: 109, 1011-R02-1506-C01-0100, 21μm茶色胶水PET胶带, C01, 21.00
<==        Row: 432, 1011-R02-1506-C01-0100H, 21μm茶色胶水PET印字胶带, C01, 21.00
<==        Row: 110, 1011-R02-1506-C01-0300, 21μm茶色胶水PET胶带, C01, 21.00
<==        Row: 108, 1011-R02-1506-G01-0100, 21μm翠绿低粘PET胶带, G01, 21.00
<==        Row: 373, 1011-R02-1506-G01-0100H, 21μm翠绿低粘PET数字胶带, G01, 21.00
<==        Row: 113, 1011-R02-1506-G01-0300H, 21μm翠绿数字PET胶带, G01, 21.00
<==        Row: 111, 1011-R02-1506-G01-0350, 21μm翠绿PET胶带, G01, 21.00
<==        Row: 112, 1011-R02-1506-G01-0350H, 21μm翠绿数字PET胶带, G01, 21.00
<==        Row: 353, 1011-R02-1506-G03-0300H, 21μm无机翠绿PET终止胶带, G03, 21.00
<==        Row: 115, 1011-R02-1506-G09-0350, 21μm含卤翠绿PET胶带, G09, 21.00
<==        Row: 114, 1011-R02-1506-G10-0090H, 21μm无机翠绿PET数字胶带, G10, 21.00
<==        Row: 508, 1011-R02-1507-B01-0300, 22μm蓝色PET终止胶带, B01, 22.00
<==        Row: 116, 1011-R02-1507-B01-0400, 22μmPET蓝色胶, B01, 22.00
<==        Row: 201, 1011-R02-1507-B01-0400H, 22μmPET蓝色数字胶, B01, 22.00
<==        Row: 202, 1011-R02-1507-B05-0400, 22μm蓝色PET终止胶带, B05, 22.00
<==        Row: 117, 1011-R02-1507-B11-0400, 22μmPET蓝色数字胶, B11, 22.00
<==        Row: 121, 1011-R02-1507-G03-0200, 22μm无机翠绿PET胶带, G03, 22.00
<==        Row: 122, 1011-R02-1507-G03-0300, 22μm无机翠绿PET胶带, G03, 22.00
<==        Row: 123, 1011-R02-1507-G03-0400, 22μm无机翠绿PET胶带, G03, 22.00
<==        Row: 448, 1011-R02-1507-G03-0400H, 22μm无机翠绿PET数字终止胶带, G03, 22.00
<==        Row: 124, 1011-R02-1507-G03-0500, 22μm无机翠绿PET胶带, G03, 22.00
<==        Row: 119, 1011-R02-1507-G05-0350, 22μm墨绿PET胶带, G05, 22.00
<==        Row: 120, 1011-R02-1507-G05-0350H, 22μm墨绿数字PET胶带, G05, 22.00
<==        Row: 397, 1011-R02-1507-G08-0300, 22μm军绿色PET终止胶带, G08, 22.00
<==        Row: 203, 1011-R02-1510-B01-0400, 25μm浅蓝PET胶带, B01, 25.00
<==        Row: 481, 1011-R02-1510-Y01-0400, 25μm黄色PET终止胶带, Y01, 25.00
<==        Row: 315, 1011-R02-1512-G10-0500H, 27μm无机翠绿PET数字胶带, G10, 27.00
<==        Row: 207, 1011-R02-1515-B01-0400, 30μm浅蓝PET胶带, B01, 30.00
<==        Row: 145, 1011-R02-1515-C05-0600, 30μm茶色胶水PET胶带, C05, 30.00
<==        Row: 224, 1011-R02-1520-C01-0600, 35μm茶色胶水PET胶带, C01, 35.00
<==        Row: 464, 1011-R02-1535-C05-1000H, 50μm茶色印字胶带, C05, 50.00
<==        Row: 318, 1011-R02-1904-G01-0200, 23μm绿色PET终止胶带, G01, 23.00
<==        Row: 323, 1011-R02-1904-G06-0200, 23μm绿色PET终止胶带, G06, 23.00
<==        Row: 399, 1011-R02-1905-B05-0300, 24μm蓝色PET终止胶带, B05, 24.00
<==        Row: 125, 1011-R02-1905-G01-0300, 25μ翠绿PET胶带, G01, 25.00
<==        Row: 322, 1011-R02-2003-G01-0200H, 23μm绿色PET数字终止胶带, G01, 23.00
<==        Row: 298, 1011-R02-2010-B01-0300, 30μm蓝色终止胶带, B01, 30.00
<==        Row: 206, 1011-R02-2010-B01-0400, 30μm浅蓝PET胶带, B01, 30.00
<==        Row: 198, 1011-R02-2010-B01-0400A, 30μm浅蓝PET胶带, B01, 30.00
<==        Row: 204, 1011-R02-2010-B02-0350, 30μm深蓝PET胶带, B02, 30.00
<==        Row: 563, 1011-R02-2010-B02-0350-HCD1-20, 30μm蓝色PET印字胶带（HCD1-20）, B02, 30.00
<==        Row: 205, 1011-R02-2010-B02-0350H, 30μm深蓝数字PET胶带, B02, 30.00
<==        Row: 468, 1011-R02-2010-B02-0350HCD1-20, 1011-R02-2010-B02-0350HCD1-20, B02, null
<==        Row: 506, 1011-R02-2010-B02-0500-JZM1/JZM2, 30μm蓝色PET印字胶带, B02, 30.00
<==        Row: 129, 1011-R02-2010-B02-0500H, 30μm深蓝数字PET胶带, B02, 30.00
<==        Row: 208, 1011-R02-2010-B05-0400, 30μm蓝色PET终止胶带, B05, 30.00
<==        Row: 314, 1011-R02-2010-B05-0500, 30μm蓝色PET终止胶带, B05, 30.00
<==        Row: 143, 1011-R02-2010-BK01-0450, 30μm黑色PET胶带, BK01, 30.00
<==        Row: 130, 1011-R02-2010-G01-0050, 30μm翠绿PET低粘胶带, G01, 30.00
<==        Row: 131, 1011-R02-2010-G01-0050H, 30μm翠绿数字PET低粘胶带, G01, 30.00
<==        Row: 209, 1011-R02-2010-G01-0350, 30μm翠绿PET胶带, G01, 30.00
<==        Row: 494, 1011-R02-2010-G01-0350-FF, 30μm绿色PET印字胶带, G01, 30.00
<==        Row: 562, 1011-R02-2010-G01-0350-HCD1-20, 30μm翠绿PET印字胶带（HCD1-20）, G01, 30.00
<==        Row: 461, 1011-R02-2010-G01-0350-SH1-SH15, 30μm翠绿PET印字胶带（SH1-SH15）, G01, 30.00
<==        Row: 485, 1011-R02-2010-G01-0350-SYS, 30μm绿色印字终止胶, G01, 30.00
<==        Row: 500, 1011-R02-2010-G01-0350-WH, 30μm翠绿PET印字胶带, G01, 30.00
<==        Row: 210, 1011-R02-2010-G01-0350H, 30μm翠绿数字PET胶带, G01, 30.00
<==        Row: 467, 1011-R02-2010-G01-0350HCD1-20, 1011-R02-2010-G01-0350HCD1-20, G01, null
<==        Row: 306, 1011-R02-2010-G01-0400, 30μm翠绿PET终止胶带, G01, 30.00
<==        Row: 455, 1011-R02-2010-G01-0500, 30μm翠绿PET终止胶带, G01, 30.00
<==        Row: 126, 1011-R02-2010-G01-0500H, 30μm翠绿数字PET胶带, G01, 30.00
<==        Row: 361, 1011-R02-2010-G03-0400, 30μm无机翠绿PET终止胶带, G03, 30.00
<==        Row: 148, 1011-R02-2010-G03-0500, 30μm无机翠绿PET胶带, G03, 30.00
<==        Row: 362, 1011-R02-2010-G03-0500A, 30μm无机翠绿PET终止胶带, G03, 30.00
<==        Row: 216, 1011-R02-2010-G05-0450, 30μm墨绿PET胶带, G05, 30.00
<==        Row: 217, 1011-R02-2010-G05-0450H, 30μm墨绿数字PET胶带, G05, 30.00
<==        Row: 297, 1011-R02-2010-G06-0500, 30μm无机翠绿终止胶带, G03, 0.00
<==        Row: 444, 1011-R02-2010-G07-0400H, 30μm墨绿PET数字终止胶带, G07, 30.00
<==        Row: 221, 1011-R02-2010-G07-0450H, 30μm墨绿PET数字终止胶, G07, 30.00
<==        Row: 140, 1011-R02-2010-G09-0500, 30μm含卤翠绿PET胶带, G09, 30.00
<==        Row: 398, 1011-R02-2010-G13-0300-KXYS, 30μm草绿色PET终止胶带, G13, 30.00
<==        Row: 138, 1011-R02-2010-G13-0300H, 30μm含卤草绿数字PET胶带, G13, 30.00
<==        Row: 139, 1011-R02-2010-G13-0400, 30μm含卤草绿PET胶带, G13, 30.00
<==        Row: 215, 1011-R02-2010-T01-0400H, 30μm透明数字PET胶带, T01, 30.00
<==        Row: 213, 1011-R02-2010-T01-0450, 30μm透明PET胶带, T01, 30.00
<==        Row: 214, 1011-R02-2010-T01-0450H, 30μm透明数字PET胶带, T01, 30.00
<==        Row: 128, 1011-R02-2010-T01-0500H, 30μm透明数字PET胶带, T01, 30.00
<==        Row: 338, 1011-R02-2010-Y01-0500-H, 30μm黄色PET数字终止胶带, Y01, 30.00
<==        Row: 127, 1011-R02-2010-Y01-0500H, 30μm黄色数字PET胶带, Y01, 30.00
<==        Row: 326, 1011-R02-2013-G03-0500, 33μm绿色PET终止胶带, G03, 33.00
<==        Row: 327, 1011-R02-2013-G03-0500A, 33μm绿色PET终止胶带, G03, 33.00
<==        Row: 242, 1011-R02-2030-C01-1200, 50μm茶色胶水PET胶带, C01, 50.00
<==        Row: 424, 1011-R02-2030-C01-1200-H6, 50μm茶色胶水PET印字胶带, C01, 50.00
<==        Row: 473, 1011-R02-2031-C01-0800, 51μm茶色胶水PET胶带, C01, 51.00
<==        Row: 265, 1011-R02-2035-C01-0800, 55μm茶色胶水PET胶带, C01, 55.00
<==        Row: 308, 1011-R02-2035-C01H-0800, 55μm深茶色PET胶带, C01H, 55.00
<==        Row: 149, 1011-R02-2304-G01-0200H, 30um翠绿数字PET终止胶带, G01, 30.00
<==        Row: 294, 1011-R02-2307-B01-0400, 蓝色PET胶带, B01, 30.00
<==        Row: 134, 1011-R02-2307-B05-0300, 30μm蓝色PET终止胶带, B05, 30.00
<==        Row: 146, 1011-R02-2307-B05-0400, 30μm蓝色PET终止胶带, B05, 30.00
<==        Row: 132, 1011-R02-2307-G01-0300, 30μm翠绿PET胶带, G01, 30.00
<==        Row: 133, 1011-R02-2307-G01-0300H, 30μm翠绿数字PET胶带, G01, 30.00
<==        Row: 495, 1011-R02-2307-G01-0400, 30μm翠绿PET终止胶带, G01, 30.00
<==        Row: 211, 1011-R02-2307-G03-0350, 30μm无机翠绿PET胶带, G03, 30.00
<==        Row: 345, 1011-R02-2307-G03-0350A, 30μm无机翠绿PET终止胶带, G03, 30.00
<==        Row: 212, 1011-R02-2307-G03-0350H, 30μm无机翠绿数字PET胶带, G03, 30.00
<==        Row: 200, 1011-R02-2307-G03-0400, 30μm无机翠绿PET胶带, G03, 30.00
<==        Row: 199, 1011-R02-2307-G03-0400H, 30μm无机翠绿数字PET胶带, G03, 30.00
<==        Row: 141, 1011-R02-2505-C02-0200, 30μm茶色膜PET胶带, C02, 30.00
<==        Row: 136, 1011-R02-2505-G01-0200, 30um翠绿PET终止胶带, G01, 30.00
<==        Row: 137, 1011-R02-2505-G01-0200H, 30um翠绿数字PET终止胶带, G01, 30.00
<==        Row: 142, 1011-R02-2505-W01-0500, 30μm白色PET终止胶带, W01, 30.00
<==        Row: 152, 1011-R02-2510-C02-0400, 35μm茶色膜PET胶带, C02, 35.00
<==        Row: 225, 1011-R02-2510-C02-0700, 35μm茶色膜PET胶带, C02, 35.00
<==        Row: 343, 1011-R02-2510-C02Q-0700, 35μm茶色终止胶带, C02Q, 35.00
<==        Row: 377, 1011-R02-2510-G01-0500, 35μm翠绿PET终止胶带, G01, 35.00
<==        Row: 156, 1011-R02-2510-G03-0700, 35μm无机翠绿PET胶带, G03, 30.00
<==        Row: 161, 1011-R02-2520-G01-0450, 45μm翠绿PET胶带, G01, 45.00
<==        Row: 162, 1011-R02-2520-G01-0450H, 45μm翠绿数字PET胶带, G01, 45.00
<==        Row: 434, 1011-R02-2520-G03-0500, 45μm无机翠绿PET终止胶带, G03, 45.00
<==        Row: 233, 1011-R02-2520-T01-0450H, 45μm透明数字PET胶带, T01, 45.00
<==        Row: 163, 1011-R02-2520-W01-0500, 45μm白色接胶带, W01, 45.00
<==        Row: 390, 1011-R02-2525-B01-0500, 50μm蓝色PET终止胶带, B01, 50.00
<==        Row: 164, 1011-R02-2525-B01-0600, 50μm蓝色PET胶带, B01, 50.00
<==        Row: 430, 1011-R02-2525-B01-0600A, 50μm蓝色PET终止胶带, B01, 50.00
<==        Row: 313, 1011-R02-2525-B03-0500, 50μm蓝色PET终止胶带, B03, 50.00
<==        Row: 237, 1011-R02-2525-B04-0500, 50μm浅蓝色PET胶带, B04, 50.00
<==        Row: 295, 1011-R02-2525-B04-0600, 50μm蓝色PET终止胶带, B05, 50.00
<==        Row: 236, 1011-R02-2525-B05-0500, 50μm蓝色PET终止胶带, B05, 50.00
<==        Row: 316, 1011-R02-2525-B05-0500A, 50μm蓝色PET终止胶带, B05, 50.00
<==        Row: 360, 1011-R02-2525-B05-0600, 50μm蓝色PET终止胶带, B05, 50.00
<==        Row: 238, 1011-R02-2525-C01-0700, 50μm茶色胶水PET胶带, C01, 50.00
<==        Row: 239, 1011-R02-2525-C01-0800, 50μm茶色胶水PET胶带, C01, 50.00
<==        Row: 247, 1011-R02-2525-C01-0800XRT, 50μm茶色胶水PET印字胶带, C01, 50.00
<==        Row: 240, 1011-R02-2525-C01-0900, 50μm茶色胶水PET胶带, C01, 50.00
<==        Row: 413, 1011-R02-2525-C01-0900-DX, 50μm茶色胶水PET印字胶带, C01, 50.00
<==        Row: 420, 1011-R02-2525-C01-0900-PZX, 50μm茶色胶水PET印字胶带, C01, 50.00
<==        Row: 248, 1011-R02-2525-C01-0900DX, 50μm茶色胶水PET印字胶带, C01, 50.00
<==        Row: 249, 1011-R02-2525-C01-0900HW, 50μm茶色胶水PET印字胶带, C01, 50.00
<==        Row: 250, 1011-R02-2525-C01-0900PNX, 50μm茶色胶水PET印字胶带, C01, 50.00
<==        Row: 251, 1011-R02-2525-C01-0900SSD, 50μm茶色胶水PET印字胶带, C01, 50.00
<==        Row: 241, 1011-R02-2525-C01-1200, 50μm茶色胶水PET胶带, C01, 50.00
<==        Row: 570, 1011-R02-2525-C01-1200--XRY, 50μm茶色胶水PET印字胶带, C01, 50.00
<==        Row: 507, 1011-R02-2525-C01-1200-CYZY, 50μm茶色胶水PET印字胶带, C01, 50.00
<==        Row: 516, 1011-R02-2525-C01-1200-F1闪电, 50μm茶色胶水PET印字胶带, C01, 50.00
<==        Row: 451, 1011-R02-2525-C01-1200-X, 50μm茶色胶水PET印字胶带, C01, 50.00
<==        Row: 501, 1011-R02-2525-C01-1200-XRY, 1011-R02-2525-C01-1200-XRY, C01, null
<==        Row: 484, 1011-R02-2525-C01-1200-闪电, 50μm茶色胶水PET印字胶带, C01, 50.00
<==        Row: 252, 1011-R02-2525-C01-1200HC, 50μm茶色胶水PET印字胶带, C01, 50.00
<==        Row: 253, 1011-R02-2525-C01H-0800, 50μm茶色胶水PET胶带, C01H, 50.00
<==        Row: 254, 1011-R02-2525-C01H-1200, 50μm茶色胶水PET胶带, C01H, 50.00
<==        Row: 505, 1011-R02-2525-C02-0700, 50μm茶色膜PET胶带, C02, 50.00
<==        Row: 246, 1011-R02-2525-C02-1200, 50μm茶色膜PET胶带, C02, 50.00
<==        Row: 446, 1011-R02-2525-C05-1200, 50μm茶色PET胶带, C05, 50.00
<==        Row: 171, 1011-R02-2525-G01-0500, 50μm翠绿PET胶带, G01, 50.00
<==        Row: 339, 1011-R02-2525-W01-0800, 50μm白色PET终止胶带, W01, 50.00
<==        Row: 266, 1011-R02-2530-C02-1200, 55μm茶色膜PET胶带, C02, 55.00
<==        Row: 159, 1011-R02-3609-G01-0200, 45μm翠绿PET胶带, G01, 45.00
<==        Row: 158, 1011-R02-3609-G01-0200H, 45μm翠绿数字PET胶带, G01, 45.00
<==        Row: 160, 1011-R02-3609-T01-0400, 45μm透明PET胶带, T01, 45.00
<==        Row: 503, 1011-R02-3624-T01-1200, 60μm透明PET终止胶带, T01, 72.00
<==        Row: 244, 1011-R04-2525-C02-0650, 50μm茶色膜PET胶带, C02, 50.00
<==        Row: 219, 1012-DG-2505-B05-0006, 30μm浅蓝色PET保护膜胶带, B05, 30.00
<==        Row: 218, 1012-R00-2505-B05-0006, 30μm浅蓝色PET保护膜胶带, B05, 30.00
<==        Row: 193, 1012-R00-5007-B01-0006, 57μm浅蓝PET保护膜胶带, B01, 57.00
<==        Row: 186, 1012-R015-5055-B06-1300, 110μm动力电池保护膜, B08, 110.00
<==        Row: 185, 1012-R015-5055-B08-1300, 110μm动力电池保护膜, B08, 110.00
<==        Row: 335, 1012-R015-5060-B06-1300, 110μm蓝色PET包裹膜, B06, 110.00
<==        Row: 187, 1012-R02-10030-B05-1200, 130μm蓝色PET终止胶带, B05, 130.00
<==        Row: 380, 1012-R02-5030-B07-0900, 80μm蓝色PET终止胶带, B07, 80.00
<==        Row: 281, 1012-R02-5030-B07-1200, 80μm深蓝色PET胶带, B07, 80.00
<==        Row: 182, 1012-R02-5045-C05-1200, 95μm茶色胶水PET胶带, C05, 95.00
<==        Row: 287, 1012-R02-5050-B05-0500, 100μm蓝色PET胶带, B05, 100.00
<==        Row: 414, 1012-R02-7507-G01-0200, 82μm绿色PET保护膜, G01, 82.00
<==        Row: 280, 1012-TE25-5030-B07-0900, 80μm深蓝色PET胶带, B07, 80.00
<==        Row: 184, 1012-TE25-5055-B08-1300, 105μm动力电池保护膜, B08, 105.00
<==        Row: 388, 1012-TE25-5060-B08-1300, 110μm动力电池保护膜, B08, 110.00
<==        Row: 346, 1012-TE75-5045-C05-1200, 95μm茶色胶水PET胶带（带离型膜）, C05, 95.00
<==        Row: 176, 1012-WW-55-T01-0005, 55μm透明PET保护膜, T01, 55.00
<==        Row: 497, 1012C-R00-5007-B01-0006, 57μm浅蓝PET保护膜胶带, B01, 57.00
<==        Row: 197, 1013-R075-205B, 205μm红膜双面胶带-外贸, T01, 205.00
<==        Row: 340, 1013-T10-35-T01-1000-W12, 35μm透明PET热熔双面胶, T01, 35.00
<==        Row: 492, 1013－TE25－1515－B05－1200, 55μm蓝色PET双面胶, B05, 55.00
<==        Row: 173, 1013-TE25-15T-2020-B10-1200, 55μm浅蓝色PET双面胶带, B10, 55.00
<==        Row: 349, 1013-TE25-15T-55-B01-1200, 55μm蓝色PET双面胶, B01, 55.00
<==        Row: 172, 1013-TE25-25T-1515-B05-1200, 55μm蓝色双面PET胶带, B05, 55.00
<==        Row: 330, 1013-TE25-35-T01-1000, PET强弱双面胶, T01, 35.00
<==        Row: 299, 1016-R02-2010-B01-0300, 30蓝色胶带, B01, 30.00
<==        Row: 296, 1016-R02-2010-B01-0400, 30μm胶带, B01, 30.00
<==        Row: 576, 1016-R02-2010-B01-0400-90, 30μm蓝色间隙胶带W90, B01, 30.00
<==        Row: 504, 1016-R02-2010-B05-0400, 30μm蓝色PET终止胶带, B05, 30.00
<==        Row: 157, 1016-R02-2510-B05-0400, 35μm蓝色间隔胶带, B05, 35.00
<==        Row: 363, 1016-R02-2525-B03-0500, 50μm蓝色PET终止胶带, B03, 50.00
<==        Row: 230, 102-R00-2515-W01-0400, 40μm白色PET硅胶胶带, W01, 40.00
<==        Row: 235, 102-R00-2520-G12-0700, 45μm绿色PET硅胶带, G12, 45.00
<==        Row: 352, 102-R00-3614-G12-0800, 50μm绿色PET硅胶, G12, 50.00
<==        Row: 411, 102-R00-5015-Y01-0300, 65μm黄色pet硅胶带, Y01, 65.00
<==        Row: 276, 102-R00-5015-Y01-0700, 65μm黄色PET硅胶胶带, Y01, 65.00
<==        Row: 404, 102-TE50-5015-Y01-0300, 65μm黄色PET硅胶胶带贴合氟塑膜, Y01, 65.00
<==        Row: 334, 103-R00-2505-T01-0002, 30μm透明PET保护膜, T01, 30.00
<==        Row: 234, 103-R00-3807-G12-0250, 45μm绿色PET硅胶带, G12, 45.00
<==        Row: 409, 103-R00-4508-T01-0030, 53μm透明硅胶保护膜, T01, 45.00
<==        Row: 453, 103-R00-5005-B01-0030, 55μmPET硅胶保护膜, B01, 55.00
<==        Row: 273, 103-R00-5010-G12-0100, 60μm绿色PET硅胶保护膜, G12, 60.00
<==        Row: 274, 103-R00-5010-G12-0250, 60μm绿色PET硅胶保护膜, G12, 60.00
<==        Row: 279, 103-R00-7505-T01-0010, 80μm透明硅胶PET保护膜, T01, 82.00
<==        Row: 282, 103-R00-7515-T01-0250, 90μm透明PET硅胶保护膜, T01, 90.00
<==        Row: 392, 103-R00-85-T01-0015, 85μm透明PET平纹硅胶保护膜, T01, 53.00
<==        Row: 321, 103-WW-50-B01-0020, 50μm蓝色网纹胶带, B01, 50.00
<==        Row: 293, 103-WW-5005-B01-0015, 网纹硅胶保护膜, B01, 55.00
<==        Row: 178, 103-WW-55-B01-0015, 55μm蓝色硅胶网纹PET保护膜, B01, 55.00
<==        Row: 177, 103-WW-55-T01-0006, 55μm透明硅胶PET保护膜, T01, 55.00
<==        Row: 305, 103-WW-55-T01-0015, 55μm透明网纹胶带, T01, 55.00
<==        Row: 278, 103-WW-7505-T01-0006, 80μm透明网纹硅胶PET, T01, 80.00
<==        Row: 348, 103-WW-85-T01-0015, 85μm硅胶网纹保护膜, T01, 85.00
<==        Row: 226, 201-R00-2510-C03-0100, 35μm低粘PI极耳胶带, C03, 35.00
<==        Row: 267, 201-R01-2530-C03-1000, 55μm茶色PI胶带, C03, 55.00
<==        Row: 144, 201-R015-2505-C03-0400, 30μm茶色PI极耳胶带, C03, 32.00
<==        Row: 150, 201-R015-2507-C03-0400, 32μm茶色PI极耳胶带, C03, 32.00
<==        Row: 155, 201-R015-2510-C03-0400, 35μm茶色PI极耳胶带, C03, 35.00
<==        Row: 243, 201-R015-2525-C03-0500, 50μm茶色PI极耳胶带, C03, 50.00
<==        Row: 393, 201-R015-2525-C03-0500A, 50μm茶色PI极耳胶带, C03, 50.00
<==        Row: 165, 201-R015-2527-C03-0500, 52μm茶色PI极耳胶带, C03, 55.00
<==        Row: 175, 201-R015-2530-C03-0500, 55μm茶色PI极耳胶带, C03, 55.00
<==        Row: 426, 201-R015-5030-C03-0800, 80μm茶色PI极耳胶带, C03, 80.00
<==        Row: 488, 201-R015-5050-C03-0800, 100μm茶色PI极耳胶带, C03, 100.00
<==        Row: 153, 201-R02-2510-C03-0500, 35μm茶色PI极耳胶带, C03, 35.00
<==        Row: 356, 201-R02-2510-C03-0550, 35μm茶色PI极耳胶带, C03, 35.00
<==        Row: 460, 201-R02-2525-C03-0300, 50μm茶色PI极耳胶带, C03, 50.00
<==        Row: 166, 201-R02-2525-C03-0600, 50μm茶色PI极耳胶带, C03, 50.00
<==        Row: 419, 201-R02-2525-C03-1000, 50μm茶色PI极耳胶带, C03, 50.00
<==        Row: 403, 201-R02-2530-C03-0600, 55μm茶色PI极耳胶带, C03, 55.00
<==        Row: 351, 201-R02-2530-C03-1000, 55μm茶色PI极耳胶带, C03, 55.00
<==        Row: 301, 201-R02-2530-C03-1000A, 55μm茶色PI极耳胶带, C03, 55.00
<==        Row: 268, 201-R02-2530-C03-1200, 55μm茶色PI胶带, C03, 55.00
<==        Row: 302, 201-R02-5050-C03-1000, 100μm茶色PI极耳胶带, C03, 100.00
<==        Row: 454, 201-R04-2510-C03-0700A, 35μm茶色PI极耳胶带, C03, 35.00
<==        Row: 154, 201-R04-2510-C03-0700M, 35μm茶色PI极耳胶带, C03, 35.00
<==        Row: 167, 201-R04-2525-C03-0700, 50μm茶色PI极耳胶带, C03, 50.00
<==        Row: 170, 201-R04-2525-C03-0900M, 50μm茶色PI极耳胶带, C03, 55.00
<==        Row: 174, 201-R04-2530-C03-0900M, 55μm茶色PI胶带, C03, 55.00
<==        Row: 275, 201-R04-2535-C03-0900M, 60μm茶色PI极耳胶带, C03, 60.00
<==        Row: 286, 201-R04-5050-C03-0800, 100μm茶色PI极耳胶带, C03, 100.00
<==        Row: 357, 201-RF-TE50-2525-C03-0900M, 50μm茶色PI抗静电胶带（带离型膜）, C03, 50.00
<==        Row: 579, 201-RO2-2530-C03-1000A, 55μmPI极耳胶带, C03, 55.00
<==        Row: 395, 201-TE50-2525-C03-0900M, 50μm茶色PI极耳胶带, C03, 50.00
<==        Row: 370, 201-TE50-5050-C03-1200, 100μm茶色PI极耳胶带（带离型膜）, C03, 100.00
<==        Row: 379, 201-TE75-2530-C03-1000, 55μm茶色PI极耳胶带（带离型膜）, C03, 55.00
<==        Row: 374, 2011-R02-2125-BK01-1200, 40μm黑色PET胶带, BK01, 40.00
<==        Row: 408, 2011-R02-2325-BK01-1200, 48μm黑色PET胶带, BK01, 48.00
<==        Row: 381, 2011-R02-2525-BK01-0800, 50μm黑色PET胶带, BK01, 50.00
<==        Row: 575, 2011-R02-2525-BK01-1000, 50um 黑色PET胶带（亚克力）, BK01, 0.00
<==        Row: 168, 2011-R02-2525-BK01-1200, 50μm哑黑PET胶带, BK01, 50.00
<==        Row: 376, 2011-R02-2625-BK01-1200, 51μm黑色PET胶带, BK01, 51.00
<==        Row: 425, 2011-R02-2725-BK01-1200, 52μm黑色PET胶带, BK01, 52.00
<==        Row: 389, 2011-R02-2825-BK01-1200, 53μm黑色PET胶带, BK01, 53.00
<==        Row: 423, 2011-R02-7525-BK01-1200, 100μm黑色PET胶带, BK01, 110.00
<==        Row: 378, 2011-R02-7825-BK01-1200, 103μm黑色PET胶带, BK01, 103.00
<==        Row: 422, 202-R02-2020-BK01-1200, 40μm黑色PI胶带, BK01, 40.00
<==        Row: 421, 202-R02-2025-BK01-1200, 45μm黑色PI胶带, BK01, 45.00
<==        Row: 382, 202-R02-2425-BK01-1200, 49μm黑色PI胶带, BK01, 49.00
<==        Row: 407, 202-R02-2525-BK01-1200, 52μm黑色PI胶带, BK01, 52.00
<==        Row: 405, 202-R02-2725-BK01-1200, 52μm黑色PI胶带, BK01, 52.00
<==        Row: 386, 202-R02-2825-BK01-1200, 53μm黑色PI胶带, BK01, 53.00
<==        Row: 383, 202-R02-3222-BK01-1200, 55μm黑色PI胶带, BK01, 55.00
<==        Row: 375, 202-R02-3322-BK01-1200, 55μm黑色PI胶带, BK01, 55.00
<==        Row: 223, 202-TE50-2510-BK01-0500, 35μm哑黑PI胶带-外购, BK01, 35.00
<==        Row: 355, 202-ZR-2530-BK01-1000, 55μm黑色PI阻燃胶带, BK01, 55.00
<==        Row: 169, 202-ZR-R02-2427-BK01-1200, 50μm黑色PI阻燃胶带, BK01, 50.00
<==        Row: 372, 202-ZR-R02-2525-BK01-1200, 50μm黑色PI阻燃胶带, BK01, 50.00
<==        Row: 406, 202-ZR-R02-2530-BK01-1000, 55μm黑色PI阻燃胶带, BK01, 55.00
<==        Row: 418, 202-ZR-R02-2624-BK01-1200, 48μm黑色PI阻燃胶带, BK01, 48.00
<==        Row: 417, 202-ZR-R02-2711-BK01-1200, 38μm黑色PI阻燃胶带, BK01, 38.00
<==        Row: 371, 202-ZR-R02-2812-BK01-1200, 40μm黑色PI阻燃胶带, BK01, 40.00
<==        Row: 431, 205-R02-2525-C03-0800, 50μm茶色PI极耳胶带, C03, 50.00
<==        Row: 228, 301-36-T01-H, 36μm透明BOPP印字胶, T01, 36.00
<==        Row: 231, 301-ML-3010-Y02-0500, 40μm黄色玛拉胶, Y02, 42.00
<==        Row: 135, 301-R02-2505-G02-0200, 30μm翠绿OPP胶带, G02, 30.00
<==        Row: 220, 301-R02-2505-T01-0300, 30um透明OPP终止胶带, T01, 30.00
<==        Row: 151, 301-R02-2507-N01-0400, 32μm灰色BOPP终止胶带, N01, 32.00
<==        Row: 222, 301-R02-2508-G02-0300, 33μm翠绿OPP胶带, G02, 33.00
<==        Row: 232, 301-R02-2814-G02-0300, 42μm翠绿OPP胶带, G02, 42.00
<==        Row: 229, 301-R02-36-G02-0300, 36μm绿色BOPP胶带, G02, 36.00
<==        Row: 179, 301-R02-5015-Y01-0500, 65μm黄色BOPP胶带, Y01, 67.00
<==        Row: 344, 301-RO2-2307-B05-0300, 30μm蓝色BOPP终止胶带, B05, 30.00
<==        Row: 277, 302-R00-3830-N01-1000, 68μm咖啡极耳胶带, N01, 68.00
<==        Row: 180, 302-R00-6012-B01-0015, 72μmBOPP保护膜胶带, B01, 72.00
<==        Row: 181, 302-R00-6012-B01-0025, 72μmBOPP保护膜胶带, B01, 72.00
<==        Row: 195, 302-R00-6012-T01-0025, 72μmBOPP透明胶带, T01, 72.00
<==        Row: 284, 302-R00-6035-N01-1200, 95μm咖啡色BOPP胶带, N01, 95.00
<==        Row: 283, 302-R00-6530-N01-1200, 95μm咖啡色BOPP胶带, N01, 95.00
<==        Row: 429, 302-R02-3830-N01-1000, 68μm咖啡极耳胶带, N01, 68.00
<==        Row: 307, 303-DG-3650-T01-3000, 86μm透明BOOP撕膜胶带, T01, 86.00
<==        Row: 331, 303-DG-5050-T01-3000, 100μm透明撕膜胶带, T01, 100.00
<==        Row: 475, 303-DG-5050-T01-4000, 100μm透明BOPP撕膜胶带, T01, 35.00
<==        Row: 319, 303-DG-5080-T01-4000, 130μm透明撕膜胶带, T01, 50.00
<==        Row: 100, 303-R02-1204-G03-0300, 16μm无机翠绿橡胶胶带, G03, 16.00
<==        Row: 147, 303-R02-2010-G03-0500, 30μm无机翠绿橡胶PET胶带, G03, 30.00
<==        Row: 183, 303-R02-5050-T01-3000, 100μm橡胶PET胶带, T01, 100.00
<==        Row: 309, 303-R03-2525-Y01-1200, 50μm黄色撕膜胶带, Y01, 50.00
<==        Row: 288, 308-R00-140-T01-0600, 140μm美纹纸胶带-外购, T01, 140.00
<==        Row: 578, 4011-1508W-4555-G08-3050, 1508白双面白色PE泡棉（80绿膜）, W01, 800.00
<==        Row: 292, 456-R00-17530-G09/G08-0900, 205um透明PET胶带-外贸, T01, 205.00
<==        Row: 385, 501-100-W01-1100, 100μm白色糯米纸胶带, W01, 100.00
<==        Row: 384, 501-130-W01-1100, 130μm白色糯米纸胶带, W01, 130.00
<==        Row: 400, 501-90-W01-1100, 90μm白色糯米纸胶带, W01, 90.00
<==        Row: 188, 5011-R00-4005-T01-0030, 45μm溶胀胶带, T01, 45.00
<==        Row: 415, 5011-R00-4005-T01-0030H, 45μm透明溶胀数字胶, T01, 48.00
<==        Row: 189, 5011-R00-4005-T01-0050, 45μm溶胀胶带, T01, 45.00
<==        Row: 190, 5011-R00-4010-T01-0050, 50μmOPS溶胀胶带, T01, 50.00
<==        Row: 191, 5011-R00-4010-T01-0100, 50μmOPS溶胀胶带, T01, 50.00
<==        Row: 194, 5011-R00-5010-T01-0050, 60μmOPS溶胀胶带, T01, 60.00
<==        Row: 476, 5012-12T-1012-T01-0400-HG09, 35μm透明PET热熔双面胶, T01, 36.00
<==        Row: 347, 5012-12T-1012-T01-0400-W25, 35μm透明PET热熔双面胶, T01, 35.00
<==        Row: 312, 5012-B25-50-B05-0500, 50μm蓝色热熔PET双面胶, B05, 50.00
<==        Row: 391, 5012-TE12-0805-T01-0300, 25μm透明PET热熔胶, T01, 85.00
<==        Row: 310, 5012-TE12-0805-T01-0300-W25, 25μm热熔PET双面胶, T01, 25.00
<==        Row: 332, 5012-TE12-1012-T01-0400-HG09, 35μm热熔PET双面胶, T01, 35.00
<==        Row: 300, 5012-TE12-25-T01-0300-W25, 25μm热熔PET双面胶, T01, 25.00
<==        Row: 333, 5012-TE12-35-T01-0400-HG09, 35μm热熔PET双面胶, T01, 35.00
<==        Row: 410, 5012-TE20-45-T01-0500-W50, 45μmPET热熔胶带, T01, 45.00
<==        Row: 359, 5012-TE20-48-T01-0010, 48μm透明PET热熔双面胶, T01, 35.00
<==        Row: 435, 5012-TE20-48-T01-0500, 48μm透明PET热熔双面胶, T01, 100.00
<==        Row: 311, 5012-TE20-48-T01-0500-W50, 48μm热熔PET双面胶, T01, 48.00
<==        Row: 192, 5016-R00-4010-T01-0100, 50μmTPU溶胀胶带, T01, 50.00
<==        Row: 289, 801-160-T01-1500, 160μm玻纤胶带-外购, T01, 160.00
<==        Row: 290, 801-R00-13025-T01-0500, 160um纤维布胶带-外贸, T01, 155.00
<==        Row: 291, 801-R00-13035-T01-0700, 165um纤维布胶带-外贸, T01, 165.00
<==        Row: 416, BDJ-R02-11-G01-0300, 11μm翠绿色PET终止胶带, G01, 11.00
<==        Row: 478, C301-36-T01-H, 36μm透明BOPP印字胶带, T01, 60.00
<==        Row: 317, CML-2525-B02-0700, 50μm蓝色玛拉胶带, B02, 50.00
<==        Row: 325, CML-2525-BK01-0800, 50μm黑色马拉胶带, BK01, 50.00
<==        Row: 324, CML-2525-R01-0600, 50μm红色玛拉胶带, R01, 50.00
<==        Row: 342, CML-2525-W01-0600, 50μm白色马拉胶带, W01, 50.00
<==        Row: 493, CS1011-2530-C02-0600, 55μm茶色膜PET硅胶带, C02, 55.00
<==        Row: 368, DY-125-BK01, 125μm黑色保护膜, BK01, 125.00
<==        Row: 367, DY-125-W01, 125μm白色保护膜, W01, 125.00
<==        Row: 341, ETJ-3000A25+25μ（2＋36＋2）, 50μm间隔胶, null, 50.00
<==        Row: 354, ETJ-3000A25+25μ（3＋34＋3）, 50μm间隔胶, null, 50.00
<==        Row: 369, KHJ-35-T01-1000, 35μm透明双面胶, T01, 25.00
<==        Row: 402, KHJ-R03-BK01-45, 45μm黑色印刷胶带, BK01, 45.00
<==        Row: 491, LS53HY, LS53HY, null, 0.00
<==        Row: 257, ML-2525-B02-0700, 50μm蓝色玛拉胶带, B02, 50.00
<==        Row: 255, ML-2525-BK01-0800, 50μm黑色马拉胶带, BK01, 50.00
<==        Row: 258, ML-2525-R01-0600, 50μm红色玛拉胶带, R01, 50.00
<==        Row: 256, ML-2525-Y01-0700, 50μm黄色玛拉胶带, Y01, 50.00
<==        Row: 364, ML-2530-BK01-0800, 55μm黑色PI阻燃胶带, BK01, 55.00
<==        Row: 365, ML-2530-R01-0600, 55μm红色玛拉胶, R01, 55.00
<==        Row: 479, PI胶带-W50, PI胶带-W50, null, 50.00
<==        Row: 487, PT5010A, PT5010A, null, 0.00
<==        Row: 477, PT5010S-15（35u）, PT5010S-15（35u）, null, 35.00
<==        Row: 490, PTS53HY, PTS53HY, null, 0.00
<==        Row: 366, PY-0505W-PET1.0, 1mmPET泡棉胶带, W01, 1000.00
<==        Row: 261, S1011-2525-C02-0600, 50μm茶色膜硅胶带, C02, 50.00
<==        Row: 271, S1011-2530-C02-0600, 55μm茶色膜硅胶带, C02, 50.00
<==        Row: 259, S1011-R00-2525-C02-0600, 50μm茶色膜PET硅胶带, C02, 50.00
<==        Row: 262, S1011-R00-2525-C02-0700, 50μm茶色膜PET硅胶带, C02, 50.00
<==        Row: 270, S1011-R00-2530-C02-0700, 55μm茶色膜PET硅胶带, C02, 50.00
<==        Row: 511, S201-2510-C03-0100, 35μm茶色PI硅胶带, C03, 35.00
<==        Row: 513, S201-2510-C03-0300, 30μmPI硅胶带, C03, 30.00
<==        Row: 263, S201-2525-C03-0600, 50μmPI硅胶, C03, 50.00
<==        Row: 272, S201-2530-C03-0600, 55μmPI硅胶带, C03, 55.00
<==        Row: 227, S201-R00-2510-C03-0300, 35μmPI硅胶带, C03, 35.00
<==        Row: 260, S201-R00-2525-C03-0600, 50μmPI硅胶, C03, 50.00
<==        Row: 269, S201-R00-2530-C03-0600, 55μmPI硅胶, C03, 55.00
<==        Row: 285, S201-R00-5050-C03-0500, 100μm茶色PI硅胶胶带, C03, 100.00
<==        Row: 577, S202-R00-2530-BK01-0500, 55μmPI雅黑硅胶带, BK01, 55.00
<==        Row: 442, TE2010L3A, TE2010L3A, null, 0.00
<==        Row: 480, W-H60-LB, W-H60-LB, null, 0.00
<==        Row: 438, WPTR-L10-80B3, WPTR-L10-80B3, null, null
<==        Row: 489, WPTR-L20-80B3, WPTR-L20-80B3, null, 0.00
<==        Row: 329, ZR-100-W01-1200, 100μm阻燃糯米纸胶带, W01, 100.00
<==        Row: 328, ZR-130-W01-1200, 130μm阻燃糯米纸胶带, W01, 130.00
<==        Row: 387, ZR-90-W01-1200, 90μm白色阻燃糯米纸胶带, W01, 90.00
<==      Total: 383
Closing non transactional SqlSession [org.apache.ibatis.session.defaults.DefaultSqlSession@166e8a2a]
eyJhbGciOiJIUzI1NiJ9.eyJqdGkiOiI3NjQ0ZDUxYWRiZTI0Mjc5YTRjNWRhMzliY2M4MWZiMyIsInN1YiI6IjEiLCJpc3MiOiJzZyIsImlhdCI6MTc3NTU3MjQyMiwiZXhwIjoxNzc1OTMyNDIyfQ.Wuz0qofkxFUbE9nRVYyu3EYyzwAESWWqprJ7vT24w6s这是传进来的token
Creating a new SqlSession
SqlSession [org.apache.ibatis.session.defaults.DefaultSqlSession@aa65a4] was not registered for synchronization because synchronization is not active
JDBC Connection [HikariProxyConnection@836484447 wrapping com.mysql.cj.jdbc.ConnectionImpl@3d8a76e5] will not be managed by Spring
==>  Preparing: SELECT r.name FROM roles r INNER JOIN user_roles ur ON r.id = ur.role_id WHERE ur.user_id = ?
==> Parameters: 1(Long)
<==    Columns: name
<==        Row: admin
<==      Total: 1
Closing non transactional SqlSession [org.apache.ibatis.session.defaults.DefaultSqlSession@aa65a4]
com.fine.Utils.ResponseResult@3397d002
Creating a new SqlSession
Creating a new SqlSession
Creating a new SqlSession
SqlSession [org.apache.ibatis.session.defaults.DefaultSqlSession@74ce27e2] was not registered for synchronization because synchronization is not active
SqlSession [org.apache.ibatis.session.defaults.DefaultSqlSession@59b36de8] was not registered for synchronization because synchronization is not active
SqlSession [org.apache.ibatis.session.defaults.DefaultSqlSession@52d03814] was not registered for synchronization because synchronization is not active
JDBC Connection [HikariProxyConnection@1207710725 wrapping com.mysql.cj.jdbc.ConnectionImpl@438f0f2] will not be managed by Spring
JDBC Connection [HikariProxyConnection@504018796 wrapping com.mysql.cj.jdbc.ConnectionImpl@16d419da] will not be managed by Spring
==>  Preparing: SELECT id, material_code, product_name, color_code, total_thickness FROM tape_spec WHERE status = 1 ORDER BY material_code
==>  Preparing: SELECT COUNT(*) AS total FROM purchase_quotations WHERE is_deleted = 0
JDBC Connection [HikariProxyConnection@1372261265 wrapping com.mysql.cj.jdbc.ConnectionImpl@52fb75c2] will not be managed by Spring
==> Parameters: 
==>  Preparing: SELECT * FROM tape_raw_material WHERE status = 1 ORDER BY sort_order
==> Parameters: 
==> Parameters: 
<==    Columns: total
<==        Row: 0
<==    Columns: id, material_code, material_name, material_type, unit, spec, sort_order, status
<==      Total: 1
<==        Row: 1, YKLJ0801, 主树脂YKLJ0801, resin, Kg, 亚克力树脂, 1, 1
Closing non transactional SqlSession [org.apache.ibatis.session.defaults.DefaultSqlSession@74ce27e2]
<==        Row: 2, YSYZ0201, 溶剂YSYZ0201, solvent, Kg, 溶剂, 2, 1
<==        Row: 3, G728-UJ, G728-UJ, additive, Kg, 助剂, 3, 1
<==        Row: 4, 9002, 固化剂9002, curing, Kg, 固化剂, 4, 1
<==        Row: 5, FY-45, 固化剂FY-45, curing, Kg, 固化剂, 5, 1
<==        Row: 6, AJSZ0101, 助剂AJSZ0101, additive, Kg, 需用甲苯稀释20%, 6, 1
<==        Row: 7, DJBHS0301, 助剂DJBHS0301, additive, Kg, 需用异丙醇稀释10%, 7, 1
<==      Total: 7
Closing non transactional SqlSession [org.apache.ibatis.session.defaults.DefaultSqlSession@52d03814]
<==    Columns: id, material_code, product_name, color_code, total_thickness
<==        Row: 196, 1011-DGM-7535-T01-0900, 110μm印刷条纹PET胶带, T01, 110.00
<==        Row: 502, 1011-DGM25-2525-B01-0900, 50μm蓝色PET胶带, B01, 50.00
<==        Row: 264, 1011-R01-2525-C02-1200cyzy, 50μm茶色膜印字胶带, C02, 50.00
<==        Row: 245, 1011-R015-2525-C02-0900, 50μm茶色膜PET胶带, C02, 50.00
<==        Row: 10, 1011-R02-0903-B05-0300, 12μm蓝色PET终止胶带, B05, 12.00
<==        Row: 9, 1011-R02-0903-G03-0300, 12μm无机翠绿PET胶带, G03, 12.00
<==        Row: 336, 1011-R02-0903-G03-0300H, 12μm无机翠绿PET数字终止胶带, G03, 12.00
<==        Row: 394, 1011-R02-1204-B05-0300, 16μm蓝色PET终止胶带, B05, 16.00
<==        Row: 102, 1011-R02-1204-G01-0300, 16μm翠绿PET胶带, G01, 16.00
<==        Row: 103, 1011-R02-1204-G03-0200, 16μm无机翠绿PET胶带, G03, 16.00
<==        Row: 101, 1011-R02-1204-G03-0300, 16u无机翠绿PET胶带, G03, 16.00
<==        Row: 337, 1011-R02-1204-G03-0300H, 16μm无机翠绿PET数字终止胶带, G03, 16.00
<==        Row: 303, 1011-R02-1204-G03-0500, 16μm绿色PET终止胶带, G03, 16.00
<==        Row: 118, 1011-R02-1210-B05-0450, 22μm蓝色PET终止胶带, B05, 22.00
<==        Row: 104, 1011-R02-1502-B02-0300, 17μm深蓝PET终止胶带, B02, 17.00
<==        Row: 107, 1011-R02-1503-B05-0200H, 18μ蓝色数字PET终止胶带, B05, 18.00
<==        Row: 304, 1011-R02-1503-G01-0200, 18μm翠绿PET终止胶带, G01, 18.00
<==        Row: 105, 1011-R02-1503-G01-0200H, 18μm翠绿数字PET胶带, G01, 18.00
<==        Row: 106, 1011-R02-1503-G06-0300, 18μm草绿PET胶带, G01, 18.00
<==        Row: 109, 1011-R02-1506-C01-0100, 21μm茶色胶水PET胶带, C01, 21.00
<==        Row: 432, 1011-R02-1506-C01-0100H, 21μm茶色胶水PET印字胶带, C01, 21.00
<==        Row: 110, 1011-R02-1506-C01-0300, 21μm茶色胶水PET胶带, C01, 21.00
<==        Row: 108, 1011-R02-1506-G01-0100, 21μm翠绿低粘PET胶带, G01, 21.00
<==        Row: 373, 1011-R02-1506-G01-0100H, 21μm翠绿低粘PET数字胶带, G01, 21.00
<==        Row: 113, 1011-R02-1506-G01-0300H, 21μm翠绿数字PET胶带, G01, 21.00
<==        Row: 111, 1011-R02-1506-G01-0350, 21μm翠绿PET胶带, G01, 21.00
<==        Row: 112, 1011-R02-1506-G01-0350H, 21μm翠绿数字PET胶带, G01, 21.00
<==        Row: 353, 1011-R02-1506-G03-0300H, 21μm无机翠绿PET终止胶带, G03, 21.00
<==        Row: 115, 1011-R02-1506-G09-0350, 21μm含卤翠绿PET胶带, G09, 21.00
<==        Row: 114, 1011-R02-1506-G10-0090H, 21μm无机翠绿PET数字胶带, G10, 21.00
<==        Row: 508, 1011-R02-1507-B01-0300, 22μm蓝色PET终止胶带, B01, 22.00
<==        Row: 116, 1011-R02-1507-B01-0400, 22μmPET蓝色胶, B01, 22.00
<==        Row: 201, 1011-R02-1507-B01-0400H, 22μmPET蓝色数字胶, B01, 22.00
<==        Row: 202, 1011-R02-1507-B05-0400, 22μm蓝色PET终止胶带, B05, 22.00
<==        Row: 117, 1011-R02-1507-B11-0400, 22μmPET蓝色数字胶, B11, 22.00
<==        Row: 121, 1011-R02-1507-G03-0200, 22μm无机翠绿PET胶带, G03, 22.00
<==        Row: 122, 1011-R02-1507-G03-0300, 22μm无机翠绿PET胶带, G03, 22.00
<==        Row: 123, 1011-R02-1507-G03-0400, 22μm无机翠绿PET胶带, G03, 22.00
<==        Row: 448, 1011-R02-1507-G03-0400H, 22μm无机翠绿PET数字终止胶带, G03, 22.00
<==        Row: 124, 1011-R02-1507-G03-0500, 22μm无机翠绿PET胶带, G03, 22.00
<==        Row: 119, 1011-R02-1507-G05-0350, 22μm墨绿PET胶带, G05, 22.00
<==        Row: 120, 1011-R02-1507-G05-0350H, 22μm墨绿数字PET胶带, G05, 22.00
<==        Row: 397, 1011-R02-1507-G08-0300, 22μm军绿色PET终止胶带, G08, 22.00
<==        Row: 203, 1011-R02-1510-B01-0400, 25μm浅蓝PET胶带, B01, 25.00
<==        Row: 481, 1011-R02-1510-Y01-0400, 25μm黄色PET终止胶带, Y01, 25.00
<==        Row: 315, 1011-R02-1512-G10-0500H, 27μm无机翠绿PET数字胶带, G10, 27.00
<==        Row: 207, 1011-R02-1515-B01-0400, 30μm浅蓝PET胶带, B01, 30.00
<==        Row: 145, 1011-R02-1515-C05-0600, 30μm茶色胶水PET胶带, C05, 30.00
<==        Row: 224, 1011-R02-1520-C01-0600, 35μm茶色胶水PET胶带, C01, 35.00
<==        Row: 464, 1011-R02-1535-C05-1000H, 50μm茶色印字胶带, C05, 50.00
<==        Row: 318, 1011-R02-1904-G01-0200, 23μm绿色PET终止胶带, G01, 23.00
<==        Row: 323, 1011-R02-1904-G06-0200, 23μm绿色PET终止胶带, G06, 23.00
<==        Row: 399, 1011-R02-1905-B05-0300, 24μm蓝色PET终止胶带, B05, 24.00
<==        Row: 125, 1011-R02-1905-G01-0300, 25μ翠绿PET胶带, G01, 25.00
<==        Row: 322, 1011-R02-2003-G01-0200H, 23μm绿色PET数字终止胶带, G01, 23.00
<==        Row: 298, 1011-R02-2010-B01-0300, 30μm蓝色终止胶带, B01, 30.00
<==        Row: 206, 1011-R02-2010-B01-0400, 30μm浅蓝PET胶带, B01, 30.00
<==        Row: 198, 1011-R02-2010-B01-0400A, 30μm浅蓝PET胶带, B01, 30.00
<==        Row: 204, 1011-R02-2010-B02-0350, 30μm深蓝PET胶带, B02, 30.00
<==        Row: 563, 1011-R02-2010-B02-0350-HCD1-20, 30μm蓝色PET印字胶带（HCD1-20）, B02, 30.00
<==        Row: 205, 1011-R02-2010-B02-0350H, 30μm深蓝数字PET胶带, B02, 30.00
<==        Row: 468, 1011-R02-2010-B02-0350HCD1-20, 1011-R02-2010-B02-0350HCD1-20, B02, null
<==        Row: 506, 1011-R02-2010-B02-0500-JZM1/JZM2, 30μm蓝色PET印字胶带, B02, 30.00
<==        Row: 129, 1011-R02-2010-B02-0500H, 30μm深蓝数字PET胶带, B02, 30.00
<==        Row: 208, 1011-R02-2010-B05-0400, 30μm蓝色PET终止胶带, B05, 30.00
<==        Row: 314, 1011-R02-2010-B05-0500, 30μm蓝色PET终止胶带, B05, 30.00
<==        Row: 143, 1011-R02-2010-BK01-0450, 30μm黑色PET胶带, BK01, 30.00
<==        Row: 130, 1011-R02-2010-G01-0050, 30μm翠绿PET低粘胶带, G01, 30.00
<==        Row: 131, 1011-R02-2010-G01-0050H, 30μm翠绿数字PET低粘胶带, G01, 30.00
<==        Row: 209, 1011-R02-2010-G01-0350, 30μm翠绿PET胶带, G01, 30.00
<==        Row: 494, 1011-R02-2010-G01-0350-FF, 30μm绿色PET印字胶带, G01, 30.00
<==        Row: 562, 1011-R02-2010-G01-0350-HCD1-20, 30μm翠绿PET印字胶带（HCD1-20）, G01, 30.00
<==        Row: 461, 1011-R02-2010-G01-0350-SH1-SH15, 30μm翠绿PET印字胶带（SH1-SH15）, G01, 30.00
<==        Row: 485, 1011-R02-2010-G01-0350-SYS, 30μm绿色印字终止胶, G01, 30.00
<==        Row: 500, 1011-R02-2010-G01-0350-WH, 30μm翠绿PET印字胶带, G01, 30.00
<==        Row: 210, 1011-R02-2010-G01-0350H, 30μm翠绿数字PET胶带, G01, 30.00
<==        Row: 467, 1011-R02-2010-G01-0350HCD1-20, 1011-R02-2010-G01-0350HCD1-20, G01, null
<==        Row: 306, 1011-R02-2010-G01-0400, 30μm翠绿PET终止胶带, G01, 30.00
<==        Row: 455, 1011-R02-2010-G01-0500, 30μm翠绿PET终止胶带, G01, 30.00
<==        Row: 126, 1011-R02-2010-G01-0500H, 30μm翠绿数字PET胶带, G01, 30.00
<==        Row: 361, 1011-R02-2010-G03-0400, 30μm无机翠绿PET终止胶带, G03, 30.00
<==        Row: 148, 1011-R02-2010-G03-0500, 30μm无机翠绿PET胶带, G03, 30.00
<==        Row: 362, 1011-R02-2010-G03-0500A, 30μm无机翠绿PET终止胶带, G03, 30.00
<==        Row: 216, 1011-R02-2010-G05-0450, 30μm墨绿PET胶带, G05, 30.00
<==        Row: 217, 1011-R02-2010-G05-0450H, 30μm墨绿数字PET胶带, G05, 30.00
<==        Row: 297, 1011-R02-2010-G06-0500, 30μm无机翠绿终止胶带, G03, 0.00
<==        Row: 444, 1011-R02-2010-G07-0400H, 30μm墨绿PET数字终止胶带, G07, 30.00
<==        Row: 221, 1011-R02-2010-G07-0450H, 30μm墨绿PET数字终止胶, G07, 30.00
<==        Row: 140, 1011-R02-2010-G09-0500, 30μm含卤翠绿PET胶带, G09, 30.00
<==        Row: 398, 1011-R02-2010-G13-0300-KXYS, 30μm草绿色PET终止胶带, G13, 30.00
<==        Row: 138, 1011-R02-2010-G13-0300H, 30μm含卤草绿数字PET胶带, G13, 30.00
<==        Row: 139, 1011-R02-2010-G13-0400, 30μm含卤草绿PET胶带, G13, 30.00
<==        Row: 215, 1011-R02-2010-T01-0400H, 30μm透明数字PET胶带, T01, 30.00
<==        Row: 213, 1011-R02-2010-T01-0450, 30μm透明PET胶带, T01, 30.00
<==        Row: 214, 1011-R02-2010-T01-0450H, 30μm透明数字PET胶带, T01, 30.00
<==        Row: 128, 1011-R02-2010-T01-0500H, 30μm透明数字PET胶带, T01, 30.00
<==        Row: 338, 1011-R02-2010-Y01-0500-H, 30μm黄色PET数字终止胶带, Y01, 30.00
<==        Row: 127, 1011-R02-2010-Y01-0500H, 30μm黄色数字PET胶带, Y01, 30.00
<==        Row: 326, 1011-R02-2013-G03-0500, 33μm绿色PET终止胶带, G03, 33.00
<==        Row: 327, 1011-R02-2013-G03-0500A, 33μm绿色PET终止胶带, G03, 33.00
<==        Row: 242, 1011-R02-2030-C01-1200, 50μm茶色胶水PET胶带, C01, 50.00
<==        Row: 424, 1011-R02-2030-C01-1200-H6, 50μm茶色胶水PET印字胶带, C01, 50.00
<==        Row: 473, 1011-R02-2031-C01-0800, 51μm茶色胶水PET胶带, C01, 51.00
<==        Row: 265, 1011-R02-2035-C01-0800, 55μm茶色胶水PET胶带, C01, 55.00
<==        Row: 308, 1011-R02-2035-C01H-0800, 55μm深茶色PET胶带, C01H, 55.00
<==        Row: 149, 1011-R02-2304-G01-0200H, 30um翠绿数字PET终止胶带, G01, 30.00
<==        Row: 294, 1011-R02-2307-B01-0400, 蓝色PET胶带, B01, 30.00
<==        Row: 134, 1011-R02-2307-B05-0300, 30μm蓝色PET终止胶带, B05, 30.00
<==        Row: 146, 1011-R02-2307-B05-0400, 30μm蓝色PET终止胶带, B05, 30.00
<==        Row: 132, 1011-R02-2307-G01-0300, 30μm翠绿PET胶带, G01, 30.00
<==        Row: 133, 1011-R02-2307-G01-0300H, 30μm翠绿数字PET胶带, G01, 30.00
<==        Row: 495, 1011-R02-2307-G01-0400, 30μm翠绿PET终止胶带, G01, 30.00
<==        Row: 211, 1011-R02-2307-G03-0350, 30μm无机翠绿PET胶带, G03, 30.00
<==        Row: 345, 1011-R02-2307-G03-0350A, 30μm无机翠绿PET终止胶带, G03, 30.00
<==        Row: 212, 1011-R02-2307-G03-0350H, 30μm无机翠绿数字PET胶带, G03, 30.00
<==        Row: 200, 1011-R02-2307-G03-0400, 30μm无机翠绿PET胶带, G03, 30.00
<==        Row: 199, 1011-R02-2307-G03-0400H, 30μm无机翠绿数字PET胶带, G03, 30.00
<==        Row: 141, 1011-R02-2505-C02-0200, 30μm茶色膜PET胶带, C02, 30.00
<==        Row: 136, 1011-R02-2505-G01-0200, 30um翠绿PET终止胶带, G01, 30.00
<==        Row: 137, 1011-R02-2505-G01-0200H, 30um翠绿数字PET终止胶带, G01, 30.00
<==        Row: 142, 1011-R02-2505-W01-0500, 30μm白色PET终止胶带, W01, 30.00
<==        Row: 152, 1011-R02-2510-C02-0400, 35μm茶色膜PET胶带, C02, 35.00
<==        Row: 225, 1011-R02-2510-C02-0700, 35μm茶色膜PET胶带, C02, 35.00
<==        Row: 343, 1011-R02-2510-C02Q-0700, 35μm茶色终止胶带, C02Q, 35.00
<==        Row: 377, 1011-R02-2510-G01-0500, 35μm翠绿PET终止胶带, G01, 35.00
<==        Row: 156, 1011-R02-2510-G03-0700, 35μm无机翠绿PET胶带, G03, 30.00
<==        Row: 161, 1011-R02-2520-G01-0450, 45μm翠绿PET胶带, G01, 45.00
<==        Row: 162, 1011-R02-2520-G01-0450H, 45μm翠绿数字PET胶带, G01, 45.00
<==        Row: 434, 1011-R02-2520-G03-0500, 45μm无机翠绿PET终止胶带, G03, 45.00
<==        Row: 233, 1011-R02-2520-T01-0450H, 45μm透明数字PET胶带, T01, 45.00
<==        Row: 163, 1011-R02-2520-W01-0500, 45μm白色接胶带, W01, 45.00
<==        Row: 390, 1011-R02-2525-B01-0500, 50μm蓝色PET终止胶带, B01, 50.00
<==        Row: 164, 1011-R02-2525-B01-0600, 50μm蓝色PET胶带, B01, 50.00
<==        Row: 430, 1011-R02-2525-B01-0600A, 50μm蓝色PET终止胶带, B01, 50.00
<==        Row: 313, 1011-R02-2525-B03-0500, 50μm蓝色PET终止胶带, B03, 50.00
<==        Row: 237, 1011-R02-2525-B04-0500, 50μm浅蓝色PET胶带, B04, 50.00
<==        Row: 295, 1011-R02-2525-B04-0600, 50μm蓝色PET终止胶带, B05, 50.00
<==        Row: 236, 1011-R02-2525-B05-0500, 50μm蓝色PET终止胶带, B05, 50.00
<==        Row: 316, 1011-R02-2525-B05-0500A, 50μm蓝色PET终止胶带, B05, 50.00
<==        Row: 360, 1011-R02-2525-B05-0600, 50μm蓝色PET终止胶带, B05, 50.00
<==        Row: 238, 1011-R02-2525-C01-0700, 50μm茶色胶水PET胶带, C01, 50.00
<==        Row: 239, 1011-R02-2525-C01-0800, 50μm茶色胶水PET胶带, C01, 50.00
<==        Row: 247, 1011-R02-2525-C01-0800XRT, 50μm茶色胶水PET印字胶带, C01, 50.00
<==        Row: 240, 1011-R02-2525-C01-0900, 50μm茶色胶水PET胶带, C01, 50.00
<==        Row: 413, 1011-R02-2525-C01-0900-DX, 50μm茶色胶水PET印字胶带, C01, 50.00
<==        Row: 420, 1011-R02-2525-C01-0900-PZX, 50μm茶色胶水PET印字胶带, C01, 50.00
<==        Row: 248, 1011-R02-2525-C01-0900DX, 50μm茶色胶水PET印字胶带, C01, 50.00
<==        Row: 249, 1011-R02-2525-C01-0900HW, 50μm茶色胶水PET印字胶带, C01, 50.00
<==        Row: 250, 1011-R02-2525-C01-0900PNX, 50μm茶色胶水PET印字胶带, C01, 50.00
<==        Row: 251, 1011-R02-2525-C01-0900SSD, 50μm茶色胶水PET印字胶带, C01, 50.00
<==        Row: 241, 1011-R02-2525-C01-1200, 50μm茶色胶水PET胶带, C01, 50.00
<==        Row: 570, 1011-R02-2525-C01-1200--XRY, 50μm茶色胶水PET印字胶带, C01, 50.00
<==        Row: 507, 1011-R02-2525-C01-1200-CYZY, 50μm茶色胶水PET印字胶带, C01, 50.00
<==        Row: 516, 1011-R02-2525-C01-1200-F1闪电, 50μm茶色胶水PET印字胶带, C01, 50.00
<==        Row: 451, 1011-R02-2525-C01-1200-X, 50μm茶色胶水PET印字胶带, C01, 50.00
<==        Row: 501, 1011-R02-2525-C01-1200-XRY, 1011-R02-2525-C01-1200-XRY, C01, null
<==        Row: 484, 1011-R02-2525-C01-1200-闪电, 50μm茶色胶水PET印字胶带, C01, 50.00
<==        Row: 252, 1011-R02-2525-C01-1200HC, 50μm茶色胶水PET印字胶带, C01, 50.00
<==        Row: 253, 1011-R02-2525-C01H-0800, 50μm茶色胶水PET胶带, C01H, 50.00
<==        Row: 254, 1011-R02-2525-C01H-1200, 50μm茶色胶水PET胶带, C01H, 50.00
<==        Row: 505, 1011-R02-2525-C02-0700, 50μm茶色膜PET胶带, C02, 50.00
<==        Row: 246, 1011-R02-2525-C02-1200, 50μm茶色膜PET胶带, C02, 50.00
<==        Row: 446, 1011-R02-2525-C05-1200, 50μm茶色PET胶带, C05, 50.00
<==        Row: 171, 1011-R02-2525-G01-0500, 50μm翠绿PET胶带, G01, 50.00
<==        Row: 339, 1011-R02-2525-W01-0800, 50μm白色PET终止胶带, W01, 50.00
<==        Row: 266, 1011-R02-2530-C02-1200, 55μm茶色膜PET胶带, C02, 55.00
<==        Row: 159, 1011-R02-3609-G01-0200, 45μm翠绿PET胶带, G01, 45.00
<==        Row: 158, 1011-R02-3609-G01-0200H, 45μm翠绿数字PET胶带, G01, 45.00
<==        Row: 160, 1011-R02-3609-T01-0400, 45μm透明PET胶带, T01, 45.00
<==        Row: 503, 1011-R02-3624-T01-1200, 60μm透明PET终止胶带, T01, 72.00
<==        Row: 244, 1011-R04-2525-C02-0650, 50μm茶色膜PET胶带, C02, 50.00
<==        Row: 219, 1012-DG-2505-B05-0006, 30μm浅蓝色PET保护膜胶带, B05, 30.00
<==        Row: 218, 1012-R00-2505-B05-0006, 30μm浅蓝色PET保护膜胶带, B05, 30.00
<==        Row: 193, 1012-R00-5007-B01-0006, 57μm浅蓝PET保护膜胶带, B01, 57.00
<==        Row: 186, 1012-R015-5055-B06-1300, 110μm动力电池保护膜, B08, 110.00
<==        Row: 185, 1012-R015-5055-B08-1300, 110μm动力电池保护膜, B08, 110.00
<==        Row: 335, 1012-R015-5060-B06-1300, 110μm蓝色PET包裹膜, B06, 110.00
<==        Row: 187, 1012-R02-10030-B05-1200, 130μm蓝色PET终止胶带, B05, 130.00
<==        Row: 380, 1012-R02-5030-B07-0900, 80μm蓝色PET终止胶带, B07, 80.00
<==        Row: 281, 1012-R02-5030-B07-1200, 80μm深蓝色PET胶带, B07, 80.00
<==        Row: 182, 1012-R02-5045-C05-1200, 95μm茶色胶水PET胶带, C05, 95.00
<==        Row: 287, 1012-R02-5050-B05-0500, 100μm蓝色PET胶带, B05, 100.00
<==        Row: 414, 1012-R02-7507-G01-0200, 82μm绿色PET保护膜, G01, 82.00
<==        Row: 280, 1012-TE25-5030-B07-0900, 80μm深蓝色PET胶带, B07, 80.00
<==        Row: 184, 1012-TE25-5055-B08-1300, 105μm动力电池保护膜, B08, 105.00
<==        Row: 388, 1012-TE25-5060-B08-1300, 110μm动力电池保护膜, B08, 110.00
<==        Row: 346, 1012-TE75-5045-C05-1200, 95μm茶色胶水PET胶带（带离型膜）, C05, 95.00
<==        Row: 176, 1012-WW-55-T01-0005, 55μm透明PET保护膜, T01, 55.00
<==        Row: 497, 1012C-R00-5007-B01-0006, 57μm浅蓝PET保护膜胶带, B01, 57.00
<==        Row: 197, 1013-R075-205B, 205μm红膜双面胶带-外贸, T01, 205.00
<==        Row: 340, 1013-T10-35-T01-1000-W12, 35μm透明PET热熔双面胶, T01, 35.00
<==        Row: 492, 1013－TE25－1515－B05－1200, 55μm蓝色PET双面胶, B05, 55.00
<==        Row: 173, 1013-TE25-15T-2020-B10-1200, 55μm浅蓝色PET双面胶带, B10, 55.00
<==        Row: 349, 1013-TE25-15T-55-B01-1200, 55μm蓝色PET双面胶, B01, 55.00
<==        Row: 172, 1013-TE25-25T-1515-B05-1200, 55μm蓝色双面PET胶带, B05, 55.00
<==        Row: 330, 1013-TE25-35-T01-1000, PET强弱双面胶, T01, 35.00
<==        Row: 299, 1016-R02-2010-B01-0300, 30蓝色胶带, B01, 30.00
<==        Row: 296, 1016-R02-2010-B01-0400, 30μm胶带, B01, 30.00
<==        Row: 576, 1016-R02-2010-B01-0400-90, 30μm蓝色间隙胶带W90, B01, 30.00
<==        Row: 504, 1016-R02-2010-B05-0400, 30μm蓝色PET终止胶带, B05, 30.00
<==        Row: 157, 1016-R02-2510-B05-0400, 35μm蓝色间隔胶带, B05, 35.00
<==        Row: 363, 1016-R02-2525-B03-0500, 50μm蓝色PET终止胶带, B03, 50.00
<==        Row: 230, 102-R00-2515-W01-0400, 40μm白色PET硅胶胶带, W01, 40.00
<==        Row: 235, 102-R00-2520-G12-0700, 45μm绿色PET硅胶带, G12, 45.00
<==        Row: 352, 102-R00-3614-G12-0800, 50μm绿色PET硅胶, G12, 50.00
<==        Row: 411, 102-R00-5015-Y01-0300, 65μm黄色pet硅胶带, Y01, 65.00
<==        Row: 276, 102-R00-5015-Y01-0700, 65μm黄色PET硅胶胶带, Y01, 65.00
<==        Row: 404, 102-TE50-5015-Y01-0300, 65μm黄色PET硅胶胶带贴合氟塑膜, Y01, 65.00
<==        Row: 334, 103-R00-2505-T01-0002, 30μm透明PET保护膜, T01, 30.00
<==        Row: 234, 103-R00-3807-G12-0250, 45μm绿色PET硅胶带, G12, 45.00
<==        Row: 409, 103-R00-4508-T01-0030, 53μm透明硅胶保护膜, T01, 45.00
<==        Row: 453, 103-R00-5005-B01-0030, 55μmPET硅胶保护膜, B01, 55.00
<==        Row: 273, 103-R00-5010-G12-0100, 60μm绿色PET硅胶保护膜, G12, 60.00
<==        Row: 274, 103-R00-5010-G12-0250, 60μm绿色PET硅胶保护膜, G12, 60.00
<==        Row: 279, 103-R00-7505-T01-0010, 80μm透明硅胶PET保护膜, T01, 82.00
<==        Row: 282, 103-R00-7515-T01-0250, 90μm透明PET硅胶保护膜, T01, 90.00
<==        Row: 392, 103-R00-85-T01-0015, 85μm透明PET平纹硅胶保护膜, T01, 53.00
<==        Row: 321, 103-WW-50-B01-0020, 50μm蓝色网纹胶带, B01, 50.00
<==        Row: 293, 103-WW-5005-B01-0015, 网纹硅胶保护膜, B01, 55.00
<==        Row: 178, 103-WW-55-B01-0015, 55μm蓝色硅胶网纹PET保护膜, B01, 55.00
<==        Row: 177, 103-WW-55-T01-0006, 55μm透明硅胶PET保护膜, T01, 55.00
<==        Row: 305, 103-WW-55-T01-0015, 55μm透明网纹胶带, T01, 55.00
<==        Row: 278, 103-WW-7505-T01-0006, 80μm透明网纹硅胶PET, T01, 80.00
<==        Row: 348, 103-WW-85-T01-0015, 85μm硅胶网纹保护膜, T01, 85.00
<==        Row: 226, 201-R00-2510-C03-0100, 35μm低粘PI极耳胶带, C03, 35.00
<==        Row: 267, 201-R01-2530-C03-1000, 55μm茶色PI胶带, C03, 55.00
<==        Row: 144, 201-R015-2505-C03-0400, 30μm茶色PI极耳胶带, C03, 32.00
<==        Row: 150, 201-R015-2507-C03-0400, 32μm茶色PI极耳胶带, C03, 32.00
<==        Row: 155, 201-R015-2510-C03-0400, 35μm茶色PI极耳胶带, C03, 35.00
<==        Row: 243, 201-R015-2525-C03-0500, 50μm茶色PI极耳胶带, C03, 50.00
<==        Row: 393, 201-R015-2525-C03-0500A, 50μm茶色PI极耳胶带, C03, 50.00
<==        Row: 165, 201-R015-2527-C03-0500, 52μm茶色PI极耳胶带, C03, 55.00
<==        Row: 175, 201-R015-2530-C03-0500, 55μm茶色PI极耳胶带, C03, 55.00
<==        Row: 426, 201-R015-5030-C03-0800, 80μm茶色PI极耳胶带, C03, 80.00
<==        Row: 488, 201-R015-5050-C03-0800, 100μm茶色PI极耳胶带, C03, 100.00
<==        Row: 153, 201-R02-2510-C03-0500, 35μm茶色PI极耳胶带, C03, 35.00
<==        Row: 356, 201-R02-2510-C03-0550, 35μm茶色PI极耳胶带, C03, 35.00
<==        Row: 460, 201-R02-2525-C03-0300, 50μm茶色PI极耳胶带, C03, 50.00
<==        Row: 166, 201-R02-2525-C03-0600, 50μm茶色PI极耳胶带, C03, 50.00
<==        Row: 419, 201-R02-2525-C03-1000, 50μm茶色PI极耳胶带, C03, 50.00
<==        Row: 403, 201-R02-2530-C03-0600, 55μm茶色PI极耳胶带, C03, 55.00
<==        Row: 351, 201-R02-2530-C03-1000, 55μm茶色PI极耳胶带, C03, 55.00
<==        Row: 301, 201-R02-2530-C03-1000A, 55μm茶色PI极耳胶带, C03, 55.00
<==        Row: 268, 201-R02-2530-C03-1200, 55μm茶色PI胶带, C03, 55.00
<==        Row: 302, 201-R02-5050-C03-1000, 100μm茶色PI极耳胶带, C03, 100.00
<==        Row: 454, 201-R04-2510-C03-0700A, 35μm茶色PI极耳胶带, C03, 35.00
<==        Row: 154, 201-R04-2510-C03-0700M, 35μm茶色PI极耳胶带, C03, 35.00
<==        Row: 167, 201-R04-2525-C03-0700, 50μm茶色PI极耳胶带, C03, 50.00
<==        Row: 170, 201-R04-2525-C03-0900M, 50μm茶色PI极耳胶带, C03, 55.00
<==        Row: 174, 201-R04-2530-C03-0900M, 55μm茶色PI胶带, C03, 55.00
<==        Row: 275, 201-R04-2535-C03-0900M, 60μm茶色PI极耳胶带, C03, 60.00
<==        Row: 286, 201-R04-5050-C03-0800, 100μm茶色PI极耳胶带, C03, 100.00
<==        Row: 357, 201-RF-TE50-2525-C03-0900M, 50μm茶色PI抗静电胶带（带离型膜）, C03, 50.00
<==        Row: 579, 201-RO2-2530-C03-1000A, 55μmPI极耳胶带, C03, 55.00
<==        Row: 395, 201-TE50-2525-C03-0900M, 50μm茶色PI极耳胶带, C03, 50.00
<==        Row: 370, 201-TE50-5050-C03-1200, 100μm茶色PI极耳胶带（带离型膜）, C03, 100.00
<==        Row: 379, 201-TE75-2530-C03-1000, 55μm茶色PI极耳胶带（带离型膜）, C03, 55.00
<==        Row: 374, 2011-R02-2125-BK01-1200, 40μm黑色PET胶带, BK01, 40.00
<==        Row: 408, 2011-R02-2325-BK01-1200, 48μm黑色PET胶带, BK01, 48.00
<==        Row: 381, 2011-R02-2525-BK01-0800, 50μm黑色PET胶带, BK01, 50.00
<==        Row: 575, 2011-R02-2525-BK01-1000, 50um 黑色PET胶带（亚克力）, BK01, 0.00
<==        Row: 168, 2011-R02-2525-BK01-1200, 50μm哑黑PET胶带, BK01, 50.00
<==        Row: 376, 2011-R02-2625-BK01-1200, 51μm黑色PET胶带, BK01, 51.00
<==        Row: 425, 2011-R02-2725-BK01-1200, 52μm黑色PET胶带, BK01, 52.00
<==        Row: 389, 2011-R02-2825-BK01-1200, 53μm黑色PET胶带, BK01, 53.00
<==        Row: 423, 2011-R02-7525-BK01-1200, 100μm黑色PET胶带, BK01, 110.00
<==        Row: 378, 2011-R02-7825-BK01-1200, 103μm黑色PET胶带, BK01, 103.00
<==        Row: 422, 202-R02-2020-BK01-1200, 40μm黑色PI胶带, BK01, 40.00
<==        Row: 421, 202-R02-2025-BK01-1200, 45μm黑色PI胶带, BK01, 45.00
<==        Row: 382, 202-R02-2425-BK01-1200, 49μm黑色PI胶带, BK01, 49.00
<==        Row: 407, 202-R02-2525-BK01-1200, 52μm黑色PI胶带, BK01, 52.00
<==        Row: 405, 202-R02-2725-BK01-1200, 52μm黑色PI胶带, BK01, 52.00
<==        Row: 386, 202-R02-2825-BK01-1200, 53μm黑色PI胶带, BK01, 53.00
<==        Row: 383, 202-R02-3222-BK01-1200, 55μm黑色PI胶带, BK01, 55.00
<==        Row: 375, 202-R02-3322-BK01-1200, 55μm黑色PI胶带, BK01, 55.00
<==        Row: 223, 202-TE50-2510-BK01-0500, 35μm哑黑PI胶带-外购, BK01, 35.00
<==        Row: 355, 202-ZR-2530-BK01-1000, 55μm黑色PI阻燃胶带, BK01, 55.00
<==        Row: 169, 202-ZR-R02-2427-BK01-1200, 50μm黑色PI阻燃胶带, BK01, 50.00
<==        Row: 372, 202-ZR-R02-2525-BK01-1200, 50μm黑色PI阻燃胶带, BK01, 50.00
<==        Row: 406, 202-ZR-R02-2530-BK01-1000, 55μm黑色PI阻燃胶带, BK01, 55.00
<==        Row: 418, 202-ZR-R02-2624-BK01-1200, 48μm黑色PI阻燃胶带, BK01, 48.00
<==        Row: 417, 202-ZR-R02-2711-BK01-1200, 38μm黑色PI阻燃胶带, BK01, 38.00
<==        Row: 371, 202-ZR-R02-2812-BK01-1200, 40μm黑色PI阻燃胶带, BK01, 40.00
<==        Row: 431, 205-R02-2525-C03-0800, 50μm茶色PI极耳胶带, C03, 50.00
<==        Row: 228, 301-36-T01-H, 36μm透明BOPP印字胶, T01, 36.00
<==        Row: 231, 301-ML-3010-Y02-0500, 40μm黄色玛拉胶, Y02, 42.00
<==        Row: 135, 301-R02-2505-G02-0200, 30μm翠绿OPP胶带, G02, 30.00
<==        Row: 220, 301-R02-2505-T01-0300, 30um透明OPP终止胶带, T01, 30.00
<==        Row: 151, 301-R02-2507-N01-0400, 32μm灰色BOPP终止胶带, N01, 32.00
<==        Row: 222, 301-R02-2508-G02-0300, 33μm翠绿OPP胶带, G02, 33.00
<==        Row: 232, 301-R02-2814-G02-0300, 42μm翠绿OPP胶带, G02, 42.00
<==        Row: 229, 301-R02-36-G02-0300, 36μm绿色BOPP胶带, G02, 36.00
<==        Row: 179, 301-R02-5015-Y01-0500, 65μm黄色BOPP胶带, Y01, 67.00
<==        Row: 344, 301-RO2-2307-B05-0300, 30μm蓝色BOPP终止胶带, B05, 30.00
<==        Row: 277, 302-R00-3830-N01-1000, 68μm咖啡极耳胶带, N01, 68.00
<==        Row: 180, 302-R00-6012-B01-0015, 72μmBOPP保护膜胶带, B01, 72.00
<==        Row: 181, 302-R00-6012-B01-0025, 72μmBOPP保护膜胶带, B01, 72.00
<==        Row: 195, 302-R00-6012-T01-0025, 72μmBOPP透明胶带, T01, 72.00
<==        Row: 284, 302-R00-6035-N01-1200, 95μm咖啡色BOPP胶带, N01, 95.00
<==        Row: 283, 302-R00-6530-N01-1200, 95μm咖啡色BOPP胶带, N01, 95.00
<==        Row: 429, 302-R02-3830-N01-1000, 68μm咖啡极耳胶带, N01, 68.00
<==        Row: 307, 303-DG-3650-T01-3000, 86μm透明BOOP撕膜胶带, T01, 86.00
<==        Row: 331, 303-DG-5050-T01-3000, 100μm透明撕膜胶带, T01, 100.00
<==        Row: 475, 303-DG-5050-T01-4000, 100μm透明BOPP撕膜胶带, T01, 35.00
<==        Row: 319, 303-DG-5080-T01-4000, 130μm透明撕膜胶带, T01, 50.00
<==        Row: 100, 303-R02-1204-G03-0300, 16μm无机翠绿橡胶胶带, G03, 16.00
<==        Row: 147, 303-R02-2010-G03-0500, 30μm无机翠绿橡胶PET胶带, G03, 30.00
<==        Row: 183, 303-R02-5050-T01-3000, 100μm橡胶PET胶带, T01, 100.00
<==        Row: 309, 303-R03-2525-Y01-1200, 50μm黄色撕膜胶带, Y01, 50.00
<==        Row: 288, 308-R00-140-T01-0600, 140μm美纹纸胶带-外购, T01, 140.00
<==        Row: 578, 4011-1508W-4555-G08-3050, 1508白双面白色PE泡棉（80绿膜）, W01, 800.00
<==        Row: 292, 456-R00-17530-G09/G08-0900, 205um透明PET胶带-外贸, T01, 205.00
<==        Row: 385, 501-100-W01-1100, 100μm白色糯米纸胶带, W01, 100.00
<==        Row: 384, 501-130-W01-1100, 130μm白色糯米纸胶带, W01, 130.00
<==        Row: 400, 501-90-W01-1100, 90μm白色糯米纸胶带, W01, 90.00
<==        Row: 188, 5011-R00-4005-T01-0030, 45μm溶胀胶带, T01, 45.00
<==        Row: 415, 5011-R00-4005-T01-0030H, 45μm透明溶胀数字胶, T01, 48.00
<==        Row: 189, 5011-R00-4005-T01-0050, 45μm溶胀胶带, T01, 45.00
<==        Row: 190, 5011-R00-4010-T01-0050, 50μmOPS溶胀胶带, T01, 50.00
<==        Row: 191, 5011-R00-4010-T01-0100, 50μmOPS溶胀胶带, T01, 50.00
<==        Row: 194, 5011-R00-5010-T01-0050, 60μmOPS溶胀胶带, T01, 60.00
<==        Row: 476, 5012-12T-1012-T01-0400-HG09, 35μm透明PET热熔双面胶, T01, 36.00
<==        Row: 347, 5012-12T-1012-T01-0400-W25, 35μm透明PET热熔双面胶, T01, 35.00
<==        Row: 312, 5012-B25-50-B05-0500, 50μm蓝色热熔PET双面胶, B05, 50.00
<==        Row: 391, 5012-TE12-0805-T01-0300, 25μm透明PET热熔胶, T01, 85.00
<==        Row: 310, 5012-TE12-0805-T01-0300-W25, 25μm热熔PET双面胶, T01, 25.00
<==        Row: 332, 5012-TE12-1012-T01-0400-HG09, 35μm热熔PET双面胶, T01, 35.00
<==        Row: 300, 5012-TE12-25-T01-0300-W25, 25μm热熔PET双面胶, T01, 25.00
<==        Row: 333, 5012-TE12-35-T01-0400-HG09, 35μm热熔PET双面胶, T01, 35.00
<==        Row: 410, 5012-TE20-45-T01-0500-W50, 45μmPET热熔胶带, T01, 45.00
<==        Row: 359, 5012-TE20-48-T01-0010, 48μm透明PET热熔双面胶, T01, 35.00
<==        Row: 435, 5012-TE20-48-T01-0500, 48μm透明PET热熔双面胶, T01, 100.00
<==        Row: 311, 5012-TE20-48-T01-0500-W50, 48μm热熔PET双面胶, T01, 48.00
<==        Row: 192, 5016-R00-4010-T01-0100, 50μmTPU溶胀胶带, T01, 50.00
<==        Row: 289, 801-160-T01-1500, 160μm玻纤胶带-外购, T01, 160.00
<==        Row: 290, 801-R00-13025-T01-0500, 160um纤维布胶带-外贸, T01, 155.00
<==        Row: 291, 801-R00-13035-T01-0700, 165um纤维布胶带-外贸, T01, 165.00
<==        Row: 416, BDJ-R02-11-G01-0300, 11μm翠绿色PET终止胶带, G01, 11.00
<==        Row: 478, C301-36-T01-H, 36μm透明BOPP印字胶带, T01, 60.00
<==        Row: 317, CML-2525-B02-0700, 50μm蓝色玛拉胶带, B02, 50.00
<==        Row: 325, CML-2525-BK01-0800, 50μm黑色马拉胶带, BK01, 50.00
<==        Row: 324, CML-2525-R01-0600, 50μm红色玛拉胶带, R01, 50.00
<==        Row: 342, CML-2525-W01-0600, 50μm白色马拉胶带, W01, 50.00
<==        Row: 493, CS1011-2530-C02-0600, 55μm茶色膜PET硅胶带, C02, 55.00
<==        Row: 368, DY-125-BK01, 125μm黑色保护膜, BK01, 125.00
<==        Row: 367, DY-125-W01, 125μm白色保护膜, W01, 125.00
<==        Row: 341, ETJ-3000A25+25μ（2＋36＋2）, 50μm间隔胶, null, 50.00
<==        Row: 354, ETJ-3000A25+25μ（3＋34＋3）, 50μm间隔胶, null, 50.00
<==        Row: 369, KHJ-35-T01-1000, 35μm透明双面胶, T01, 25.00
<==        Row: 402, KHJ-R03-BK01-45, 45μm黑色印刷胶带, BK01, 45.00
<==        Row: 491, LS53HY, LS53HY, null, 0.00
<==        Row: 257, ML-2525-B02-0700, 50μm蓝色玛拉胶带, B02, 50.00
<==        Row: 255, ML-2525-BK01-0800, 50μm黑色马拉胶带, BK01, 50.00
<==        Row: 258, ML-2525-R01-0600, 50μm红色玛拉胶带, R01, 50.00
<==        Row: 256, ML-2525-Y01-0700, 50μm黄色玛拉胶带, Y01, 50.00
<==        Row: 364, ML-2530-BK01-0800, 55μm黑色PI阻燃胶带, BK01, 55.00
<==        Row: 365, ML-2530-R01-0600, 55μm红色玛拉胶, R01, 55.00
<==        Row: 479, PI胶带-W50, PI胶带-W50, null, 50.00
<==        Row: 487, PT5010A, PT5010A, null, 0.00
<==        Row: 477, PT5010S-15（35u）, PT5010S-15（35u）, null, 35.00
<==        Row: 490, PTS53HY, PTS53HY, null, 0.00
<==        Row: 366, PY-0505W-PET1.0, 1mmPET泡棉胶带, W01, 1000.00
<==        Row: 261, S1011-2525-C02-0600, 50μm茶色膜硅胶带, C02, 50.00
<==        Row: 271, S1011-2530-C02-0600, 55μm茶色膜硅胶带, C02, 50.00
<==        Row: 259, S1011-R00-2525-C02-0600, 50μm茶色膜PET硅胶带, C02, 50.00
<==        Row: 262, S1011-R00-2525-C02-0700, 50μm茶色膜PET硅胶带, C02, 50.00
<==        Row: 270, S1011-R00-2530-C02-0700, 55μm茶色膜PET硅胶带, C02, 50.00
<==        Row: 511, S201-2510-C03-0100, 35μm茶色PI硅胶带, C03, 35.00
<==        Row: 513, S201-2510-C03-0300, 30μmPI硅胶带, C03, 30.00
<==        Row: 263, S201-2525-C03-0600, 50μmPI硅胶, C03, 50.00
<==        Row: 272, S201-2530-C03-0600, 55μmPI硅胶带, C03, 55.00
<==        Row: 227, S201-R00-2510-C03-0300, 35μmPI硅胶带, C03, 35.00
<==        Row: 260, S201-R00-2525-C03-0600, 50μmPI硅胶, C03, 50.00
<==        Row: 269, S201-R00-2530-C03-0600, 55μmPI硅胶, C03, 55.00
<==        Row: 285, S201-R00-5050-C03-0500, 100μm茶色PI硅胶胶带, C03, 100.00
<==        Row: 577, S202-R00-2530-BK01-0500, 55μmPI雅黑硅胶带, BK01, 55.00
<==        Row: 442, TE2010L3A, TE2010L3A, null, 0.00
<==        Row: 480, W-H60-LB, W-H60-LB, null, 0.00
<==        Row: 438, WPTR-L10-80B3, WPTR-L10-80B3, null, null
<==        Row: 489, WPTR-L20-80B3, WPTR-L20-80B3, null, 0.00
<==        Row: 329, ZR-100-W01-1200, 100μm阻燃糯米纸胶带, W01, 100.00
<==        Row: 328, ZR-130-W01-1200, 130μm阻燃糯米纸胶带, W01, 130.00
<==        Row: 387, ZR-90-W01-1200, 90μm白色阻燃糯米纸胶带, W01, 90.00
<==      Total: 383
Closing non transactional SqlSession [org.apache.ibatis.session.defaults.DefaultSqlSession@59b36de8]
Creating a new SqlSession
SqlSession [org.apache.ibatis.session.defaults.DefaultSqlSession@69b97065] was not registered for synchronization because synchronization is not active
JDBC Connection [HikariProxyConnection@413971036 wrapping com.mysql.cj.jdbc.ConnectionImpl@54fc90d7] will not be managed by Spring
==>  Preparing: SELECT * FROM tape_raw_material WHERE 1=1 ORDER BY sort_order ASC, id DESC LIMIT ?, ?
==> Parameters: 0(Integer), 20(Integer)
<==    Columns: id, material_code, material_name, material_type, unit, spec, sort_order, status
<==        Row: 1, YKLJ0801, 主树脂YKLJ0801, resin, Kg, 亚克力树脂, 1, 1
<==        Row: 2, YSYZ0201, 溶剂YSYZ0201, solvent, Kg, 溶剂, 2, 1
<==        Row: 3, G728-UJ, G728-UJ, additive, Kg, 助剂, 3, 1
<==        Row: 4, 9002, 固化剂9002, curing, Kg, 固化剂, 4, 1
<==        Row: 5, FY-45, 固化剂FY-45, curing, Kg, 固化剂, 5, 1
<==        Row: 6, AJSZ0101, 助剂AJSZ0101, additive, Kg, 需用甲苯稀释20%, 6, 1
<==        Row: 7, DJBHS0301, 助剂DJBHS0301, additive, Kg, 需用异丙醇稀释10%, 7, 1
<==      Total: 7
Closing non transactional SqlSession [org.apache.ibatis.session.defaults.DefaultSqlSession@69b97065]
Creating a new SqlSession
SqlSession [org.apache.ibatis.session.defaults.DefaultSqlSession@b6fbb4d] was not registered for synchronization because synchronization is not active
JDBC Connection [HikariProxyConnection@1982645806 wrapping com.mysql.cj.jdbc.ConnectionImpl@54fc90d7] will not be managed by Spring
==>  Preparing: SELECT COUNT(*) FROM tape_raw_material WHERE 1=1
==> Parameters: 
<==    Columns: COUNT(*)
<==        Row: 7
<==      Total: 1
Closing non transactional SqlSession [org.apache.ibatis.session.defaults.DefaultSqlSession@b6fbb4d]
Creating a new SqlSession
SqlSession [org.apache.ibatis.session.defaults.DefaultSqlSession@980fdb] was not registered for synchronization because synchronization is not active
Creating a new SqlSession
SqlSession [org.apache.ibatis.session.defaults.DefaultSqlSession@198d1f20] was not registered for synchronization because synchronization is not active
JDBC Connection [HikariProxyConnection@752366238 wrapping com.mysql.cj.jdbc.ConnectionImpl@86e51b5] will not be managed by Spring
==>  Preparing: SELECT IFNULL(SUM(CASE WHEN DATE_FORMAT(pr.report_date, '%Y-%m') = DATE_FORMAT(CURDATE(), '%Y-%m') THEN pr.output_sqm ELSE 0 END), 0) AS monthArea, IFNULL(SUM(CASE WHEN YEAR(pr.report_date) = YEAR(CURDATE()) THEN pr.output_sqm ELSE 0 END), 0) AS yearArea FROM production_report pr WHERE 1=1 AND UPPER(pr.shift_code) = UPPER(?)
==> Parameters: A(String)
<==    Columns: monthArea, yearArea
<==        Row: 0.00, 0.00
<==      Total: 1
Closing non transactional SqlSession [org.apache.ibatis.session.defaults.DefaultSqlSession@980fdb]
JDBC Connection [HikariProxyConnection@451099842 wrapping com.mysql.cj.jdbc.ConnectionImpl@6651223f] will not be managed by Spring
==>  Preparing: SELECT COUNT(*) FROM (SELECT ms.id, ms.id AS schedule_id, ms.order_no, COALESCE(NULLIF(ms.material_code, ''), soi.material_code, MAX(ca.material_code), '') AS material_code, COALESCE(NULLIF(ms.material_name, ''), soi.material_name, '') AS material_name, ts.color_name AS color_name, ts.color_code AS color_code, COALESCE(soi.width, ms.coating_width) AS width, COALESCE(soi.length, ms.coating_length) AS length, COALESCE(ms.coating_width, soi.width) AS coating_width, COALESCE(ms.coating_length, soi.length) AS coating_length, COALESCE(soi.thickness, ts.total_thickness) AS thickness, ms.schedule_qty, COALESCE(NULLIF(ms.coating_area, 0), (COALESCE(soi.width, ms.coating_width) / 1000.0) * COALESCE(soi.length, ms.coating_length) * IFNULL(ms.schedule_qty, 0)) AS coating_area, IFNULL((SELECT SUM(r.produced_qty) FROM manual_schedule_process_report r WHERE r.schedule_id = ms.id AND r.process_type = 'COATING' AND r.is_deleted = 0), 0) AS coating_report_qty, IFNULL((SELECT SUM(IFNULL(l.locked_area, 0)) FROM schedule_material_lock l WHERE l.schedule_id = ms.id AND l.lock_status IN ('锁定中', '已领料', '已消耗', '已补锁')), 0) AS locked_area, GREATEST(COALESCE(NULLIF(ms.coating_area, 0), (COALESCE(soi.width, ms.coating_width) / 1000.0) * COALESCE(soi.length, ms.coating_length) * IFNULL(ms.schedule_qty, 0)) - IFNULL((SELECT SUM(IFNULL(l.locked_area, 0)) FROM schedule_material_lock l WHERE l.schedule_id = ms.id AND l.lock_status IN ('锁定中', '已领料', '已消耗', '已补锁')), 0), 0) AS unlocked_area, COALESCE(DATE_FORMAT(eo.start_time, '%Y-%m-%d %H:%i:%s'), CONCAT(ms.coating_schedule_date, ' 08:00:00')) AS coating_schedule_date, DATE_FORMAT(eo.end_time, '%Y-%m-%d %H:%i:%s') AS coating_end_time, eo.duration_minutes AS coating_duration_minutes, ms.coating_equipment, ms.coating_date, ms.rewinding_date, ms.packaging_date, ms.status, GROUP_CONCAT(DISTINCT so.order_no ORDER BY so.order_no SEPARATOR ',') AS order_nos, COALESCE(GROUP_CONCAT(DISTINCT ca.order_no ORDER BY ca.sort_no SEPARATOR ','), GROUP_CONCAT(DISTINCT so.order_no ORDER BY so.order_no SEPARATOR ','), ms.order_no) AS related_order_nos FROM manual_schedule ms JOIN (SELECT MAX(id) AS id FROM manual_schedule WHERE schedule_type = 'COATING' GROUP BY COALESCE(order_detail_id, id)) latest ON latest.id = ms.id LEFT JOIN sales_order_items soi ON ms.order_detail_id = soi.id LEFT JOIN manual_schedule_coating_allocation ca ON ca.schedule_id = ms.id AND ca.included_flag = 1 LEFT JOIN tape_spec ts ON ts.material_code = COALESCE(NULLIF(ms.material_code, ''), soi.material_code, ca.material_code) LEFT JOIN sales_orders so ON soi.order_id = so.id LEFT JOIN equipment_occupation eo ON eo.schedule_id = ms.id AND eo.process_type = 'COATING' AND eo.status IN ('PLANNED', 'RUNNING', 'FINISHED') WHERE ms.schedule_type = 'COATING' AND ms.status IN ('PENDING', 'COATING_SCHEDULED', 'REWINDING_SCHEDULED', 'CONFIRMED') AND COALESCE(NULLIF(ms.coating_area, 0), (COALESCE(soi.width, ms.coating_width) / 1000.0) * COALESCE(soi.length, ms.coating_length) * IFNULL(ms.schedule_qty, 0)) > 0 GROUP BY ms.id ORDER BY ms.created_at DESC) TOTAL
==> Parameters: 
<==    Columns: COUNT(*)
<==        Row: 10
<==      Total: 1
==>  Preparing: SELECT ms.id, ms.id AS schedule_id, ms.order_no, COALESCE(NULLIF(ms.material_code, ''), soi.material_code, MAX(ca.material_code), '') AS material_code, COALESCE(NULLIF(ms.material_name, ''), soi.material_name, '') AS material_name, ts.color_name AS color_name, ts.color_code AS color_code, COALESCE(soi.width, ms.coating_width) AS width, COALESCE(soi.length, ms.coating_length) AS length, COALESCE(ms.coating_width, soi.width) AS coating_width, COALESCE(ms.coating_length, soi.length) AS coating_length, COALESCE(soi.thickness, ts.total_thickness) AS thickness, ms.schedule_qty, COALESCE(NULLIF(ms.coating_area, 0), (COALESCE(soi.width, ms.coating_width) / 1000.0) * COALESCE(soi.length, ms.coating_length) * IFNULL(ms.schedule_qty, 0)) AS coating_area, IFNULL((SELECT SUM(r.produced_qty) FROM manual_schedule_process_report r WHERE r.schedule_id = ms.id AND r.process_type = 'COATING' AND r.is_deleted = 0), 0) AS coating_report_qty, IFNULL((SELECT SUM(IFNULL(l.locked_area, 0)) FROM schedule_material_lock l WHERE l.schedule_id = ms.id AND l.lock_status IN ('锁定中','已领料','已消耗','已补锁')), 0) AS locked_area, GREATEST(COALESCE(NULLIF(ms.coating_area, 0), (COALESCE(soi.width, ms.coating_width) / 1000.0) * COALESCE(soi.length, ms.coating_length) * IFNULL(ms.schedule_qty, 0)) - IFNULL((SELECT SUM(IFNULL(l.locked_area, 0)) FROM schedule_material_lock l WHERE l.schedule_id = ms.id AND l.lock_status IN ('锁定中','已领料','已消耗','已补锁')), 0), 0) AS unlocked_area, COALESCE(DATE_FORMAT(eo.start_time, '%Y-%m-%d %H:%i:%s'), CONCAT(ms.coating_schedule_date, ' 08:00:00')) AS coating_schedule_date, DATE_FORMAT(eo.end_time, '%Y-%m-%d %H:%i:%s') AS coating_end_time, eo.duration_minutes AS coating_duration_minutes, ms.coating_equipment, ms.coating_date, ms.rewinding_date, ms.packaging_date, ms.status, GROUP_CONCAT(DISTINCT so.order_no ORDER BY so.order_no SEPARATOR ',') AS order_nos, COALESCE( GROUP_CONCAT(DISTINCT ca.order_no ORDER BY ca.sort_no SEPARATOR ','), GROUP_CONCAT(DISTINCT so.order_no ORDER BY so.order_no SEPARATOR ','), ms.order_no) AS related_order_nos FROM manual_schedule ms JOIN ( SELECT MAX(id) AS id FROM manual_schedule WHERE schedule_type = 'COATING' GROUP BY COALESCE(order_detail_id, id)) latest ON latest.id = ms.id LEFT JOIN sales_order_items soi ON ms.order_detail_id = soi.id LEFT JOIN manual_schedule_coating_allocation ca ON ca.schedule_id = ms.id AND ca.included_flag = 1 LEFT JOIN tape_spec ts ON ts.material_code = COALESCE(NULLIF(ms.material_code, ''), soi.material_code, ca.material_code) LEFT JOIN sales_orders so ON soi.order_id = so.id LEFT JOIN equipment_occupation eo ON eo.schedule_id = ms.id AND eo.process_type = 'COATING' AND eo.status IN ('PLANNED','RUNNING','FINISHED') WHERE ms.schedule_type = 'COATING' AND ms.status IN ('PENDING','COATING_SCHEDULED','REWINDING_SCHEDULED','CONFIRMED') AND COALESCE(NULLIF(ms.coating_area, 0), (COALESCE(soi.width, ms.coating_width) / 1000.0) * COALESCE(soi.length, ms.coating_length) * IFNULL(ms.schedule_qty, 0)) > 0 GROUP BY ms.id ORDER BY ms.created_at DESC LIMIT ?
==> Parameters: 10(Long)
<==    Columns: id, schedule_id, order_no, material_code, material_name, color_name, color_code, width, length, coating_width, coating_length, thickness, schedule_qty, coating_area, coating_report_qty, locked_area, unlocked_area, coating_schedule_date, coating_end_time, coating_duration_minutes, coating_equipment, coating_date, rewinding_date, packaging_date, status, order_nos, related_order_nos
<==        Row: 353, 353, MANUAL-COATING-20260408001609-262, 4011-1508W-4555-G08-3050, 1508白双面白色PE泡棉（80绿膜）, 白色, W01, 1040.00, 2100.00, 1040.00, 2100.00, 800.000, 1, 2184.00000000, 0.00, 0.00, 2184.00000000, 2026-04-08 05:30:00, 2026-04-08 10:00:00, 270, 2, 2026-04-08 05:30:00, null, null, COATING_SCHEDULED, <<BLOB>>, <<BLOB>>
<==        Row: 352, 352, MANUAL-COATING-20260408001517-349, 5011-R00-4005-T01-0030, 45μm溶胀胶带, 透明, T01, 1040.00, 11000.00, 1040.00, 11000.00, 45.000, 1, 11440.00000000, 0.00, 0.00, 11440.00000000, 2026-04-08 00:20:00, 2026-04-08 05:00:00, 280, 2, 2026-04-08 00:20:00, null, null, COATING_SCHEDULED, <<BLOB>>, <<BLOB>>
<==        Row: 351, 351, MANUAL-COATING-20260408001341-784, 1011-R02-2525-B04-0600, 50μm蓝色PET终止胶带, 蓝色, B05, 1040.00, 25000.00, 1040.00, 25000.00, 50.000, 1, 26000.00000000, 0.00, 0.00, 26000.00000000, 2026-04-09 07:40:00, 2026-04-10 00:20:00, 1000, 3, 2026-04-09 07:40:00, null, null, COATING_SCHEDULED, <<BLOB>>, <<BLOB>>
<==        Row: 350, 350, MANUAL-COATING-20260407233701-906, 1011-R02-2525-B01-0600A, 50μm蓝色PET终止胶带, 蓝色, B01, 1040.00, 30000.00, 1040.00, 30000.00, 50.000, 1, 31200.00000000, 0.00, 0.00, 31200.00000000, 2026-04-08 11:10:00, 2026-04-09 07:10:00, 1200, 3, 2026-04-08 11:10:00, null, null, COATING_SCHEDULED, <<BLOB>>, <<BLOB>>
<==        Row: 349, 349, MANUAL-COATING-20260407233457-798, 201-R02-2510-C03-0500, 35μm茶色PI极耳胶带, 茶色, C03, 1040.00, 30000.00, 1040.00, 30000.00, 35.000, 1, 31200.00000000, 0.00, 0.00, 31200.00000000, 2026-04-09 23:10:00, 2026-04-10 11:40:00, 750, 1, 2026-04-09 23:10:00, null, null, COATING_SCHEDULED, <<BLOB>>, <<BLOB>>
<==        Row: 348, 348, MANUAL-COATING-20260407233323-265, 201-R015-2505-C03-0400, 30μm茶色PI极耳胶带, 茶色, C03, 1040.00, 4000.00, 1040.00, 4000.00, 32.000, 1, 4160.00000000, 0.00, 0.00, 4160.00000000, 2026-04-08 15:30:00, 2026-04-08 17:10:00, 100, 1, 2026-04-08 15:30:00, null, null, COATING_SCHEDULED, <<BLOB>>, <<BLOB>>
<==        Row: 347, 347, MANUAL-COATING-20260407233145-588, 1011-R02-1507-G03-0400, 22μm无机翠绿PET胶带, 无机翠绿, G03, 1040.00, 24000.00, 1040.00, 24000.00, 22.000, 1, 24960.00000000, 0.00, 0.00, 24960.00000000, 2026-04-08 05:00:00, 2026-04-08 15:00:00, 600, 1, 2026-04-08 05:00:00, null, null, COATING_SCHEDULED, <<BLOB>>, <<BLOB>>
<==        Row: 346, 346, MANUAL-COATING-20260407232951-155, 1011-R02-1510-B01-0400, 25μm浅蓝PET胶带, 蓝色, B01, 1040.00, 12000.00, 1040.00, 12000.00, 25.000, 1, 12480.00000000, 0.00, 0.00, 12480.00000000, 2026-04-07 23:30:00, 2026-04-08 04:30:00, 300, 1, 2026-04-07 23:30:00, null, null, COATING_SCHEDULED, <<BLOB>>, <<BLOB>>
<==        Row: 333, 333, MANUAL-COATING-20260407183158-513, 1016-R02-2010-B01-0400-90, 30μm蓝色间隙胶带W90, 浅蓝, B01, 1040.00, 36000.00, 1040.00, 36000.00, 30.000, 1, 37440.00000000, 0.00, 0.00, 37440.00000000, 2026-04-07 08:00:00, 2026-04-07 23:00:00, 900, 1, 2026-04-07 08:00:00, null, null, COATING_SCHEDULED, <<BLOB>>, <<BLOB>>
<==        Row: 332, 332, MANUAL-COATING-20260407183018-178, 1011-R02-2525-B01-0600, 50μm蓝色PET胶带, 蓝色, B01, 1040.00, 40000.00, 1040.00, 40000.00, 50.000, 1, 41600.00000000, 0.00, 0.00, 41600.00000000, 2026-04-07 08:00:00, 2026-04-08 10:40:00, 1600, 3, 2026-04-07 08:00:00, null, null, COATING_SCHEDULED, <<BLOB>>, <<BLOB>>
<==      Total: 10
Closing non transactional SqlSession [org.apache.ibatis.session.defaults.DefaultSqlSession@198d1f20]
Creating a new SqlSession
SqlSession [org.apache.ibatis.session.defaults.DefaultSqlSession@40868b7] was not registered for synchronization because synchronization is not active
JDBC Connection [HikariProxyConnection@940493306 wrapping com.mysql.cj.jdbc.ConnectionImpl@6651223f] will not be managed by Spring
==>  Preparing: SELECT COUNT(1) FROM manual_schedule ms LEFT JOIN sales_order_items soi ON ms.order_detail_id = soi.id JOIN ( SELECT MAX(id) AS id FROM manual_schedule WHERE schedule_type = 'COATING' GROUP BY COALESCE(order_detail_id, id)) latest ON latest.id = ms.id WHERE ms.schedule_type = 'COATING' AND ms.status IN ('PENDING','COATING_SCHEDULED','REWINDING_SCHEDULED','CONFIRMED') AND COALESCE(NULLIF(ms.coating_area, 0), (COALESCE(soi.width, ms.coating_width) / 1000.0) * COALESCE(soi.length, ms.coating_length) * IFNULL(ms.schedule_qty, 0)) > 0
==> Parameters: 
<==    Columns: COUNT(1)
<==        Row: 10
<==      Total: 1
Closing non transactional SqlSession [org.apache.ibatis.session.defaults.DefaultSqlSession@40868b7]
Creating a new SqlSession
Creating a new SqlSession
Creating a new SqlSession
Creating a new SqlSession
Creating a new SqlSession
SqlSession [org.apache.ibatis.session.defaults.DefaultSqlSession@1c43aebc] was not registered for synchronization because synchronization is not active
SqlSession [org.apache.ibatis.session.defaults.DefaultSqlSession@35a6d98b] was not registered for synchronization because synchronization is not active
SqlSession [org.apache.ibatis.session.defaults.DefaultSqlSession@7591010c] was not registered for synchronization because synchronization is not active
SqlSession [org.apache.ibatis.session.defaults.DefaultSqlSession@4e90b1cf] was not registered for synchronization because synchronization is not active
JDBC Connection [HikariProxyConnection@1699572094 wrapping com.mysql.cj.jdbc.ConnectionImpl@86e51b5] will not be managed by Spring
==>  Preparing: SELECT * FROM tape_spec WHERE material_code = ? LIMIT 1
JDBC Connection [HikariProxyConnection@307175801 wrapping com.mysql.cj.jdbc.ConnectionImpl@6651223f] will not be managed by Spring
SqlSession [org.apache.ibatis.session.defaults.DefaultSqlSession@5312b2d4] was not registered for synchronization because synchronization is not active
==>  Preparing: SELECT * FROM tape_spec WHERE material_code = ? LIMIT 1
==> Parameters: 1016-R02-2010-B01-0400-90(String)
==> Parameters: 5011-R00-4005-T01-0030(String)
JDBC Connection [HikariProxyConnection@1045683536 wrapping com.mysql.cj.jdbc.ConnectionImpl@309feb75] will not be managed by Spring
==>  Preparing: SELECT * FROM tape_spec WHERE material_code = ? LIMIT 1
==> Parameters: 1011-R02-2525-B01-0600(String)
JDBC Connection [HikariProxyConnection@761062632 wrapping com.mysql.cj.jdbc.ConnectionImpl@54fc90d7] will not be managed by Spring
==>  Preparing: SELECT * FROM tape_spec WHERE material_code = ? LIMIT 1
==> Parameters: 1011-R02-1507-G03-0400(String)
<==    Columns: id, material_code, product_name, color_code, color_name, base_thickness, base_material, glue_material, glue_thickness, initial_tack_min, initial_tack_max, initial_tack_type, total_thickness, total_thickness_min, total_thickness_max, peel_strength_min, peel_strength_max, peel_strength_type, unwind_force_min, unwind_force_max, unwind_force_type, heat_resistance, heat_resistance_type, remark, status, create_time, update_time, create_by, update_by
JDBC Connection [HikariProxyConnection@1671507486 wrapping com.mysql.cj.jdbc.ConnectionImpl@ef0e4db] will not be managed by Spring
<==        Row: 576, 1016-R02-2010-B01-0400-90, 30μm蓝色间隙胶带W90, B01, 浅蓝, 20.00, PET, ACRYLIC, 10.00, 0.00, 0.00, range, 30.00, 0.00, 0.00, 0.00, 0.00, range, 0.00, 0.00, range, 0.00, gte, , 1, 2026-04-06 21:48:16, 2026-04-06 21:49:12, admin, admin
==>  Preparing: SELECT * FROM tape_spec WHERE material_code = ? LIMIT 1
<==      Total: 1
Closing non transactional SqlSession [org.apache.ibatis.session.defaults.DefaultSqlSession@35a6d98b]
==> Parameters: 1011-R02-1510-B01-0400(String)
<==    Columns: id, material_code, product_name, color_code, color_name, base_thickness, base_material, glue_material, glue_thickness, initial_tack_min, initial_tack_max, initial_tack_type, total_thickness, total_thickness_min, total_thickness_max, peel_strength_min, peel_strength_max, peel_strength_type, unwind_force_min, unwind_force_max, unwind_force_type, heat_resistance, heat_resistance_type, remark, status, create_time, update_time, create_by, update_by
<==        Row: 164, 1011-R02-2525-B01-0600, 50μm蓝色PET胶带, B01, 蓝色, 25.00, PET, 亚克力, 25.00, 5.00, null, gte, 50.00, 45.00, 55.00, 4.00, 9.00, range, 0.50, 2.50, range, 120.00, gte, null, 1, 2026-02-28 10:53:23, 2026-02-28 10:55:02, admin, admin
<==      Total: 1
Closing non transactional SqlSession [org.apache.ibatis.session.defaults.DefaultSqlSession@7591010c]
<==    Columns: id, material_code, product_name, color_code, color_name, base_thickness, base_material, glue_material, glue_thickness, initial_tack_min, initial_tack_max, initial_tack_type, total_thickness, total_thickness_min, total_thickness_max, peel_strength_min, peel_strength_max, peel_strength_type, unwind_force_min, unwind_force_max, unwind_force_type, heat_resistance, heat_resistance_type, remark, status, create_time, update_time, create_by, update_by
<==        Row: 123, 1011-R02-1507-G03-0400, 22μm无机翠绿PET胶带, G03, 无机翠绿, 15.00, PET, 亚克力, 7.00, 3.00, null, gte, 22.00, 19.00, 25.00, 3.00, 6.00, range, 0.50, 2.50, range, 120.00, gte, null, 1, 2026-02-28 10:53:22, 2026-04-01 19:16:21, admin, admin
<==      Total: 1
Closing non transactional SqlSession [org.apache.ibatis.session.defaults.DefaultSqlSession@4e90b1cf]
<==    Columns: id, material_code, product_name, color_code, color_name, base_thickness, base_material, glue_material, glue_thickness, initial_tack_min, initial_tack_max, initial_tack_type, total_thickness, total_thickness_min, total_thickness_max, peel_strength_min, peel_strength_max, peel_strength_type, unwind_force_min, unwind_force_max, unwind_force_type, heat_resistance, heat_resistance_type, remark, status, create_time, update_time, create_by, update_by
Creating a new SqlSession
<==        Row: 203, 1011-R02-1510-B01-0400, 25μm浅蓝PET胶带, B01, 蓝色, 15.00, PET, 亚克力, 10.00, 4.00, null, gte, 25.00, 22.00, 28.00, 4.00, 7.50, range, 0.50, 2.50, range, 120.00, gte, null, 1, 2026-02-28 13:03:37, 2026-04-01 19:16:18, admin, admin
SqlSession [org.apache.ibatis.session.defaults.DefaultSqlSession@7db60812] was not registered for synchronization because synchronization is not active
<==      Total: 1
JDBC Connection [HikariProxyConnection@1394079941 wrapping com.mysql.cj.jdbc.ConnectionImpl@86e51b5] will not be managed by Spring
Closing non transactional SqlSession [org.apache.ibatis.session.defaults.DefaultSqlSession@5312b2d4]
==>  Preparing: SELECT * FROM tape_spec WHERE material_code = ? LIMIT 1
Creating a new SqlSession
<==    Columns: id, material_code, product_name, color_code, color_name, base_thickness, base_material, glue_material, glue_thickness, initial_tack_min, initial_tack_max, initial_tack_type, total_thickness, total_thickness_min, total_thickness_max, peel_strength_min, peel_strength_max, peel_strength_type, unwind_force_min, unwind_force_max, unwind_force_type, heat_resistance, heat_resistance_type, remark, status, create_time, update_time, create_by, update_by
==> Parameters: 4011-1508W-4555-G08-3050(String)
<==        Row: 188, 5011-R00-4005-T01-0030, 45μm溶胀胶带, T01, 透明, 40.00, OPS, 亚克力, 5.00, 2.00, 7.00, range, 45.00, 41.00, 49.00, null, 0.60, lte, null, 1.20, lte, 0.00, range, null, 1, 2026-02-28 11:16:00, 2026-02-28 12:54:51, admin, admin
SqlSession [org.apache.ibatis.session.defaults.DefaultSqlSession@588dcbb1] was not registered for synchronization because synchronization is not active
<==      Total: 1
JDBC Connection [HikariProxyConnection@215421703 wrapping com.mysql.cj.jdbc.ConnectionImpl@54fc90d7] will not be managed by Spring
Closing non transactional SqlSession [org.apache.ibatis.session.defaults.DefaultSqlSession@1c43aebc]
==>  Preparing: SELECT * FROM tape_spec WHERE material_code = ? LIMIT 1
Creating a new SqlSession
==> Parameters: 1011-R02-2525-B01-0600A(String)
SqlSession [org.apache.ibatis.session.defaults.DefaultSqlSession@22bb34b2] was not registered for synchronization because synchronization is not active
JDBC Connection [HikariProxyConnection@1882264288 wrapping com.mysql.cj.jdbc.ConnectionImpl@309feb75] will not be managed by Spring
==>  Preparing: SELECT * FROM tape_spec WHERE material_code = ? LIMIT 1
==> Parameters: 201-R015-2505-C03-0400(String)
Creating a new SqlSession
SqlSession [org.apache.ibatis.session.defaults.DefaultSqlSession@5124b9ba] was not registered for synchronization because synchronization is not active
JDBC Connection [HikariProxyConnection@1015365058 wrapping com.mysql.cj.jdbc.ConnectionImpl@6651223f] will not be managed by Spring
==>  Preparing: SELECT * FROM tape_spec WHERE material_code = ? LIMIT 1
==> Parameters: 1011-R02-2525-B04-0600(String)
<==    Columns: id, material_code, product_name, color_code, color_name, base_thickness, base_material, glue_material, glue_thickness, initial_tack_min, initial_tack_max, initial_tack_type, total_thickness, total_thickness_min, total_thickness_max, peel_strength_min, peel_strength_max, peel_strength_type, unwind_force_min, unwind_force_max, unwind_force_type, heat_resistance, heat_resistance_type, remark, status, create_time, update_time, create_by, update_by
<==        Row: 578, 4011-1508W-4555-G08-3050, 1508白双面白色PE泡棉（80绿膜）, W01, 白色, 800.00, , ACRYLIC, 100.00, 0.00, 0.00, range, 800.00, 0.00, 0.00, 0.00, 0.00, range, 0.00, 0.00, range, 0.00, gte, , 1, 2026-04-07 17:49:05, 2026-04-07 17:49:05, admin, null
Creating a new SqlSession
SqlSession [org.apache.ibatis.session.defaults.DefaultSqlSession@a1d90b7] was not registered for synchronization because synchronization is not active
<==      Total: 1
JDBC Connection [HikariProxyConnection@1293360275 wrapping com.mysql.cj.jdbc.ConnectionImpl@ef0e4db] will not be managed by Spring
Closing non transactional SqlSession [org.apache.ibatis.session.defaults.DefaultSqlSession@7db60812]
<==    Columns: id, material_code, product_name, color_code, color_name, base_thickness, base_material, glue_material, glue_thickness, initial_tack_min, initial_tack_max, initial_tack_type, total_thickness, total_thickness_min, total_thickness_max, peel_strength_min, peel_strength_max, peel_strength_type, unwind_force_min, unwind_force_max, unwind_force_type, heat_resistance, heat_resistance_type, remark, status, create_time, update_time, create_by, update_by
==>  Preparing: SELECT * FROM tape_spec WHERE material_code = ? LIMIT 1
<==    Columns: id, material_code, product_name, color_code, color_name, base_thickness, base_material, glue_material, glue_thickness, initial_tack_min, initial_tack_max, initial_tack_type, total_thickness, total_thickness_min, total_thickness_max, peel_strength_min, peel_strength_max, peel_strength_type, unwind_force_min, unwind_force_max, unwind_force_type, heat_resistance, heat_resistance_type, remark, status, create_time, update_time, create_by, update_by
==> Parameters: 201-R02-2510-C03-0500(String)
<==        Row: 144, 201-R015-2505-C03-0400, 30μm茶色PI极耳胶带, C03, 茶色, 25.00, PI, 亚克力, 5.00, 3.00, null, gte, 32.00, 29.00, 35.00, 3.00, 5.50, range, 1.50, 3.00, range, 110.00, gte, null, 1, 2026-02-28 10:53:23, 2026-04-01 19:25:34, admin, admin
<==        Row: 430, 1011-R02-2525-B01-0600A, 50μm蓝色PET终止胶带, B01, 蓝色, 0.00, null, null, 0.00, null, null, null, 50.00, null, null, null, null, null, null, null, null, null, null, null, 1, 2026-03-30 17:53:33, 2026-04-01 19:25:28, system-auto-sync, admin
<==      Total: 1
<==      Total: 1
Closing non transactional SqlSession [org.apache.ibatis.session.defaults.DefaultSqlSession@22bb34b2]
Closing non transactional SqlSession [org.apache.ibatis.session.defaults.DefaultSqlSession@588dcbb1]
<==    Columns: id, material_code, product_name, color_code, color_name, base_thickness, base_material, glue_material, glue_thickness, initial_tack_min, initial_tack_max, initial_tack_type, total_thickness, total_thickness_min, total_thickness_max, peel_strength_min, peel_strength_max, peel_strength_type, unwind_force_min, unwind_force_max, unwind_force_type, heat_resistance, heat_resistance_type, remark, status, create_time, update_time, create_by, update_by
<==        Row: 295, 1011-R02-2525-B04-0600, 50μm蓝色PET终止胶带, B05, 蓝色, 0.00, PET, ACRYLIC, 0.00, 5.00, 8.00, range, 50.00, 48.00, 52.00, 7.00, null, gte, 2.00, 4.00, range, 130.00, gte, null, 1, 2026-03-04 13:16:21, 2026-04-01 19:16:15, admin, admin
<==      Total: 1
Closing non transactional SqlSession [org.apache.ibatis.session.defaults.DefaultSqlSession@5124b9ba]
<==    Columns: id, material_code, product_name, color_code, color_name, base_thickness, base_material, glue_material, glue_thickness, initial_tack_min, initial_tack_max, initial_tack_type, total_thickness, total_thickness_min, total_thickness_max, peel_strength_min, peel_strength_max, peel_strength_type, unwind_force_min, unwind_force_max, unwind_force_type, heat_resistance, heat_resistance_type, remark, status, create_time, update_time, create_by, update_by
<==        Row: 153, 201-R02-2510-C03-0500, 35μm茶色PI极耳胶带, C03, 茶色, 25.00, PI, 亚克力, 10.00, 3.00, null, gte, 35.00, 32.00, 38.00, 3.00, 7.00, range, 0.50, 3.00, range, 120.00, gte, null, 1, 2026-02-28 10:53:23, 2026-02-28 10:55:02, admin, admin
<==      Total: 1
Closing non transactional SqlSession [org.apache.ibatis.session.defaults.DefaultSqlSession@a1d90b7]
Creating a new SqlSession
SqlSession [org.apache.ibatis.session.defaults.DefaultSqlSession@285ba2c5] was not registered for synchronization because synchronization is not active
JDBC Connection [HikariProxyConnection@1935177584 wrapping com.mysql.cj.jdbc.ConnectionImpl@86e51b5] will not be managed by Spring
==>  Preparing: SELECT COUNT(*) FROM (SELECT ms.id, ms.id AS schedule_id, ms.order_no, COALESCE(NULLIF(ms.material_code, ''), soi.material_code, MAX(ca.material_code), '') AS material_code, COALESCE(NULLIF(ms.material_name, ''), soi.material_name, '') AS material_name, ts.color_name AS color_name, ts.color_code AS color_code, COALESCE(soi.width, ms.coating_width) AS width, COALESCE(soi.length, ms.coating_length) AS length, COALESCE(ms.coating_width, soi.width) AS coating_width, COALESCE(ms.coating_length, soi.length) AS coating_length, COALESCE(soi.thickness, ts.total_thickness) AS thickness, ms.schedule_qty, COALESCE(NULLIF(ms.coating_area, 0), (COALESCE(soi.width, ms.coating_width) / 1000.0) * COALESCE(soi.length, ms.coating_length) * IFNULL(ms.schedule_qty, 0)) AS coating_area, IFNULL((SELECT SUM(r.produced_qty) FROM manual_schedule_process_report r WHERE r.schedule_id = ms.id AND r.process_type = 'COATING' AND r.is_deleted = 0), 0) AS coating_report_qty, IFNULL((SELECT SUM(IFNULL(l.locked_area, 0)) FROM schedule_material_lock l WHERE l.schedule_id = ms.id AND l.lock_status IN ('锁定中', '已领料', '已消耗', '已补锁')), 0) AS locked_area, GREATEST(COALESCE(NULLIF(ms.coating_area, 0), (COALESCE(soi.width, ms.coating_width) / 1000.0) * COALESCE(soi.length, ms.coating_length) * IFNULL(ms.schedule_qty, 0)) - IFNULL((SELECT SUM(IFNULL(l.locked_area, 0)) FROM schedule_material_lock l WHERE l.schedule_id = ms.id AND l.lock_status IN ('锁定中', '已领料', '已消耗', '已补锁')), 0), 0) AS unlocked_area, COALESCE(DATE_FORMAT(eo.start_time, '%Y-%m-%d %H:%i:%s'), CONCAT(ms.coating_schedule_date, ' 08:00:00')) AS coating_schedule_date, DATE_FORMAT(eo.end_time, '%Y-%m-%d %H:%i:%s') AS coating_end_time, eo.duration_minutes AS coating_duration_minutes, ms.coating_equipment, ms.coating_date, ms.rewinding_date, ms.packaging_date, ms.status, GROUP_CONCAT(DISTINCT so.order_no ORDER BY so.order_no SEPARATOR ',') AS order_nos, COALESCE(GROUP_CONCAT(DISTINCT ca.order_no ORDER BY ca.sort_no SEPARATOR ','), GROUP_CONCAT(DISTINCT so.order_no ORDER BY so.order_no SEPARATOR ','), ms.order_no) AS related_order_nos FROM manual_schedule ms JOIN (SELECT MAX(id) AS id FROM manual_schedule WHERE schedule_type = 'COATING' GROUP BY COALESCE(order_detail_id, id)) latest ON latest.id = ms.id LEFT JOIN sales_order_items soi ON ms.order_detail_id = soi.id LEFT JOIN manual_schedule_coating_allocation ca ON ca.schedule_id = ms.id AND ca.included_flag = 1 LEFT JOIN tape_spec ts ON ts.material_code = COALESCE(NULLIF(ms.material_code, ''), soi.material_code, ca.material_code) LEFT JOIN sales_orders so ON soi.order_id = so.id LEFT JOIN equipment_occupation eo ON eo.schedule_id = ms.id AND eo.process_type = 'COATING' AND eo.status IN ('PLANNED', 'RUNNING', 'FINISHED') WHERE ms.schedule_type = 'COATING' AND ms.status IN ('PENDING', 'COATING_SCHEDULED', 'REWINDING_SCHEDULED', 'CONFIRMED') AND COALESCE(NULLIF(ms.coating_area, 0), (COALESCE(soi.width, ms.coating_width) / 1000.0) * COALESCE(soi.length, ms.coating_length) * IFNULL(ms.schedule_qty, 0)) > 0 GROUP BY ms.id ORDER BY ms.created_at DESC) TOTAL
==> Parameters: 
<==    Columns: COUNT(*)
<==        Row: 10
<==      Total: 1
==>  Preparing: SELECT ms.id, ms.id AS schedule_id, ms.order_no, COALESCE(NULLIF(ms.material_code, ''), soi.material_code, MAX(ca.material_code), '') AS material_code, COALESCE(NULLIF(ms.material_name, ''), soi.material_name, '') AS material_name, ts.color_name AS color_name, ts.color_code AS color_code, COALESCE(soi.width, ms.coating_width) AS width, COALESCE(soi.length, ms.coating_length) AS length, COALESCE(ms.coating_width, soi.width) AS coating_width, COALESCE(ms.coating_length, soi.length) AS coating_length, COALESCE(soi.thickness, ts.total_thickness) AS thickness, ms.schedule_qty, COALESCE(NULLIF(ms.coating_area, 0), (COALESCE(soi.width, ms.coating_width) / 1000.0) * COALESCE(soi.length, ms.coating_length) * IFNULL(ms.schedule_qty, 0)) AS coating_area, IFNULL((SELECT SUM(r.produced_qty) FROM manual_schedule_process_report r WHERE r.schedule_id = ms.id AND r.process_type = 'COATING' AND r.is_deleted = 0), 0) AS coating_report_qty, IFNULL((SELECT SUM(IFNULL(l.locked_area, 0)) FROM schedule_material_lock l WHERE l.schedule_id = ms.id AND l.lock_status IN ('锁定中','已领料','已消耗','已补锁')), 0) AS locked_area, GREATEST(COALESCE(NULLIF(ms.coating_area, 0), (COALESCE(soi.width, ms.coating_width) / 1000.0) * COALESCE(soi.length, ms.coating_length) * IFNULL(ms.schedule_qty, 0)) - IFNULL((SELECT SUM(IFNULL(l.locked_area, 0)) FROM schedule_material_lock l WHERE l.schedule_id = ms.id AND l.lock_status IN ('锁定中','已领料','已消耗','已补锁')), 0), 0) AS unlocked_area, COALESCE(DATE_FORMAT(eo.start_time, '%Y-%m-%d %H:%i:%s'), CONCAT(ms.coating_schedule_date, ' 08:00:00')) AS coating_schedule_date, DATE_FORMAT(eo.end_time, '%Y-%m-%d %H:%i:%s') AS coating_end_time, eo.duration_minutes AS coating_duration_minutes, ms.coating_equipment, ms.coating_date, ms.rewinding_date, ms.packaging_date, ms.status, GROUP_CONCAT(DISTINCT so.order_no ORDER BY so.order_no SEPARATOR ',') AS order_nos, COALESCE( GROUP_CONCAT(DISTINCT ca.order_no ORDER BY ca.sort_no SEPARATOR ','), GROUP_CONCAT(DISTINCT so.order_no ORDER BY so.order_no SEPARATOR ','), ms.order_no) AS related_order_nos FROM manual_schedule ms JOIN ( SELECT MAX(id) AS id FROM manual_schedule WHERE schedule_type = 'COATING' GROUP BY COALESCE(order_detail_id, id)) latest ON latest.id = ms.id LEFT JOIN sales_order_items soi ON ms.order_detail_id = soi.id LEFT JOIN manual_schedule_coating_allocation ca ON ca.schedule_id = ms.id AND ca.included_flag = 1 LEFT JOIN tape_spec ts ON ts.material_code = COALESCE(NULLIF(ms.material_code, ''), soi.material_code, ca.material_code) LEFT JOIN sales_orders so ON soi.order_id = so.id LEFT JOIN equipment_occupation eo ON eo.schedule_id = ms.id AND eo.process_type = 'COATING' AND eo.status IN ('PLANNED','RUNNING','FINISHED') WHERE ms.schedule_type = 'COATING' AND ms.status IN ('PENDING','COATING_SCHEDULED','REWINDING_SCHEDULED','CONFIRMED') AND COALESCE(NULLIF(ms.coating_area, 0), (COALESCE(soi.width, ms.coating_width) / 1000.0) * COALESCE(soi.length, ms.coating_length) * IFNULL(ms.schedule_qty, 0)) > 0 GROUP BY ms.id ORDER BY ms.created_at DESC LIMIT ?
==> Parameters: 10(Long)
<==    Columns: id, schedule_id, order_no, material_code, material_name, color_name, color_code, width, length, coating_width, coating_length, thickness, schedule_qty, coating_area, coating_report_qty, locked_area, unlocked_area, coating_schedule_date, coating_end_time, coating_duration_minutes, coating_equipment, coating_date, rewinding_date, packaging_date, status, order_nos, related_order_nos
<==        Row: 353, 353, MANUAL-COATING-20260408001609-262, 4011-1508W-4555-G08-3050, 1508白双面白色PE泡棉（80绿膜）, 白色, W01, 1040.00, 2100.00, 1040.00, 2100.00, 800.000, 1, 2184.00000000, 0.00, 0.00, 2184.00000000, 2026-04-08 05:30:00, 2026-04-08 10:00:00, 270, 2, 2026-04-08 05:30:00, null, null, COATING_SCHEDULED, <<BLOB>>, <<BLOB>>
<==        Row: 352, 352, MANUAL-COATING-20260408001517-349, 5011-R00-4005-T01-0030, 45μm溶胀胶带, 透明, T01, 1040.00, 11000.00, 1040.00, 11000.00, 45.000, 1, 11440.00000000, 0.00, 0.00, 11440.00000000, 2026-04-08 00:20:00, 2026-04-08 05:00:00, 280, 2, 2026-04-08 00:20:00, null, null, COATING_SCHEDULED, <<BLOB>>, <<BLOB>>
<==        Row: 351, 351, MANUAL-COATING-20260408001341-784, 1011-R02-2525-B04-0600, 50μm蓝色PET终止胶带, 蓝色, B05, 1040.00, 25000.00, 1040.00, 25000.00, 50.000, 1, 26000.00000000, 0.00, 0.00, 26000.00000000, 2026-04-09 07:40:00, 2026-04-10 00:20:00, 1000, 3, 2026-04-09 07:40:00, null, null, COATING_SCHEDULED, <<BLOB>>, <<BLOB>>
<==        Row: 350, 350, MANUAL-COATING-20260407233701-906, 1011-R02-2525-B01-0600A, 50μm蓝色PET终止胶带, 蓝色, B01, 1040.00, 30000.00, 1040.00, 30000.00, 50.000, 1, 31200.00000000, 0.00, 0.00, 31200.00000000, 2026-04-08 11:10:00, 2026-04-09 07:10:00, 1200, 3, 2026-04-08 11:10:00, null, null, COATING_SCHEDULED, <<BLOB>>, <<BLOB>>
<==        Row: 349, 349, MANUAL-COATING-20260407233457-798, 201-R02-2510-C03-0500, 35μm茶色PI极耳胶带, 茶色, C03, 1040.00, 30000.00, 1040.00, 30000.00, 35.000, 1, 31200.00000000, 0.00, 0.00, 31200.00000000, 2026-04-09 23:10:00, 2026-04-10 11:40:00, 750, 1, 2026-04-09 23:10:00, null, null, COATING_SCHEDULED, <<BLOB>>, <<BLOB>>
<==        Row: 348, 348, MANUAL-COATING-20260407233323-265, 201-R015-2505-C03-0400, 30μm茶色PI极耳胶带, 茶色, C03, 1040.00, 4000.00, 1040.00, 4000.00, 32.000, 1, 4160.00000000, 0.00, 0.00, 4160.00000000, 2026-04-08 15:30:00, 2026-04-08 17:10:00, 100, 1, 2026-04-08 15:30:00, null, null, COATING_SCHEDULED, <<BLOB>>, <<BLOB>>
<==        Row: 347, 347, MANUAL-COATING-20260407233145-588, 1011-R02-1507-G03-0400, 22μm无机翠绿PET胶带, 无机翠绿, G03, 1040.00, 24000.00, 1040.00, 24000.00, 22.000, 1, 24960.00000000, 0.00, 0.00, 24960.00000000, 2026-04-08 05:00:00, 2026-04-08 15:00:00, 600, 1, 2026-04-08 05:00:00, null, null, COATING_SCHEDULED, <<BLOB>>, <<BLOB>>
<==        Row: 346, 346, MANUAL-COATING-20260407232951-155, 1011-R02-1510-B01-0400, 25μm浅蓝PET胶带, 蓝色, B01, 1040.00, 12000.00, 1040.00, 12000.00, 25.000, 1, 12480.00000000, 0.00, 0.00, 12480.00000000, 2026-04-07 23:30:00, 2026-04-08 04:30:00, 300, 1, 2026-04-07 23:30:00, null, null, COATING_SCHEDULED, <<BLOB>>, <<BLOB>>
<==        Row: 333, 333, MANUAL-COATING-20260407183158-513, 1016-R02-2010-B01-0400-90, 30μm蓝色间隙胶带W90, 浅蓝, B01, 1040.00, 36000.00, 1040.00, 36000.00, 30.000, 1, 37440.00000000, 0.00, 0.00, 37440.00000000, 2026-04-07 08:00:00, 2026-04-07 23:00:00, 900, 1, 2026-04-07 08:00:00, null, null, COATING_SCHEDULED, <<BLOB>>, <<BLOB>>
<==        Row: 332, 332, MANUAL-COATING-20260407183018-178, 1011-R02-2525-B01-0600, 50μm蓝色PET胶带, 蓝色, B01, 1040.00, 40000.00, 1040.00, 40000.00, 50.000, 1, 41600.00000000, 0.00, 0.00, 41600.00000000, 2026-04-07 08:00:00, 2026-04-08 10:40:00, 1600, 3, 2026-04-07 08:00:00, null, null, COATING_SCHEDULED, <<BLOB>>, <<BLOB>>
<==      Total: 10
Closing non transactional SqlSession [org.apache.ibatis.session.defaults.DefaultSqlSession@285ba2c5]
Creating a new SqlSession
SqlSession [org.apache.ibatis.session.defaults.DefaultSqlSession@155e704] was not registered for synchronization because synchronization is not active
JDBC Connection [HikariProxyConnection@2076710596 wrapping com.mysql.cj.jdbc.ConnectionImpl@86e51b5] will not be managed by Spring
==>  Preparing: SELECT COUNT(1) FROM manual_schedule ms LEFT JOIN sales_order_items soi ON ms.order_detail_id = soi.id JOIN ( SELECT MAX(id) AS id FROM manual_schedule WHERE schedule_type = 'COATING' GROUP BY COALESCE(order_detail_id, id)) latest ON latest.id = ms.id WHERE ms.schedule_type = 'COATING' AND ms.status IN ('PENDING','COATING_SCHEDULED','REWINDING_SCHEDULED','CONFIRMED') AND COALESCE(NULLIF(ms.coating_area, 0), (COALESCE(soi.width, ms.coating_width) / 1000.0) * COALESCE(soi.length, ms.coating_length) * IFNULL(ms.schedule_qty, 0)) > 0
==> Parameters: 
<==    Columns: COUNT(1)
<==        Row: 10
<==      Total: 1
Closing non transactional SqlSession [org.apache.ibatis.session.defaults.DefaultSqlSession@155e704]
eyJhbGciOiJIUzI1NiJ9.eyJqdGkiOiI3NjQ0ZDUxYWRiZTI0Mjc5YTRjNWRhMzliY2M4MWZiMyIsInN1YiI6IjEiLCJpc3MiOiJzZyIsImlhdCI6MTc3NTU3MjQyMiwiZXhwIjoxNzc1OTMyNDIyfQ.Wuz0qofkxFUbE9nRVYyu3EYyzwAESWWqprJ7vT24w6s这是传进来的token
Creating a new SqlSession
SqlSession [org.apache.ibatis.session.defaults.DefaultSqlSession@785b33b3] was not registered for synchronization because synchronization is not active
JDBC Connection [HikariProxyConnection@720752012 wrapping com.mysql.cj.jdbc.ConnectionImpl@54fc90d7] will not be managed by Spring
==>  Preparing: SELECT r.name FROM roles r INNER JOIN user_roles ur ON r.id = ur.role_id WHERE ur.user_id = ?
==> Parameters: 1(Long)
<==    Columns: name
<==        Row: admin
<==      Total: 1
Closing non transactional SqlSession [org.apache.ibatis.session.defaults.DefaultSqlSession@785b33b3]
com.fine.Utils.ResponseResult@5d76d6c0
Creating a new SqlSession
SqlSession [org.apache.ibatis.session.defaults.DefaultSqlSession@7ddf5ede] was not registered for synchronization because synchronization is not active
JDBC Connection [HikariProxyConnection@814238884 wrapping com.mysql.cj.jdbc.ConnectionImpl@309feb75] will not be managed by Spring
==>  Preparing: SELECT * FROM tape_raw_material WHERE 1=1 ORDER BY sort_order ASC, id DESC LIMIT ?, ?
==> Parameters: 0(Integer), 20(Integer)
<==    Columns: id, material_code, material_name, material_type, unit, spec, sort_order, status
<==        Row: 1, YKLJ0801, 主树脂YKLJ0801, resin, Kg, 亚克力树脂, 1, 1
<==        Row: 2, YSYZ0201, 溶剂YSYZ0201, solvent, Kg, 溶剂, 2, 1
<==        Row: 3, G728-UJ, G728-UJ, additive, Kg, 助剂, 3, 1
<==        Row: 4, 9002, 固化剂9002, curing, Kg, 固化剂, 4, 1
<==        Row: 5, FY-45, 固化剂FY-45, curing, Kg, 固化剂, 5, 1
<==        Row: 6, AJSZ0101, 助剂AJSZ0101, additive, Kg, 需用甲苯稀释20%, 6, 1
<==        Row: 7, DJBHS0301, 助剂DJBHS0301, additive, Kg, 需用异丙醇稀释10%, 7, 1
<==      Total: 7
Closing non transactional SqlSession [org.apache.ibatis.session.defaults.DefaultSqlSession@7ddf5ede]
Creating a new SqlSession
SqlSession [org.apache.ibatis.session.defaults.DefaultSqlSession@5810c55d] was not registered for synchronization because synchronization is not active
JDBC Connection [HikariProxyConnection@1597917487 wrapping com.mysql.cj.jdbc.ConnectionImpl@309feb75] will not be managed by Spring
==>  Preparing: SELECT COUNT(*) FROM tape_raw_material WHERE 1=1
==> Parameters: 
<==    Columns: COUNT(*)
<==        Row: 7
<==      Total: 1
Closing non transactional SqlSession [org.apache.ibatis.session.defaults.DefaultSqlSession@5810c55d]
Creating a new SqlSession
SqlSession [org.apache.ibatis.session.defaults.DefaultSqlSession@599dfe46] was not registered for synchronization because synchronization is not active
JDBC Connection [HikariProxyConnection@93753573 wrapping com.mysql.cj.jdbc.ConnectionImpl@609f55ad] will not be managed by Spring
==>  Preparing: SELECT * FROM tape_raw_material WHERE id = ?
==> Parameters: 1(Long)
<==    Columns: id, material_code, material_name, material_type, unit, spec, sort_order, status
<==        Row: 1, YKLJ0801, 主树脂YKLJ0801, resin, Kg, 亚克力树脂, 1, 1
<==      Total: 1
Closing non transactional SqlSession [org.apache.ibatis.session.defaults.DefaultSqlSession@599dfe46]
Creating a new SqlSession
SqlSession [org.apache.ibatis.session.defaults.DefaultSqlSession@6d324f5b] was not registered for synchronization because synchronization is not active
JDBC Connection [HikariProxyConnection@554437321 wrapping com.mysql.cj.jdbc.ConnectionImpl@398be980] will not be managed by Spring
==>  Preparing: SELECT * FROM tape_formula WHERE 1=1 ORDER BY create_time DESC LIMIT ?, ?
==> Parameters: 0(Integer), 20(Integer)
<==    Columns: id, material_code, product_name, formula_no, version, create_date, glue_model, color_code, coating_thickness, glue_density, solid_content, coating_area, process_remark, total_weight, prepared_by, reviewed_by, approved_by, status, remark, create_time, update_time, create_by, update_by
<==        Row: 1, 1011-R02-1204-G01-0300, 16μm翠绿PET终止胶带, 107, A/0, 2025-12-03, YKLJ0801G01040300, G01, 5.00, 1.100, 15±2, 24000.00, <<BLOB>>, 132.0880, null, null, null, 1, null, 2026-01-07 19:17:47, 2026-04-06 22:38:23, null, admin
<==      Total: 1
Closing non transactional SqlSession [org.apache.ibatis.session.defaults.DefaultSqlSession@6d324f5b]
Creating a new SqlSession
SqlSession [org.apache.ibatis.session.defaults.DefaultSqlSession@28914105] was not registered for synchronization because synchronization is not active
JDBC Connection [HikariProxyConnection@1770675356 wrapping com.mysql.cj.jdbc.ConnectionImpl@398be980] will not be managed by Spring
==>  Preparing: SELECT COUNT(*) FROM tape_formula WHERE 1=1
==> Parameters: 
<==    Columns: COUNT(*)
<==        Row: 1
<==      Total: 1
Closing non transactional SqlSession [org.apache.ibatis.session.defaults.DefaultSqlSession@28914105]
eyJhbGciOiJIUzI1NiJ9.eyJqdGkiOiI3NjQ0ZDUxYWRiZTI0Mjc5YTRjNWRhMzliY2M4MWZiMyIsInN1YiI6IjEiLCJpc3MiOiJzZyIsImlhdCI6MTc3NTU3MjQyMiwiZXhwIjoxNzc1OTMyNDIyfQ.Wuz0qofkxFUbE9nRVYyu3EYyzwAESWWqprJ7vT24w6s这是传进来的token
Creating a new SqlSession
SqlSession [org.apache.ibatis.session.defaults.DefaultSqlSession@bbcb041] was not registered for synchronization because synchronization is not active
JDBC Connection [HikariProxyConnection@892451243 wrapping com.mysql.cj.jdbc.ConnectionImpl@609f55ad] will not be managed by Spring
==>  Preparing: SELECT r.name FROM roles r INNER JOIN user_roles ur ON r.id = ur.role_id WHERE ur.user_id = ?
==> Parameters: 1(Long)
<==    Columns: name
<==        Row: admin
<==      Total: 1
Closing non transactional SqlSession [org.apache.ibatis.session.defaults.DefaultSqlSession@bbcb041]
com.fine.Utils.ResponseResult@4ebd956d
Creating a new SqlSession
SqlSession [org.apache.ibatis.session.defaults.DefaultSqlSession@43daf6e7] was not registered for synchronization because synchronization is not active
JDBC Connection [HikariProxyConnection@1802327077 wrapping com.mysql.cj.jdbc.ConnectionImpl@609f55ad] will not be managed by Spring
==>  Preparing: SELECT * FROM tape_formula WHERE 1=1 ORDER BY create_time DESC LIMIT ?, ?
==> Parameters: 0(Integer), 20(Integer)
<==    Columns: id, material_code, product_name, formula_no, version, create_date, glue_model, color_code, coating_thickness, glue_density, solid_content, coating_area, process_remark, total_weight, prepared_by, reviewed_by, approved_by, status, remark, create_time, update_time, create_by, update_by
<==        Row: 1, 1011-R02-1204-G01-0300, 16μm翠绿PET终止胶带, 107, A/0, 2025-12-03, YKLJ0801G01040300, G01, 5.00, 1.100, 15±2, 24000.00, <<BLOB>>, 132.0880, null, null, null, 1, null, 2026-01-07 19:17:47, 2026-04-06 22:38:23, null, admin
<==      Total: 1
Closing non transactional SqlSession [org.apache.ibatis.session.defaults.DefaultSqlSession@43daf6e7]
Creating a new SqlSession
SqlSession [org.apache.ibatis.session.defaults.DefaultSqlSession@378b158c] was not registered for synchronization because synchronization is not active
JDBC Connection [HikariProxyConnection@594714708 wrapping com.mysql.cj.jdbc.ConnectionImpl@609f55ad] will not be managed by Spring
==>  Preparing: SELECT COUNT(*) FROM tape_formula WHERE 1=1
==> Parameters: 
<==    Columns: COUNT(*)
<==        Row: 1
<==      Total: 1
Closing non transactional SqlSession [org.apache.ibatis.session.defaults.DefaultSqlSession@378b158c]
Creating a new SqlSession
SqlSession [org.apache.ibatis.session.defaults.DefaultSqlSession@20099094] was not registered for synchronization because synchronization is not active
JDBC Connection [HikariProxyConnection@1911897063 wrapping com.mysql.cj.jdbc.ConnectionImpl@34b1031f] will not be managed by Spring
==>  Preparing: SELECT * FROM tape_formula WHERE id = ?
==> Parameters: 1(Long)
<==    Columns: id, material_code, product_name, formula_no, version, create_date, glue_model, color_code, coating_thickness, glue_density, solid_content, coating_area, process_remark, total_weight, prepared_by, reviewed_by, approved_by, status, remark, create_time, update_time, create_by, update_by
<==        Row: 1, 1011-R02-1204-G01-0300, 16μm翠绿PET终止胶带, 107, A/0, 2025-12-03, YKLJ0801G01040300, G01, 5.00, 1.100, 15±2, 24000.00, <<BLOB>>, 132.0880, null, null, null, 1, null, 2026-01-07 19:17:47, 2026-04-06 22:38:23, null, admin
<==      Total: 1
Closing non transactional SqlSession [org.apache.ibatis.session.defaults.DefaultSqlSession@20099094]
Creating a new SqlSession
SqlSession [org.apache.ibatis.session.defaults.DefaultSqlSession@43621d14] was not registered for synchronization because synchronization is not active
JDBC Connection [HikariProxyConnection@462433436 wrapping com.mysql.cj.jdbc.ConnectionImpl@34b1031f] will not be managed by Spring
==>  Preparing: SELECT * FROM tape_formula_item WHERE formula_id = ? ORDER BY sort_order
==> Parameters: 1(Long)
<==    Columns: id, formula_id, material_code, material_name, weight, ratio, remark, sort_order
<==        Row: 47, 1, YKLJ0801, 主树脂, 76.0000, 1000.0000, /, 1
<==        Row: 48, 1, YSYZ0201, 溶剂, 49.4000, 65.0000, /, 2
<==        Row: 49, 1, G728-UJ, 助剂, 5.3200, 7.0000, null, 3
<==        Row: 50, 1, 9002, 固化剂, 0.3040, 0.4000, 这两个固化剂要分开加进胶水，不要混在一起加, 4
<==        Row: 51, 1, FY-45, 固化剂, 0.3040, 0.4000, null, 5
<==        Row: 52, 1, AJSZ0101, 助剂(20%), 0.6080, 0.8000, 用甲苯稀释20%的浓度的溶液, 6
<==        Row: 53, 1, DJBHS0301, 助剂(10%), 0.1520, 0.2000, 用异丙醇稀释10%浓度的溶液, 7
<==        Row: 54, 1, PET0301, 薄膜, 0.0000, 0.0000, , 8
<==      Total: 8
Closing non transactional SqlSession [org.apache.ibatis.session.defaults.DefaultSqlSession@43621d14]
Creating a new SqlSession
SqlSession [org.apache.ibatis.session.defaults.DefaultSqlSession@40d64c99] was not registered for synchronization because synchronization is not active
JDBC Connection [HikariProxyConnection@790500986 wrapping com.mysql.cj.jdbc.ConnectionImpl@609f55ad] will not be managed by Spring
==>  Preparing: SELECT * FROM tape_raw_material WHERE 1=1 ORDER BY sort_order ASC, id DESC LIMIT ?, ?
==> Parameters: 0(Integer), 20(Integer)
<==    Columns: id, material_code, material_name, material_type, unit, spec, sort_order, status
<==        Row: 1, YKLJ0801, 主树脂YKLJ0801, resin, Kg, 亚克力树脂, 1, 1
<==        Row: 2, YSYZ0201, 溶剂YSYZ0201, solvent, Kg, 溶剂, 2, 1
<==        Row: 3, G728-UJ, G728-UJ, additive, Kg, 助剂, 3, 1
<==        Row: 4, 9002, 固化剂9002, curing, Kg, 固化剂, 4, 1
<==        Row: 5, FY-45, 固化剂FY-45, curing, Kg, 固化剂, 5, 1
<==        Row: 6, AJSZ0101, 助剂AJSZ0101, additive, Kg, 需用甲苯稀释20%, 6, 1
<==        Row: 7, DJBHS0301, 助剂DJBHS0301, additive, Kg, 需用异丙醇稀释10%, 7, 1
<==      Total: 7
Closing non transactional SqlSession [org.apache.ibatis.session.defaults.DefaultSqlSession@40d64c99]
Creating a new SqlSession
SqlSession [org.apache.ibatis.session.defaults.DefaultSqlSession@431e6099] was not registered for synchronization because synchronization is not active
JDBC Connection [HikariProxyConnection@828264167 wrapping com.mysql.cj.jdbc.ConnectionImpl@609f55ad] will not be managed by Spring
==>  Preparing: SELECT COUNT(*) FROM tape_raw_material WHERE 1=1
==> Parameters: 
<==    Columns: COUNT(*)
<==        Row: 7
<==      Total: 1
Closing non transactional SqlSession [org.apache.ibatis.session.defaults.DefaultSqlSession@431e6099]
