JvmtiExport can_access_local_variables 0
JvmtiExport can_hotswap_or_post_breakpoint 0
JvmtiExport can_post_on_exceptions 0
# 479 ciObject found
ciMethod java/lang/Object <init> ()V 4097 1 5120202 0 0
ciMethod java/lang/Object getClass ()Ljava/lang/Class; 2049 1 256 0 -1
ciMethod java/lang/Object equals (Ljava/lang/Object;)Z 2105 1 13451 0 -1
ciMethod java/lang/Class getName ()Ljava/lang/String; 2105 1 509662 0 -1
ciMethod java/lang/Class getSuperclass ()Ljava/lang/Class; 2049 1 256 0 -1
ciMethod java/lang/Class getModifiers ()I 2049 1 256 0 -1
ciMethod java/lang/Class getMethod (Ljava/lang/String;[Ljava/lang/Class;)Ljava/lang/reflect/Method; 1297 1 440 0 0
ciMethod java/lang/Class checkMemberAccess (ILjava/lang/Class;Z)V 2065 1 5391 0 -1
ciMethod java/lang/Class getMethod0 (Ljava/lang/String;[Ljava/lang/Class;Z)Ljava/lang/reflect/Method; 2065 1 476 0 -1
ciMethod java/lang/Class argumentTypesToString ([Ljava/lang/Class;)Ljava/lang/String; 0 0 7 0 -1
ciMethod java/lang/Class isEnum ()Z 1689 1 303 0 0
ciMethod java/lang/Class getEnumConstantsShared ()[Ljava/lang/Object; 1089 1 5721 0 992
ciMethod java/util/Map size ()I 0 0 1 0 -1
ciMethod java/util/Map get (Ljava/lang/Object;)Ljava/lang/Object; 0 0 1 0 -1
ciMethod java/util/Map put (Ljava/lang/Object;Ljava/lang/Object;)Ljava/lang/Object; 0 0 1 0 -1
ciMethod java/util/Map entrySet ()Ljava/util/Set; 0 0 1 0 -1
ciMethod java/lang/reflect/AccessibleObject checkAccess (Ljava/lang/Class;Ljava/lang/Class;Ljava/lang/Object;I)V 25 1 3 0 -1
ciMethod java/lang/reflect/Method invoke (Ljava/lang/Object;[Ljava/lang/Object;)Ljava/lang/Object; 1001 1 6308 0 288
ciMethod java/lang/reflect/Method acquireMethodAccessor ()Lsun/reflect/MethodAccessor; 249 1 118 0 -1
ciMethod sun/reflect/MethodAccessor invoke (Ljava/lang/Object;[Ljava/lang/Object;)Ljava/lang/Object; 0 0 1 0 -1
ciMethod java/lang/StringBuilder <init> ()V 649 1 173860 0 -1
ciMethod java/lang/StringBuilder append (Ljava/lang/String;)Ljava/lang/StringBuilder; 1137 1 603266 0 -1
ciMethod java/lang/StringBuilder toString ()Ljava/lang/String; 649 1 205549 0 -1
ciMethod java/lang/Boolean booleanValue ()Z 1025 1 128 0 -1
ciMethod java/lang/Boolean valueOf (Z)Ljava/lang/Boolean; 4097 1 315319 0 -1
ciMethod java/security/AccessController doPrivileged (Ljava/security/PrivilegedAction;)Ljava/lang/Object; 2057 1 257 0 -1
ciMethod java/util/AbstractCollection <init> ()V 2049 1 1727491 0 32
ciMethod java/util/AbstractCollection isEmpty ()Z 2257 1 5539 0 -1
ciMethod java/util/AbstractCollection addAll (Ljava/util/Collection;)Z 2049 5441 3623 0 -1
ciMethod java/util/Set iterator ()Ljava/util/Iterator; 0 0 1 0 -1
ciMethod java/util/AbstractSet <init> ()V 113 1 63440 0 0
ciMethod sun/misc/SharedSecrets getJavaLangAccess ()Lsun/misc/JavaLangAccess; 1417 1 22777 0 0
ciMethod sun/reflect/Reflection getCallerClass ()Ljava/lang/Class; 2049 1 256 0 -1
ciMethod sun/reflect/Reflection quickCheckMemberAccess (Ljava/lang/Class;I)Z 1833 1 8491 0 -1
ciMethod java/util/Map$Entry getKey ()Ljava/lang/Object; 0 0 1 0 -1
ciMethod java/util/Map$Entry getValue ()Ljava/lang/Object; 0 0 1 0 -1
ciMethodData java/lang/Object <init> ()V 2 5120203 orig 264 8 131 234 110 0 0 0 0 128 4 162 57 0 0 0 0 32 1 0 0 0 0 0 0 0 0 0 0 0 0 0 0 0 0 0 0 0 0 0 0 0 0 0 0 0 0 0 0 0 0 0 0 0 0 0 0 0 0 0 0 0 0 0 0 0 0 0 0 0 0 0 0 0 0 0 0 0 0 0 0 77 68 79 32 101 120 116 114 97 32 100 97 116 97 32 108 111 99 107 0 0 0 0 0 0 0 0 0 0 0 0 0 0 0 0 0 0 0 0 0 0 0 0 0 0 0 0 0 0 0 0 0 0 0 0 0 0 0 0 0 0 0 0 0 0 0 0 0 0 0 0 0 0 0 0 0 0 0 0 0 0 0 0 0 0 0 0 0 0 0 0 0 0 0 0 0 0 0 0 0 0 0 0 0 1 0 0 0 0 0 0 0 1 0 0 0 0 0 0 0 1 0 0 0 0 0 0 0 0 0 0 0 0 0 0 0 0 2 0 0 89 246 112 2 1 0 0 0 0 0 0 0 0 0 0 0 2 0 0 0 0 0 3 0 1 0 0 0 0 0 0 0 255 255 255 255 0 0 0 0 0 0 0 0 data 0 oops 0
ciMethod java/util/Iterator hasNext ()Z 0 0 1 0 -1
ciMethod java/util/Iterator next ()Ljava/lang/Object; 0 0 1 0 -1
ciMethod java/lang/Enum ordinal ()I 1065 1 133 0 0
ciMethod sun/misc/JavaLangAccess getEnumConstantsShared (Ljava/lang/Class;)[Ljava/lang/Enum; 0 0 1 0 -1
ciMethod java/lang/System$2 getEnumConstantsShared (Ljava/lang/Class;)[Ljava/lang/Enum; 2049 1 12638 0 1056
ciMethod java/lang/NoSuchMethodException <init> (Ljava/lang/String;)V 17 1 11 0 -1
ciMethodData java/util/AbstractCollection <init> ()V 2 1727491 orig 264 8 131 234 110 0 0 0 0 176 118 174 57 0 0 0 0 48 1 0 0 0 0 0 0 0 0 0 0 0 0 0 0 0 0 0 0 0 0 0 0 0 0 0 0 0 0 0 0 0 0 0 0 0 0 0 0 0 0 0 0 0 0 0 0 0 0 0 0 0 0 0 0 0 0 0 0 0 0 0 0 77 68 79 32 101 120 116 114 97 32 100 97 116 97 32 108 111 99 107 0 0 0 0 0 0 0 0 0 0 0 0 0 0 0 0 0 0 0 0 0 0 0 0 0 0 0 0 0 0 0 0 0 0 0 0 0 0 0 0 0 0 0 0 0 0 0 0 0 0 0 0 0 0 0 0 0 0 0 0 0 0 0 0 0 0 0 0 0 0 0 0 0 0 0 0 0 0 0 0 0 0 0 0 0 1 0 0 0 0 0 0 0 0 0 0 0 0 0 0 0 1 0 0 0 0 0 0 0 0 0 0 0 0 0 0 0 0 1 0 0 25 216 210 0 1 0 0 0 0 0 0 0 0 0 0 0 2 0 0 0 0 0 3 0 2 0 0 0 16 0 0 0 255 255 255 255 2 0 1 0 0 0 0 0 data 2 0x10002 0x1a5b03 oops 0
ciMethodData java/util/AbstractSet <init> ()V 2 63443 orig 264 8 131 234 110 0 0 0 0 168 169 175 57 0 0 0 0 48 1 0 0 0 0 0 0 0 0 0 0 0 0 0 0 0 0 0 0 0 0 0 0 0 0 0 0 0 0 0 0 0 0 0 0 0 0 0 0 0 0 0 0 0 0 0 0 0 0 0 0 0 0 0 0 0 0 0 0 0 0 0 0 77 68 79 32 101 120 116 114 97 32 100 97 116 97 32 108 111 99 107 0 0 0 0 0 0 0 0 0 0 0 0 0 0 0 0 0 0 0 0 0 0 0 0 0 0 0 0 0 0 0 0 0 0 0 0 0 0 0 0 0 0 0 0 0 0 0 0 0 0 0 0 0 0 0 0 0 0 0 0 0 0 0 0 0 0 0 0 0 0 0 0 0 0 0 0 0 0 0 0 0 0 0 0 0 1 0 0 0 0 0 0 0 0 0 0 0 0 0 0 0 1 0 0 0 0 0 0 0 0 0 0 0 0 0 0 0 14 0 0 0 41 190 7 0 1 0 0 0 0 0 0 0 0 0 0 0 2 0 0 0 0 0 3 0 2 0 0 0 16 0 0 0 255 255 255 255 2 0 1 0 0 0 0 0 data 2 0x10002 0xf7c5 oops 0
ciMethod java/util/EnumMap$EnumMapIterator hasNext ()Z 2129 1 5474 0 192
ciMethodData java/util/EnumMap get (Ljava/lang/Object;)Ljava/lang/Object; 2 10373 orig 264 8 131 234 110 0 0 0 0 128 41 248 57 0 0 0 0 8 2 0 0 0 0 0 0 0 0 0 0 0 0 0 0 0 0 0 0 0 0 0 0 0 0 0 0 0 0 0 0 0 0 0 0 0 0 0 0 0 0 0 0 0 0 0 0 0 0 0 0 0 0 0 0 0 0 0 0 0 0 0 0 77 68 79 32 101 120 116 114 97 32 100 97 116 97 32 108 111 99 107 0 0 0 0 0 0 0 0 0 0 0 0 0 0 0 0 0 0 0 0 0 0 0 0 0 0 0 0 0 0 0 0 0 0 0 0 0 0 0 0 0 0 0 0 0 0 0 0 0 0 0 0 0 0 0 0 0 0 0 0 0 0 0 0 0 0 0 0 0 0 0 0 0 0 0 0 0 0 0 0 0 0 0 0 0 0 0 0 0 0 0 0 0 0 0 0 0 0 0 0 0 0 0 0 0 0 0 0 0 0 0 0 0 0 0 0 0 24 1 0 0 105 59 1 0 1 0 0 0 0 0 0 0 0 0 0 0 2 0 0 0 0 0 10 0 2 0 0 0 184 0 0 0 255 255 255 255 2 0 2 0 0 0 0 0 data 23 0x20002 0x276d 0x50007 0x0 0xa8 0x276d 0xe0004 0x0 0x5195e420 0x8c2 0x5195dea0 0xa0b 0x110005 0x14a0 0x5195e420 0x8c2 0x5195dea0 0xa0b 0x150002 0x276d 0x180003 0x276d 0x18 oops 4 8 com/sun/tools/javac/code/Type$UndetVar$InferenceBound$3 10 com/sun/tools/javac/code/Type$UndetVar$InferenceBound$1 14 com/sun/tools/javac/code/Type$UndetVar$InferenceBound$3 16 com/sun/tools/javac/code/Type$UndetVar$InferenceBound$1
ciMethod java/util/AbstractQueue <init> ()V 1073 1 329420 0 0
ciMethod java/util/EnumMap maskNull (Ljava/lang/Object;)Ljava/lang/Object; 2177 1 5432 0 0
ciMethod java/util/EnumMap unmaskNull (Ljava/lang/Object;)Ljava/lang/Object; 2105 1 21077 0 64
ciMethod java/util/EnumMap get (Ljava/lang/Object;)Ljava/lang/Object; 2241 1 10373 0 320
ciMethod java/util/EnumMap put (Ljava/lang/Enum;Ljava/lang/Object;)Ljava/lang/Object; 2153 1 5432 0 384
ciMethod java/util/EnumMap isValidKey (Ljava/lang/Object;)Z 2241 1 6761 0 160
ciMethod java/util/EnumMap entrySet ()Ljava/util/Set; 2049 1 2647 0 0
ciMethod java/util/EnumMap typeCheck (Ljava/lang/Enum;)V 2153 1 5432 0 0
ciMethod java/util/EnumMap put (Ljava/lang/Object;Ljava/lang/Object;)Ljava/lang/Object; 2153 1 5428 0 448
ciMethod java/util/EnumMap access$600 (Ljava/util/EnumMap;)[Ljava/lang/Object; 1473 1 184 0 0
ciMethod java/util/EnumMap access$1100 (Ljava/util/EnumMap;)[Ljava/lang/Enum; 1177 1 147 0 0
ciMethod java/util/EnumMap access$1200 (Ljava/util/EnumMap;Ljava/lang/Object;)Ljava/lang/Object; 2353 1 5418 0 0
ciMethod java/lang/Class$4 <init> (Ljava/lang/Class;Ljava/lang/reflect/Method;)V 49 1 21 0 0
ciMethod java/util/EnumSet <init> (Ljava/lang/Class;[Ljava/lang/Enum;)V 2049 1 6182 0 0
ciMethod java/util/EnumSet noneOf (Ljava/lang/Class;)Ljava/util/EnumSet; 2049 1 6182 0 1632
ciMethod java/util/EnumSet of (Ljava/lang/Enum;)Ljava/util/EnumSet; 1105 1 4255 0 -1
ciMethod java/util/EnumSet getUniverse (Ljava/lang/Class;)[Ljava/lang/Enum; 2049 1 6182 0 0
ciMethod java/util/RegularEnumSet <init> (Ljava/lang/Class;[Ljava/lang/Enum;)V 2049 1 6181 0 0
ciMethod java/util/RegularEnumSet isEmpty ()Z 2049 1 5066 0 0
ciMethod java/util/EnumMap$EntrySet <init> (Ljava/util/EnumMap;)V 1505 1 1878 0 0
ciMethodData sun/misc/SharedSecrets getJavaLangAccess ()Lsun/misc/JavaLangAccess; 2 22777 orig 264 8 131 234 110 0 0 0 0 224 58 176 57 0 0 0 0 24 1 0 0 0 0 0 0 0 0 0 0 0 0 0 0 0 0 0 0 0 0 0 0 0 0 0 0 0 0 0 0 0 0 0 0 0 0 0 0 0 0 0 0 0 0 0 0 0 0 0 0 0 0 0 0 0 0 0 0 0 0 0 0 77 68 79 32 101 120 116 114 97 32 100 97 116 97 32 108 111 99 107 0 0 0 0 0 0 0 0 0 0 0 0 0 0 0 0 0 0 0 0 0 0 0 0 0 0 0 0 0 0 0 0 0 0 0 0 0 0 0 0 0 0 0 0 0 0 0 0 0 0 0 0 0 0 0 0 0 0 0 0 0 0 0 0 0 0 0 0 0 0 0 0 0 0 0 0 0 0 0 0 0 0 0 0 0 0 0 0 0 0 0 0 0 0 0 0 0 0 0 0 0 0 0 0 0 0 0 0 0 0 0 0 0 0 0 0 0 177 0 0 0 65 194 2 0 1 0 0 0 0 0 0 0 0 0 0 0 2 0 0 0 0 0 3 0 1 0 0 0 0 0 0 0 255 255 255 255 0 0 0 0 0 0 0 0 data 0 oops 0
ciMethod java/util/EnumMap$EntrySet iterator ()Ljava/util/Iterator; 2049 1 2650 0 0
ciMethodData java/lang/reflect/Method invoke (Ljava/lang/Object;[Ljava/lang/Object;)Ljava/lang/Object; 2 6308 orig 264 8 131 234 110 0 0 0 0 64 48 166 57 0 0 0 0 72 2 0 0 176 0 0 0 0 0 0 0 0 0 0 0 0 0 0 0 0 0 0 0 0 0 0 0 0 0 0 0 0 0 0 0 0 0 0 0 0 0 0 0 0 0 0 0 0 0 0 0 0 0 0 0 0 0 0 0 0 0 0 0 77 68 79 32 101 120 116 114 97 32 100 97 116 97 32 108 111 99 107 0 0 0 0 0 0 0 0 0 0 0 0 0 0 0 0 0 0 0 0 0 0 0 0 0 0 0 0 0 0 0 0 0 0 0 0 0 0 0 0 0 0 0 0 0 0 0 0 0 0 0 0 0 0 0 0 0 0 0 0 0 0 0 0 0 0 0 0 0 0 0 0 0 0 0 0 0 0 0 0 0 0 0 0 0 17 0 0 0 0 0 0 0 0 0 0 0 0 0 0 0 0 0 0 0 0 0 0 0 0 0 0 0 0 0 0 0 125 0 0 0 57 193 0 0 1 0 0 0 0 0 0 0 0 0 0 0 2 0 0 0 0 0 16 0 2 0 0 0 240 0 0 0 255 255 255 255 7 0 4 0 0 0 0 0 data 30 0x40007 0xcda 0x90 0xb4d 0xf0002 0xb4d 0x120007 0xb4d 0x60 0x0 0x150002 0x0 0x240005 0x0 0x0 0x0 0x0 0x0 0x2d0007 0x17f7 0x30 0x30 0x310002 0x30 0x380005 0x0 0x539f3560 0x1827 0x0 0x0 oops 1 26 sun/reflect/DelegatingMethodAccessorImpl
ciMethodData java/lang/Class getEnumConstantsShared ()[Ljava/lang/Object; 2 5721 orig 264 8 131 234 110 0 0 0 0 136 14 163 57 0 0 0 0 176 2 0 0 80 0 0 0 0 0 0 0 0 0 0 0 0 0 0 0 0 0 0 0 0 0 0 0 0 0 0 0 0 0 0 0 0 0 0 0 0 0 0 0 0 0 0 0 0 0 0 0 0 0 0 0 0 0 0 0 0 0 0 0 77 68 79 32 101 120 116 114 97 32 100 97 116 97 32 108 111 99 107 0 0 0 0 0 0 0 0 0 0 0 0 0 0 0 0 0 0 0 0 0 0 0 0 0 0 0 0 0 0 0 0 0 0 0 0 0 0 0 0 0 0 0 0 0 0 0 0 0 0 0 0 0 0 0 0 0 0 0 0 0 0 0 0 0 0 0 0 0 0 0 0 0 0 0 0 0 0 0 0 0 0 0 0 0 25 0 0 0 0 0 0 0 0 0 0 0 0 0 0 0 0 0 0 0 0 0 0 0 0 0 0 0 0 0 0 0 136 0 0 0 137 174 0 0 1 0 0 0 0 0 0 0 0 0 0 0 2 0 0 0 0 0 17 0 2 0 0 0 104 1 0 0 255 255 255 255 7 0 4 0 0 0 0 0 data 45 0x40007 0x15c2 0x168 0xf 0x80005 0x0 0x3a302c50 0xf 0x0 0x0 0xb0007 0xf 0x20 0x0 0x180005 0x0 0x3a302c50 0xf 0x0 0x0 0x220002 0xf 0x250002 0xf 0x2f0005 0x0 0x3a304310 0xf 0x0 0x0 0x320004 0x0 0x42f18f50 0x1 0x42f1b840 0x1 0x350004 0x0 0x0 0x0 0x0 0x0 0x3e0003 0xf 0x18 oops 5 6 java/lang/Class 16 java/lang/Class 26 java/lang/reflect/Method 32 [Lcom/sun/tools/javac/main/Option$OptionGroup; 34 [Lcom/sun/tools/javac/main/Option;
ciMethodData java/lang/System$2 getEnumConstantsShared (Ljava/lang/Class;)[Ljava/lang/Enum; 2 12638 orig 264 8 131 234 110 0 0 0 0 64 118 187 57 0 0 0 0 176 1 0 0 0 0 0 0 0 0 0 0 0 0 0 0 0 0 0 0 0 0 0 0 0 0 0 0 0 0 0 0 0 0 0 0 0 0 0 0 0 0 0 0 0 0 0 0 0 0 0 0 0 0 0 0 0 0 0 0 0 0 0 0 77 68 79 32 101 120 116 114 97 32 100 97 116 97 32 108 111 99 107 0 0 0 0 0 0 0 0 0 0 0 0 0 0 0 0 0 0 0 0 0 0 0 0 0 0 0 0 0 0 0 0 0 0 0 0 0 0 0 0 0 0 0 0 0 0 0 0 0 0 0 0 0 0 0 0 0 0 0 0 0 0 0 0 0 0 0 0 0 0 0 0 0 0 0 0 0 0 0 0 0 0 0 0 0 0 0 0 0 0 0 0 0 0 0 0 0 0 0 0 0 0 0 0 0 0 0 0 0 0 0 0 0 0 0 0 0 0 1 0 0 241 130 1 0 1 0 0 0 0 0 0 0 0 0 0 0 2 0 0 0 0 0 3 0 2 0 0 0 96 0 0 0 255 255 255 255 5 0 1 0 0 0 0 0 data 12 0x10005 0x0 0x3a302c50 0x305e 0x0 0x0 0x40004 0x0 0x42f18e30 0x147 0x42f18f50 0x2 oops 3 2 java/lang/Class 8 [Lorg/apache/maven/model/building/ModelProblem$Severity; 10 [Lcom/sun/tools/javac/main/Option$OptionGroup;
ciMethodData java/lang/Class isEnum ()Z 1 303 orig 264 8 131 234 110 0 0 0 0 136 11 163 57 0 0 0 0 0 2 0 0 0 0 0 0 0 0 0 0 0 0 0 0 0 0 0 0 0 0 0 0 0 0 0 0 0 0 0 0 0 0 0 0 0 0 0 0 0 0 0 0 0 0 0 0 0 0 0 0 0 0 0 0 0 0 0 0 0 0 0 0 77 68 79 32 101 120 116 114 97 32 100 97 116 97 32 108 111 99 107 0 0 0 0 0 0 0 0 0 0 0 0 0 0 0 0 0 0 0 0 0 0 0 0 0 0 0 0 0 0 0 0 0 0 0 0 0 0 0 0 0 0 0 0 0 0 0 0 0 0 0 0 0 0 0 0 0 0 0 0 0 0 0 0 0 0 0 0 0 0 0 0 0 0 0 0 0 0 0 0 0 0 0 0 0 17 0 0 0 0 0 0 0 0 0 0 0 0 0 0 0 0 0 0 0 0 0 0 0 0 0 0 0 0 0 0 0 211 0 0 0 225 2 0 0 1 0 0 0 0 0 0 0 0 0 0 0 2 0 0 0 0 0 0 0 0 0 0 0 184 0 0 0 255 255 255 255 5 0 1 0 0 0 0 0 data 23 0x10005 0x4d 0x3a302c50 0xf 0x0 0x0 0x80007 0x1f 0x88 0x3d 0xc0005 0x2e 0x3a302c50 0xf 0x0 0x0 0x120007 0x0 0x38 0x3d 0x160003 0x3d 0x18 oops 2 2 java/lang/Class 12 java/lang/Class
ciMethodData java/lang/Class getMethod (Ljava/lang/String;[Ljava/lang/Class;)Ljava/lang/reflect/Method; 1 440 orig 264 8 131 234 110 0 0 0 0 200 227 162 57 0 0 0 0 248 2 0 0 0 0 0 0 0 0 0 0 0 0 0 0 0 0 0 0 0 0 0 0 0 0 0 0 0 0 0 0 0 0 0 0 0 0 0 0 0 0 0 0 0 0 0 0 0 0 0 0 0 0 0 0 0 0 0 0 0 0 0 0 77 68 79 32 101 120 116 114 97 32 100 97 116 97 32 108 111 99 107 0 0 0 0 0 0 0 0 0 0 0 0 0 0 0 0 0 0 0 0 0 0 0 0 0 0 0 0 0 0 0 0 0 0 0 0 0 0 0 0 0 0 0 0 0 0 0 0 0 0 0 0 0 0 0 0 0 0 0 0 0 0 0 0 0 0 0 0 0 0 0 0 0 0 0 0 0 0 0 0 0 0 0 0 0 25 0 0 0 0 0 0 0 0 0 0 0 0 0 0 0 0 0 0 0 0 0 0 0 0 0 0 0 0 0 0 0 162 0 0 0 177 8 0 0 1 0 0 0 0 0 0 0 0 0 0 0 2 0 0 0 0 0 9 0 2 0 0 0 160 1 0 0 255 255 255 255 2 0 2 0 0 0 0 0 data 52 0x20002 0x116 0x60002 0x116 0xd0002 0x116 0x120007 0x116 0x170 0x0 0x1d0002 0x0 0x210005 0x0 0x0 0x0 0x0 0x0 0x240005 0x0 0x0 0x0 0x0 0x0 0x290005 0x0 0x0 0x0 0x0 0x0 0x2d0005 0x0 0x0 0x0 0x0 0x0 0x310002 0x0 0x340005 0x0 0x0 0x0 0x0 0x0 0x370005 0x0 0x0 0x0 0x0 0x0 0x3a0002 0x0 oops 0
ciMethodData java/lang/Class$4 <init> (Ljava/lang/Class;Ljava/lang/reflect/Method;)V 1 21 orig 264 8 131 234 110 0 0 0 0 176 79 248 57 0 0 0 0 64 1 0 0 0 0 0 0 0 0 0 0 0 0 0 0 0 0 0 0 0 0 0 0 0 0 0 0 0 0 0 0 0 0 0 0 0 0 0 0 0 0 0 0 0 0 0 0 0 0 0 0 0 0 0 0 0 0 0 0 0 0 0 0 77 68 79 32 101 120 116 114 97 32 100 97 116 97 32 108 111 99 107 0 0 0 0 0 0 0 0 0 0 0 0 0 0 0 0 0 0 0 0 0 0 0 0 0 0 0 0 0 0 0 0 0 0 0 0 0 0 0 0 0 0 0 0 0 0 0 0 0 0 0 0 0 0 0 0 0 0 0 0 0 0 0 0 0 0 0 0 0 0 0 0 0 0 0 0 0 0 0 0 0 0 0 0 0 1 0 0 0 0 0 0 0 0 0 0 0 0 0 0 0 1 0 0 0 0 0 0 0 0 0 0 0 0 0 0 0 6 0 0 0 121 0 0 0 1 0 0 0 0 0 0 0 0 0 0 0 2 0 0 0 0 0 0 0 0 0 0 0 16 0 0 0 255 255 255 255 2 0 11 0 0 0 0 0 data 2 0xb0002 0xf oops 0
ciMethodData java/util/EnumSet noneOf (Ljava/lang/Class;)Ljava/util/EnumSet; 2 6182 orig 264 8 131 234 110 0 0 0 0 152 9 249 57 0 0 0 0 104 2 0 0 0 1 0 0 0 0 0 0 0 0 0 0 0 0 0 0 0 0 0 0 0 0 0 0 0 0 0 0 0 0 0 0 0 0 0 0 0 0 0 0 0 0 0 0 0 0 0 0 0 0 0 0 0 0 0 0 0 0 0 0 77 68 79 32 101 120 116 114 97 32 100 97 116 97 32 108 111 99 107 0 0 0 0 0 0 0 0 0 0 0 0 0 0 0 0 0 0 0 0 0 0 0 0 0 0 0 0 0 0 0 0 0 0 0 0 0 0 0 0 0 0 0 0 0 0 0 0 0 0 0 0 0 0 0 0 0 0 0 0 0 0 0 0 0 0 0 0 0 0 0 0 0 0 0 0 0 0 0 0 0 0 0 0 0 29 0 0 0 0 0 0 0 0 0 0 0 0 0 0 0 0 0 0 0 0 0 0 0 0 0 0 0 0 0 0 0 0 1 0 0 49 185 0 0 1 0 0 0 0 0 0 0 0 0 0 0 2 0 0 0 0 0 12 0 2 0 0 0 32 1 0 0 255 255 255 255 2 0 1 0 0 0 0 0 data 36 0x10002 0x1726 0x60007 0x1726 0xd0 0x0 0x110002 0x0 0x150005 0x0 0x0 0x0 0x0 0x0 0x1a0005 0x0 0x0 0x0 0x0 0x0 0x1d0005 0x0 0x0 0x0 0x0 0x0 0x200002 0x0 0x280007 0x1 0x30 0x1725 0x310002 0x1725 0x3b0002 0x1 oops 0
ciMethodData java/util/EnumSet getUniverse (Ljava/lang/Class;)[Ljava/lang/Enum; 2 6182 orig 264 8 131 234 110 0 0 0 0 104 21 249 57 0 0 0 0 136 1 0 0 0 0 0 0 0 0 0 0 0 0 0 0 0 0 0 0 0 0 0 0 0 0 0 0 0 0 0 0 0 0 0 0 0 0 0 0 0 0 0 0 0 0 0 0 0 0 0 0 0 0 0 0 0 0 0 0 0 0 0 0 77 68 79 32 101 120 116 114 97 32 100 97 116 97 32 108 111 99 107 0 0 0 0 0 0 0 0 0 0 0 0 0 0 0 0 0 0 0 0 0 0 0 0 0 0 0 0 0 0 0 0 0 0 0 0 0 0 0 0 0 0 0 0 0 0 0 0 0 0 0 0 0 0 0 0 0 0 0 0 0 0 0 0 0 0 0 0 0 0 0 0 0 0 0 0 0 0 0 0 0 0 0 0 0 17 0 0 0 0 0 0 0 0 0 0 0 0 0 0 0 0 0 0 0 0 0 0 0 0 0 0 0 0 0 0 0 0 1 0 0 49 185 0 0 1 0 0 0 0 0 0 0 0 0 0 0 2 0 0 0 0 0 3 0 2 0 0 0 64 0 0 0 255 255 255 255 2 0 0 0 0 0 0 0 data 8 0x2 0x1726 0x40005 0x0 0x42f17090 0x1726 0x0 0x0 oops 1 4 java/lang/System$2
ciMethodData java/util/RegularEnumSet <init> (Ljava/lang/Class;[Ljava/lang/Enum;)V 2 6181 orig 264 8 131 234 110 0 0 0 0 176 36 249 57 0 0 0 0 64 1 0 0 0 0 0 0 0 0 0 0 0 0 0 0 0 0 0 0 0 0 0 0 0 0 0 0 0 0 0 0 0 0 0 0 0 0 0 0 0 0 0 0 0 0 0 0 0 0 0 0 0 0 0 0 0 0 0 0 0 0 0 0 77 68 79 32 101 120 116 114 97 32 100 97 116 97 32 108 111 99 107 0 0 0 0 0 0 0 0 0 0 0 0 0 0 0 0 0 0 0 0 0 0 0 0 0 0 0 0 0 0 0 0 0 0 0 0 0 0 0 0 0 0 0 0 0 0 0 0 0 0 0 0 0 0 0 0 0 0 0 0 0 0 0 0 0 0 0 0 0 0 0 0 0 0 0 0 0 0 0 0 0 0 0 0 0 1 0 0 0 0 0 0 0 0 0 0 0 0 0 0 0 1 0 0 0 0 0 0 0 0 0 0 0 0 0 0 0 0 1 0 0 41 185 0 0 1 0 0 0 0 0 0 0 0 0 0 0 2 0 0 0 0 0 3 0 2 0 0 0 16 0 0 0 255 255 255 255 2 0 3 0 0 0 0 0 data 2 0x30002 0x1725 oops 0
ciMethodData java/util/EnumSet <init> (Ljava/lang/Class;[Ljava/lang/Enum;)V 2 6182 orig 264 8 131 234 110 0 0 0 0 192 8 249 57 0 0 0 0 64 1 0 0 0 0 0 0 0 0 0 0 0 0 0 0 0 0 0 0 0 0 0 0 0 0 0 0 0 0 0 0 0 0 0 0 0 0 0 0 0 0 0 0 0 0 0 0 0 0 0 0 0 0 0 0 0 0 0 0 0 0 0 0 77 68 79 32 101 120 116 114 97 32 100 97 116 97 32 108 111 99 107 0 0 0 0 0 0 0 0 0 0 0 0 0 0 0 0 0 0 0 0 0 0 0 0 0 0 0 0 0 0 0 0 0 0 0 0 0 0 0 0 0 0 0 0 0 0 0 0 0 0 0 0 0 0 0 0 0 0 0 0 0 0 0 0 0 0 0 0 0 0 0 0 0 0 0 0 0 0 0 0 0 0 0 0 0 1 0 0 0 0 0 0 0 0 0 0 0 0 0 0 0 1 0 0 0 0 0 0 0 0 0 0 0 0 0 0 0 0 1 0 0 49 185 0 0 1 0 0 0 0 0 0 0 0 0 0 0 2 0 0 0 0 0 0 0 0 0 0 0 16 0 0 0 255 255 255 255 2 0 1 0 0 0 0 0 data 2 0x10002 0x1726 oops 0
ciMethod java/util/EnumMap$EntrySet <init> (Ljava/util/EnumMap;Ljava/util/EnumMap$1;)V 1505 1 1877 0 0
ciMethod com/sun/tools/javac/util/List <init> (Ljava/lang/Object;Lcom/sun/tools/javac/util/List;)V 3409 1 261117 0 64
ciMethod com/sun/tools/javac/util/List nil ()Lcom/sun/tools/javac/util/List; 2865 1 898782 0 0
ciMethod com/sun/tools/javac/util/List diff (Lcom/sun/tools/javac/util/List;)Lcom/sun/tools/javac/util/List; 1 1 5678 0 1216
ciMethod com/sun/tools/javac/util/List of (Ljava/lang/Object;)Lcom/sun/tools/javac/util/List; 3929 1 93084 0 192
ciMethod com/sun/tools/javac/util/List isEmpty ()Z 2137 1 5438 0 64
ciMethod com/sun/tools/javac/util/List nonEmpty ()Z 2081 1 1537631 0 64
ciMethod com/sun/tools/javac/util/List length ()I 105 4025 55364 0 96
ciMethod com/sun/tools/javac/util/List prepend (Ljava/lang/Object;)Lcom/sun/tools/javac/util/List; 137 1 80333 0 -1
ciMethod com/sun/tools/javac/util/List contains (Ljava/lang/Object;)Z 2073 145 11702 0 192
ciMethod com/sun/tools/javac/util/List emptyIterator ()Ljava/util/Iterator; 425 1 275486 0 64
ciMethod com/sun/tools/javac/util/List iterator ()Ljava/util/Iterator; 2105 1 576612 0 192
ciMethod com/sun/tools/javac/util/List$1 isEmpty ()Z 1249 1 178 0 0
ciMethod com/sun/tools/javac/util/List$2 hasNext ()Z 1057 1 132 0 0
ciMethod com/sun/tools/javac/util/List$3 <init> (Lcom/sun/tools/javac/util/List;)V 1697 1 322498 0 64
ciMethod com/sun/tools/javac/util/List$3 hasNext ()Z 2161 1 5464 0 64
ciMethod com/sun/tools/javac/util/List$3 next ()Ljava/lang/Object; 2193 1 5403 0 128
ciMethod java/util/JumboEnumSet <init> (Ljava/lang/Class;[Ljava/lang/Enum;)V 9 1 1 0 0
ciMethodData java/util/EnumMap unmaskNull (Ljava/lang/Object;)Ljava/lang/Object; 2 21077 orig 264 8 131 234 110 0 0 0 0 72 35 248 57 0 0 0 0 136 1 0 0 0 0 0 0 0 0 0 0 0 0 0 0 0 0 0 0 0 0 0 0 0 0 0 0 0 0 0 0 0 0 0 0 0 0 0 0 0 0 0 0 0 0 0 0 0 0 0 0 0 0 0 0 0 0 0 0 0 0 0 0 77 68 79 32 101 120 116 114 97 32 100 97 116 97 32 108 111 99 107 0 0 0 0 0 0 0 0 0 0 0 0 0 0 0 0 0 0 0 0 0 0 0 0 0 0 0 0 0 0 0 0 0 0 0 0 0 0 0 0 0 0 0 0 0 0 0 0 0 0 0 0 0 0 0 0 0 0 0 0 0 0 0 0 0 0 0 0 0 0 0 0 0 0 0 0 0 0 0 0 0 0 0 0 0 0 0 0 0 0 0 0 0 0 0 0 0 0 0 0 0 0 0 0 0 0 0 0 0 0 0 0 0 0 0 0 0 7 1 0 0 113 138 2 0 1 0 0 0 0 0 0 0 0 0 0 0 2 0 0 0 0 0 6 0 2 0 0 0 56 0 0 0 255 255 255 255 7 0 4 0 0 0 0 0 data 7 0x40007 0x514e 0x38 0x0 0x80003 0x0 0x18 oops 0
ciMethod com/sun/tools/javac/code/Symbol complete ()V 1849 1 9896 24 -1
ciMethod com/sun/tools/javac/code/Type hasTag (Lcom/sun/tools/javac/code/TypeTag;)Z 1033 1 1193664 0 96
ciMethod com/sun/tools/javac/code/Type getTag ()Lcom/sun/tools/javac/code/TypeTag; 0 0 1 0 -1
ciMethod com/sun/tools/javac/code/Type accept (Lcom/sun/tools/javac/code/Type$Visitor;Ljava/lang/Object;)Ljava/lang/Object; 2081 1 5457 0 -1
ciMethod com/sun/tools/javac/code/Type baseType ()Lcom/sun/tools/javac/code/Type; 2057 1 1306 0 -1
ciMethod com/sun/tools/javac/code/Type unannotatedType ()Lcom/sun/tools/javac/code/Type; 2305 1 1336 0 0
ciMethod com/sun/tools/javac/code/Type isErroneous ()Z 1193 1 149 0 0
ciMethod com/sun/tools/javac/code/Type isErroneous (Lcom/sun/tools/javac/util/List;)Z 2161 1281 24481 0 0
ciMethod com/sun/tools/javac/code/Type contains (Lcom/sun/tools/javac/code/Type;)Z 2089 1 5390 0 -1
ciMethod com/sun/tools/javac/code/Type containsAny (Lcom/sun/tools/javac/util/List;)Z 2113 1 12887 0 512
ciMethod com/sun/tools/javac/code/Type filter (Lcom/sun/tools/javac/util/List;Lcom/sun/tools/javac/util/Filter;)Lcom/sun/tools/javac/util/List; 2089 1433 12271 0 0
ciMethod com/sun/tools/javac/code/Type$ErrorType <init> (Lcom/sun/tools/javac/code/Symbol$ClassSymbol;Lcom/sun/tools/javac/code/Type;)V 9 1 134 0 -1
ciMethod com/sun/tools/javac/code/Type$ClassType getTypeArguments ()Lcom/sun/tools/javac/util/List; 2105 1 6481 0 128
ciMethod com/sun/tools/javac/code/Type$ClassType getEnclosingType ()Lcom/sun/tools/javac/code/Type; 1033 1 129 0 0
ciMethod com/sun/tools/javac/code/Type$ClassType isErroneous ()Z 2385 1 13942 0 1280
ciMethod com/sun/tools/javac/code/Type$ClassType complete ()V 153 1 1446 0 0
ciMethod com/sun/tools/javac/code/Symbol$MethodSymbol <init> (JLcom/sun/tools/javac/util/Name;Lcom/sun/tools/javac/code/Type;Lcom/sun/tools/javac/code/Symbol;)V 2177 1 5585 0 -1
ciMethod com/sun/tools/javac/util/ListBuffer <init> ()V 1001 1 329406 0 64
ciMethod com/sun/tools/javac/util/ListBuffer clear ()V 1057 1 330532 0 0
ciMethod com/sun/tools/javac/util/ListBuffer copy ()V 1 1 485 0 0
ciMethod com/sun/tools/javac/util/ListBuffer append (Ljava/lang/Object;)Lcom/sun/tools/javac/util/ListBuffer; 3929 1 10739 0 320
ciMethod com/sun/tools/javac/util/ListBuffer appendList (Lcom/sun/tools/javac/util/List;)Lcom/sun/tools/javac/util/ListBuffer; 1449 1449 16652 0 480
ciMethod com/sun/tools/javac/util/ListBuffer toList ()Lcom/sun/tools/javac/util/List; 889 1 257034 0 0
ciMethod com/sun/tools/javac/util/ListBuffer iterator ()Ljava/util/Iterator; 265 1 23143 0 192
ciMethod com/sun/tools/javac/util/ListBuffer access$000 (Lcom/sun/tools/javac/util/ListBuffer;)Lcom/sun/tools/javac/util/List; 961 1 120 0 0
ciMethodData com/sun/tools/javac/util/List nil ()Lcom/sun/tools/javac/util/List; 2 898792 orig 264 8 131 234 110 0 0 0 0 248 175 118 71 0 0 0 0 24 1 0 0 0 0 0 0 0 0 0 0 0 0 0 0 0 0 0 0 0 0 0 0 0 0 0 0 0 0 0 0 0 0 0 0 0 0 0 0 0 0 0 0 0 0 0 0 0 0 0 0 0 0 0 0 0 0 0 0 0 0 0 0 77 68 79 32 101 120 116 114 97 32 100 97 116 97 32 108 111 99 107 0 0 0 0 0 0 0 0 0 0 0 0 0 0 0 0 0 0 0 0 0 0 0 0 0 0 0 0 0 0 0 0 0 0 0 0 0 0 0 0 0 0 0 0 0 0 0 0 0 0 0 0 0 0 0 0 0 0 0 0 0 0 0 0 0 0 0 0 0 0 0 0 0 0 0 0 0 0 0 0 0 0 0 0 0 1 0 0 0 0 0 0 0 0 0 0 0 0 0 0 0 0 0 0 0 0 0 0 0 0 0 0 0 0 0 0 0 102 1 0 0 9 172 109 0 1 0 0 0 0 0 0 0 0 0 0 0 2 0 0 0 0 0 3 0 1 0 0 0 0 0 0 0 255 255 255 255 0 0 0 0 0 0 0 0 data 0 oops 0
ciMethodData com/sun/tools/javac/util/List <init> (Ljava/lang/Object;Lcom/sun/tools/javac/util/List;)V 2 261120 orig 264 8 131 234 110 0 0 0 0 96 175 118 71 0 0 0 0 64 1 0 0 0 0 0 0 0 0 0 0 0 0 0 0 0 0 0 0 0 0 0 0 0 0 0 0 0 0 0 0 0 0 0 0 0 0 0 0 0 0 0 0 0 0 0 0 0 0 0 0 0 0 0 0 0 0 0 0 0 0 0 0 77 68 79 32 101 120 116 114 97 32 100 97 116 97 32 108 111 99 107 0 0 0 0 0 0 0 0 0 0 0 0 0 0 0 0 0 0 0 0 0 0 0 0 0 0 0 0 0 0 0 0 0 0 0 0 0 0 0 0 0 0 0 0 0 0 0 0 0 0 0 0 0 0 0 0 0 0 0 0 0 0 0 0 0 0 0 0 0 0 0 0 0 0 0 0 0 0 0 0 0 0 0 0 0 1 0 0 0 0 0 0 0 0 0 0 0 0 0 0 0 1 0 0 0 0 0 0 0 0 0 0 0 0 0 0 0 169 1 0 0 177 210 31 0 1 0 0 0 0 0 0 0 0 0 0 0 2 0 0 0 0 0 3 0 2 0 0 0 16 0 0 0 255 255 255 255 2 0 1 0 0 0 0 0 data 2 0x10002 0x3fa56 oops 0
ciMethodData com/sun/tools/javac/util/ListBuffer append (Ljava/lang/Object;)Lcom/sun/tools/javac/util/ListBuffer; 2 10739 orig 264 8 131 234 110 0 0 0 0 160 146 124 71 0 0 0 0 248 1 0 0 48 0 0 0 0 0 0 0 0 0 0 0 0 0 0 0 0 0 0 0 0 0 0 0 0 0 0 0 0 0 0 0 0 0 0 0 0 0 0 0 0 0 0 0 0 0 0 0 0 0 0 0 0 0 0 0 0 0 0 0 77 68 79 32 101 120 116 114 97 32 100 97 116 97 32 108 111 99 107 0 0 0 0 0 0 0 0 0 0 0 0 0 0 0 0 0 0 0 0 0 0 0 0 0 0 0 0 0 0 0 0 0 0 0 0 0 0 0 0 0 0 0 0 0 1 0 0 0 0 0 0 0 0 0 0 0 0 0 0 0 0 0 0 0 0 0 0 0 0 0 0 0 0 0 0 0 0 0 0 1 0 0 0 0 19 0 0 0 0 0 0 0 0 0 0 0 0 0 0 0 1 0 0 0 0 0 0 0 1 0 0 0 0 0 0 0 235 1 0 0 65 64 1 0 1 0 0 0 74 20 0 0 0 0 0 0 2 0 0 0 0 0 9 0 2 0 0 0 168 0 0 0 255 255 255 255 5 0 1 0 0 0 0 0 data 21 0x10005 0x25f9 0x3a302bc0 0x24 0x5251e2f0 0x1eb 0x9e007 0x27d7 0x30 0x32 0xd0002 0x32 0x110002 0x2809 0x190007 0x1970 0x38 0xe99 0x290003 0xe99 0x18 oops 2 2 java/lang/String 4 com/sun/tools/javac/file/RegularFileObject
ciMethodData com/sun/tools/javac/util/List of (Ljava/lang/Object;)Lcom/sun/tools/javac/util/List; 2 93090 orig 264 8 131 234 110 0 0 0 0 72 180 118 71 0 0 0 0 104 1 0 0 0 0 0 0 0 0 0 0 0 0 0 0 0 0 0 0 0 0 0 0 0 0 0 0 0 0 0 0 0 0 0 0 0 0 0 0 0 0 0 0 0 0 0 0 0 0 0 0 0 0 0 0 0 0 0 0 0 0 0 0 77 68 79 32 101 120 116 114 97 32 100 97 116 97 32 108 111 99 107 0 0 0 0 0 0 0 0 0 0 0 0 0 0 0 0 0 0 0 0 0 0 0 0 0 0 0 0 0 0 0 0 0 0 0 0 0 0 0 0 0 0 0 0 0 0 0 0 0 0 0 0 0 0 0 0 0 0 0 0 0 0 0 0 0 0 0 0 0 0 0 0 0 0 0 0 0 0 0 0 0 0 0 0 0 29 0 0 0 0 0 0 0 0 0 0 0 0 0 0 0 0 0 0 0 0 0 0 0 0 0 0 0 0 0 0 0 235 1 0 0 185 77 11 0 1 0 0 0 0 0 0 0 0 0 0 0 2 0 0 0 0 0 3 0 2 0 0 0 32 0 0 0 255 255 255 255 2 0 5 0 0 0 0 0 data 4 0x50002 0x169b7 0x80002 0x169b7 oops 0
ciMethodData com/sun/tools/javac/util/ListBuffer copy ()V 1 1154 orig 264 8 131 234 110 0 0 0 0 208 144 124 71 0 0 0 0 32 2 0 0 80 0 0 0 0 0 0 0 0 0 0 0 0 0 0 0 0 0 0 0 0 0 0 0 0 0 0 0 0 0 0 0 0 0 0 0 0 0 0 0 0 0 0 0 0 0 0 0 0 0 0 0 0 0 0 0 0 0 0 0 77 68 79 32 101 120 116 114 97 32 100 97 116 97 32 108 111 99 107 0 0 0 0 0 0 0 0 0 0 0 0 0 0 0 0 0 0 0 0 0 0 0 0 0 0 0 0 0 0 0 0 0 0 0 0 0 0 0 0 0 0 0 0 0 0 0 0 0 0 0 0 0 0 0 0 0 0 0 0 0 0 0 0 0 0 0 0 0 0 0 0 0 0 0 0 0 0 0 0 0 0 0 0 0 17 0 0 0 0 0 0 0 0 0 0 0 0 0 0 0 1 0 0 0 0 0 0 0 0 0 0 0 0 0 0 0 0 0 0 0 81 17 0 0 17 36 0 0 0 0 0 0 0 0 0 0 2 0 0 0 1 0 17 0 2 0 0 0 216 0 0 0 255 255 255 255 5 0 4 0 0 0 0 0 data 27 0x40005 0x0 0x5195df50 0x1d6 0x5195e2c0 0x54 0x70007 0x54 0xa8 0x1d6 0x150002 0x1d6 0x250005 0x0 0x5195df50 0x483 0x5195e2c0 0x1d6 0x280007 0x1d6 0x48 0x483 0x330002 0x483 0x440003 0x483 0xffffffffffffffa0 oops 4 2 com/sun/tools/javac/util/List 4 com/sun/tools/javac/util/List$1 14 com/sun/tools/javac/util/List 16 com/sun/tools/javac/util/List$1
ciMethodData com/sun/tools/javac/util/List$3 hasNext ()Z 2 5464 orig 264 8 131 234 110 0 0 0 0 112 233 118 71 0 0 0 0 88 1 0 0 0 0 0 0 0 0 0 0 0 0 0 0 0 0 0 0 0 0 0 0 0 0 0 0 0 0 0 0 0 0 0 0 0 0 0 0 0 0 0 0 0 0 0 0 0 0 0 0 0 0 0 0 0 0 0 0 0 0 0 0 77 68 79 32 101 120 116 114 97 32 100 97 116 97 32 108 111 99 107 0 0 0 0 0 0 0 0 0 0 0 0 0 0 0 0 0 0 0 0 0 0 0 0 0 0 0 0 0 0 0 0 0 0 0 0 0 0 0 0 0 0 0 0 0 0 0 0 0 0 0 0 0 0 0 0 0 0 0 0 0 0 0 0 0 0 0 0 0 0 0 0 0 0 0 0 0 0 0 0 0 0 0 0 0 1 0 0 0 0 0 0 0 0 0 0 0 0 0 0 0 1 0 0 0 0 0 0 0 0 0 0 0 0 0 0 0 14 1 0 0 81 162 0 0 1 0 0 0 0 0 0 0 0 0 0 0 2 0 0 0 0 0 6 0 2 0 0 0 56 0 0 0 255 255 255 255 7 0 7 0 0 0 0 0 data 7 0x70007 0x8e0 0x38 0xb6a 0xb0003 0xb6a 0x18 oops 0
ciMethodData com/sun/tools/javac/util/List$3 next ()Ljava/lang/Object; 2 5403 orig 264 8 131 234 110 0 0 0 0 72 234 118 71 0 0 0 0 80 1 0 0 0 0 0 0 0 0 0 0 0 0 0 0 0 0 0 0 0 0 0 0 0 0 0 0 0 0 0 0 0 0 0 0 0 0 0 0 0 0 0 0 0 0 0 0 0 0 0 0 0 0 0 0 0 0 0 0 0 0 0 0 77 68 79 32 101 120 116 114 97 32 100 97 116 97 32 108 111 99 107 0 0 0 0 0 0 0 0 0 0 0 0 0 0 0 0 0 0 0 0 0 0 0 0 0 0 0 0 0 0 0 0 0 0 0 0 0 0 0 0 0 0 0 0 0 0 0 0 0 0 0 0 0 0 0 0 0 0 0 0 0 0 0 0 0 0 0 0 0 0 0 0 0 0 0 0 0 0 0 0 0 0 0 0 0 25 0 0 0 0 0 0 0 0 0 0 0 0 0 0 0 1 0 0 0 0 0 0 0 0 0 0 0 0 0 0 0 18 1 0 0 73 160 0 0 1 0 0 0 0 0 0 0 0 0 0 0 2 0 0 0 0 0 5 0 2 0 0 0 48 0 0 0 255 255 255 255 7 0 7 0 0 0 0 0 data 6 0x70007 0x1409 0x30 0x0 0xe0002 0x0 oops 0
ciMethod com/sun/tools/javac/code/Symbol$ClassSymbol complete ()V 377 1 5396 36 704
ciMethod com/sun/tools/javac/util/Filter accepts (Ljava/lang/Object;)Z 0 0 1 0 -1
ciMethod com/sun/tools/javac/code/Types isSameType (Lcom/sun/tools/javac/code/Type;Lcom/sun/tools/javac/code/Type;Z)Z 1 1 11446 0 -1
ciMethod com/sun/tools/javac/code/Types subst (Lcom/sun/tools/javac/code/Type;Lcom/sun/tools/javac/util/List;Lcom/sun/tools/javac/util/List;)Lcom/sun/tools/javac/code/Type; 1 1 107786 0 576
ciMethod com/sun/tools/javac/code/Types glb (Lcom/sun/tools/javac/util/List;)Lcom/sun/tools/javac/code/Type; 65 65 183 0 0
ciMethod com/sun/tools/javac/code/Types glb (Lcom/sun/tools/javac/code/Type;Lcom/sun/tools/javac/code/Type;)Lcom/sun/tools/javac/code/Type; 1 1 391 0 -1
ciMethod com/sun/tools/javac/code/Types capture (Lcom/sun/tools/javac/code/Type;)Lcom/sun/tools/javac/code/Type; 833 1 24051 0 -1
ciMethod com/sun/tools/javac/code/Types$UnaryVisitor <init> ()V 2073 1 7089 0 32
ciMethod com/sun/tools/javac/code/Types$UnaryVisitor visit (Lcom/sun/tools/javac/code/Type;)Ljava/lang/Object; 2129 1 295864 0 96
ciMethod com/sun/tools/javac/code/Types$SimpleVisitor <init> ()V 2057 1 8901 0 0
ciMethod com/sun/tools/javac/code/Types$DefaultTypeVisitor <init> ()V 2089 1 8942 0 0
ciMethod com/sun/tools/javac/code/Types$SameTypeVisitor visitType (Lcom/sun/tools/javac/code/Type;Ljava/lang/Object;)Ljava/lang/Object; 2073 1 12539 0 -1
ciMethod com/sun/tools/javac/code/Type$Mapping apply (Lcom/sun/tools/javac/code/Type;)Lcom/sun/tools/javac/code/Type; 0 0 1 0 -1
ciMethod com/sun/tools/javac/code/Type$UndetVar getBounds ([Lcom/sun/tools/javac/code/Type$UndetVar$InferenceBound;)Lcom/sun/tools/javac/util/List; 2561 2753 7166 0 1152
ciMethod com/sun/tools/javac/code/Type$UndetVar addBound (Lcom/sun/tools/javac/code/Type$UndetVar$InferenceBound;Lcom/sun/tools/javac/code/Type;Lcom/sun/tools/javac/code/Types;Z)V 2049 1 7043 0 4512
ciMethod com/sun/tools/javac/code/Type$UndetVar substBounds (Lcom/sun/tools/javac/util/List;Lcom/sun/tools/javac/util/List;Lcom/sun/tools/javac/code/Types;)V 2049 5113 5312 0 0
ciMethod com/sun/tools/javac/code/Type$UndetVar notifyChange (Ljava/util/EnumSet;)V 1041 1 3106 0 0
ciMethod com/sun/tools/javac/comp/Infer checkCompatibleUpperBounds (Lcom/sun/tools/javac/code/Type$UndetVar;Lcom/sun/tools/javac/comp/Infer$InferenceContext;)V 2049 1 5312 0 0
ciMethod com/sun/tools/javac/comp/Infer reportBoundError (Lcom/sun/tools/javac/code/Type$UndetVar;Lcom/sun/tools/javac/comp/Infer$BoundErrorKind;)V 0 0 9 0 0
ciMethod com/sun/tools/javac/comp/Infer$IncorporationStep isSubtype (Lcom/sun/tools/javac/code/Type;Lcom/sun/tools/javac/code/Type;Lcom/sun/tools/javac/util/Warner;Lcom/sun/tools/javac/comp/Infer;)Z 2057 1 8007 0 0
ciMethod com/sun/tools/javac/comp/Infer$IncorporationStep isSameType (Lcom/sun/tools/javac/code/Type;Lcom/sun/tools/javac/code/Type;Lcom/sun/tools/javac/comp/Infer;)Z 465 1 765 0 0
ciMethod com/sun/tools/javac/comp/Infer$IncorporationStep doIncorporationOp (Lcom/sun/tools/javac/comp/Infer$IncorporationBinaryOpKind;Lcom/sun/tools/javac/code/Type;Lcom/sun/tools/javac/code/Type;Lcom/sun/tools/javac/util/Warner;Lcom/sun/tools/javac/comp/Infer;)Z 2065 1 6743 0 -1
ciMethod com/sun/tools/javac/comp/Infer$IncorporationStep$1 apply (Lcom/sun/tools/javac/code/Type$UndetVar;Lcom/sun/tools/javac/comp/Infer$InferenceContext;Lcom/sun/tools/javac/util/Warner;)V 1529 1177 5311 0 -1
ciMethod com/sun/tools/javac/comp/Infer$InferenceContext inferenceVars ()Lcom/sun/tools/javac/util/List; 1041 1 130 0 0
ciMethod com/sun/tools/javac/comp/Infer$InferenceContext free (Lcom/sun/tools/javac/code/Type;)Z 2113 1 111211 0 576
ciMethod com/sun/tools/javac/comp/Infer$InferenceContext asUndetVar (Lcom/sun/tools/javac/code/Type;)Lcom/sun/tools/javac/code/Type; 2065 1 78500 0 608
ciMethod com/sun/tools/javac/comp/Infer$InferenceContext instTypes ()Lcom/sun/tools/javac/util/List; 2057 3169 6433 0 1056
ciMethod com/sun/tools/javac/comp/Infer$InferenceContext infer ()Lcom/sun/tools/javac/comp/Infer; 1137 1 142 0 0
ciMethod com/sun/tools/javac/comp/Infer$InferenceContext access$100 (Lcom/sun/tools/javac/comp/Infer$InferenceContext;)Lcom/sun/tools/javac/comp/Infer; 2121 1 53487 0 64
ciMethodData java/util/AbstractQueue <init> ()V 2 329420 orig 264 8 131 234 110 0 0 0 0 88 192 237 57 0 0 0 0 48 1 0 0 0 0 0 0 0 0 0 0 0 0 0 0 0 0 0 0 0 0 0 0 0 0 0 0 0 0 0 0 0 0 0 0 0 0 0 0 0 0 0 0 0 0 0 0 0 0 0 0 0 0 0 0 0 0 0 0 0 0 0 0 77 68 79 32 101 120 116 114 97 32 100 97 116 97 32 108 111 99 107 0 0 0 0 0 0 0 0 0 0 0 0 0 0 0 0 0 0 0 0 0 0 0 0 0 0 0 0 0 0 0 0 0 0 0 0 0 0 0 0 0 0 0 0 0 0 0 0 0 0 0 0 0 0 0 0 0 0 0 0 0 0 0 0 0 0 0 0 0 0 0 0 0 0 0 0 0 0 0 0 0 0 0 0 0 1 0 0 0 0 0 0 0 0 0 0 0 0 0 0 0 1 0 0 0 0 0 0 0 0 0 0 0 0 0 0 0 134 0 0 0 49 50 40 0 1 0 0 0 0 0 0 0 0 0 0 0 2 0 0 0 0 0 3 0 2 0 0 0 16 0 0 0 255 255 255 255 2 0 1 0 0 0 0 0 data 2 0x10002 0x50646 oops 0
ciMethod com/sun/tools/javac/util/ListBuffer$1 <init> (Lcom/sun/tools/javac/util/ListBuffer;)V 265 1 23454 0 0
ciMethod com/sun/tools/javac/util/ListBuffer$1 hasNext ()Z 2097 1 17677 0 128
ciMethod com/sun/tools/javac/util/ListBuffer$1 next ()Ljava/lang/Object; 2081 1 6431 0 160
ciMethodData com/sun/tools/javac/util/List isEmpty ()Z 2 5438 orig 264 8 131 234 110 0 0 0 0 112 185 118 71 0 0 0 0 88 1 0 0 0 0 0 0 0 0 0 0 0 0 0 0 0 0 0 0 0 0 0 0 0 0 0 0 0 0 0 0 0 0 0 0 0 0 0 0 0 0 0 0 0 0 0 0 0 0 0 0 0 0 0 0 0 0 0 0 0 0 0 0 77 68 79 32 101 120 116 114 97 32 100 97 116 97 32 108 111 99 107 0 0 0 0 0 0 0 0 0 0 0 0 0 0 0 0 0 0 0 0 0 0 0 0 0 0 0 0 0 0 0 0 0 0 0 0 0 0 0 0 0 0 0 0 0 0 0 0 0 0 0 0 0 0 0 0 0 0 0 0 0 0 0 0 0 0 0 0 0 0 0 0 0 0 0 0 0 0 0 0 0 0 0 0 0 1 0 0 0 0 0 0 0 0 0 0 0 0 0 0 0 1 0 0 0 0 0 0 0 0 0 0 0 0 0 0 0 11 1 0 0 153 161 0 0 1 0 0 0 0 0 0 0 0 0 0 0 2 0 0 0 0 0 6 0 2 0 0 0 56 0 0 0 255 255 255 255 7 0 4 0 0 0 0 0 data 7 0x40007 0x1433 0x38 0x0 0x80003 0x0 0x18 oops 0
ciMethodData com/sun/tools/javac/util/ListBuffer <init> ()V 2 329407 orig 264 8 131 234 110 0 0 0 0 168 140 124 71 0 0 0 0 136 1 0 0 0 0 0 0 0 0 0 0 0 0 0 0 0 0 0 0 0 0 0 0 0 0 0 0 0 0 0 0 0 0 0 0 0 0 0 0 0 0 0 0 0 0 0 0 0 0 0 0 0 0 0 0 0 0 0 0 0 0 0 0 77 68 79 32 101 120 116 114 97 32 100 97 116 97 32 108 111 99 107 0 0 0 0 0 0 0 0 0 0 0 0 0 0 0 0 0 0 0 0 0 0 0 0 0 0 0 0 0 0 0 0 0 0 0 0 0 0 0 0 0 0 0 0 0 0 0 0 0 0 0 0 0 0 0 0 0 0 0 0 0 0 0 0 0 0 0 0 0 0 0 0 0 0 0 0 0 0 0 0 0 0 0 0 0 17 0 0 0 0 0 0 0 0 0 0 0 0 0 0 0 1 0 0 0 0 0 0 0 0 0 0 0 0 0 0 0 125 0 0 0 17 50 40 0 1 0 0 0 0 0 0 0 0 0 0 0 2 0 0 0 0 0 3 0 2 0 0 0 64 0 0 0 255 255 255 255 2 0 1 0 0 0 0 0 data 8 0x10002 0x50642 0x50005 0x8d 0x48abdd10 0x505b5 0x0 0x0 oops 1 4 com/sun/tools/javac/util/ListBuffer
ciMethodData com/sun/tools/javac/util/ListBuffer clear ()V 2 330533 orig 264 8 131 234 110 0 0 0 0 80 141 124 71 0 0 0 0 88 1 0 0 0 0 0 0 0 0 0 0 0 0 0 0 0 0 0 0 0 0 0 0 0 0 0 0 0 0 0 0 0 0 0 0 0 0 0 0 0 0 0 0 0 0 0 0 0 0 0 0 0 0 0 0 0 0 0 0 0 0 0 0 77 68 79 32 101 120 116 114 97 32 100 97 116 97 32 108 111 99 107 0 0 0 0 0 0 0 0 0 0 0 0 0 0 0 0 0 0 0 0 0 0 0 0 0 0 0 0 0 0 0 0 0 0 0 0 0 0 0 0 0 0 0 0 0 0 0 0 0 0 0 0 0 0 0 0 0 0 0 0 0 0 0 0 0 0 0 0 0 0 0 0 0 0 0 0 0 0 0 0 0 0 0 0 0 17 0 0 0 0 0 0 0 0 0 0 0 0 0 0 0 1 0 0 0 0 0 0 0 0 0 0 0 0 0 0 0 132 0 0 0 9 85 40 0 1 0 0 0 0 0 0 0 0 0 0 0 2 0 0 0 0 0 3 0 2 0 0 0 16 0 0 0 255 255 255 255 2 0 1 0 0 0 0 0 data 2 0x10002 0x50aa1 oops 0
ciMethodData com/sun/tools/javac/util/ListBuffer toList ()Lcom/sun/tools/javac/util/List; 2 257279 orig 264 8 131 234 110 0 0 0 0 128 149 124 71 0 0 0 0 32 1 0 0 0 0 0 0 0 0 0 0 0 0 0 0 0 0 0 0 0 0 0 0 0 0 0 0 0 0 0 0 0 0 0 0 0 0 0 0 0 0 0 0 0 0 0 0 0 0 0 0 0 0 0 0 0 0 0 0 0 0 0 0 77 68 79 32 101 120 116 114 97 32 100 97 116 97 32 108 111 99 107 0 0 0 0 0 0 0 0 0 0 0 0 0 0 0 0 0 0 0 0 0 0 0 0 0 0 0 0 0 0 0 0 0 0 0 0 0 0 0 0 0 0 0 0 0 0 0 0 0 0 0 0 0 0 0 0 0 0 0 0 0 0 0 0 0 0 0 0 0 0 0 0 0 0 0 0 0 0 0 0 0 0 0 0 0 1 0 0 0 0 0 0 0 0 0 0 0 0 0 0 0 1 0 0 0 0 0 0 0 0 0 0 0 0 0 0 0 111 0 0 0 129 100 31 0 1 0 0 0 0 0 0 0 0 0 0 0 2 0 0 0 0 0 3 0 1 0 0 0 0 0 0 0 255 255 255 255 0 0 0 0 0 0 0 0 data 0 oops 0
ciMethodData com/sun/tools/javac/util/List nonEmpty ()Z 2 1542541 orig 264 8 131 234 110 0 0 0 0 40 186 118 71 0 0 0 0 88 1 0 0 0 0 0 0 0 0 0 0 0 0 0 0 0 0 0 0 0 0 0 0 0 0 0 0 0 0 0 0 0 0 0 0 0 0 0 0 0 0 0 0 0 0 0 0 0 0 0 0 0 0 0 0 0 0 0 0 0 0 0 0 77 68 79 32 101 120 116 114 97 32 100 97 116 97 32 108 111 99 107 0 0 0 0 0 0 0 0 0 0 0 0 0 0 0 0 0 0 0 0 0 0 0 0 0 0 0 0 0 0 0 0 0 0 0 0 0 0 0 0 0 0 0 0 0 0 0 0 0 0 0 0 0 0 0 0 0 0 0 0 0 0 0 0 0 0 0 0 0 0 0 0 0 0 0 0 0 0 0 0 0 0 0 0 0 1 0 0 0 0 0 0 0 0 0 0 0 0 0 0 0 1 0 0 0 0 0 0 0 0 0 0 0 0 0 0 0 4 1 0 0 73 68 188 0 1 0 0 0 0 0 0 0 0 0 0 0 2 0 0 0 0 0 6 0 2 0 0 0 56 0 0 0 255 255 255 255 7 0 4 0 0 0 0 0 data 7 0x40007 0xb42e3 0x38 0xc45a6 0x80003 0xc45a6 0x18 oops 0
ciMethodData com/sun/tools/javac/util/List length ()I 2 55364 orig 264 8 131 234 110 0 0 0 0 240 186 118 71 0 0 0 0 88 1 0 0 0 0 0 0 0 0 0 0 0 0 0 0 0 0 0 0 0 0 0 0 0 0 0 0 0 0 0 0 0 0 0 0 0 0 0 0 0 0 0 0 0 0 0 0 0 0 0 0 0 0 0 0 0 0 0 0 0 0 0 0 77 68 79 32 101 120 116 114 97 32 100 97 116 97 32 108 111 99 107 0 0 0 0 0 0 0 0 0 0 0 0 0 0 0 0 0 0 0 0 0 0 0 0 0 0 0 0 0 0 0 0 0 0 0 0 0 0 0 0 0 0 0 0 0 0 0 0 0 0 0 0 0 0 0 0 0 0 0 0 0 0 0 0 0 0 0 0 0 0 0 0 0 0 0 0 0 0 0 0 0 0 0 0 0 1 0 0 0 0 0 0 0 0 0 0 0 0 0 0 0 1 0 0 0 0 0 0 0 0 0 0 0 0 0 0 0 247 1 0 0 185 193 6 0 105 167 5 0 0 0 0 0 0 0 0 0 2 0 0 0 1 0 6 0 2 0 0 0 56 0 0 0 255 255 255 255 7 0 8 0 0 0 0 0 data 7 0x80007 0xd837 0x38 0xb4ed 0x130003 0xb4ed 0xffffffffffffffe0 oops 0
ciMethodData com/sun/tools/javac/util/List iterator ()Ljava/util/Iterator; 2 577010 orig 264 8 131 234 110 0 0 0 0 184 202 118 71 0 0 0 0 136 1 0 0 32 0 0 0 0 0 0 0 0 0 0 0 0 0 0 0 0 0 0 0 0 0 0 0 0 0 0 0 0 0 0 0 0 0 0 0 0 0 0 0 0 0 0 0 0 0 0 0 0 0 0 0 0 0 0 0 0 0 0 0 77 68 79 32 101 120 116 114 97 32 100 97 116 97 32 108 111 99 107 0 0 0 0 0 0 0 0 0 0 0 0 0 0 0 0 0 0 0 0 0 0 0 0 0 0 0 0 0 0 0 0 0 0 0 0 0 0 0 0 0 0 0 0 0 0 0 0 0 0 0 0 0 0 0 0 0 0 0 0 0 0 0 0 0 0 0 0 0 0 0 0 0 0 0 0 0 0 0 0 0 0 0 0 0 25 0 0 0 0 0 0 0 0 0 0 0 0 0 0 0 0 0 0 0 0 0 0 0 0 0 0 0 0 0 0 0 7 1 0 0 89 103 70 0 1 0 0 0 0 0 0 0 0 0 0 0 2 0 0 0 0 0 5 0 2 0 0 0 64 0 0 0 255 255 255 255 7 0 4 0 0 0 0 0 data 8 0x40007 0x4c626 0x30 0x406c5 0x70002 0x406c5 0x100002 0x4c626 oops 0
ciMethodData com/sun/tools/javac/util/List emptyIterator ()Ljava/util/Iterator; 2 275505 orig 264 8 131 234 110 0 0 0 0 16 202 118 71 0 0 0 0 24 1 0 0 0 0 0 0 0 0 0 0 0 0 0 0 0 0 0 0 0 0 0 0 0 0 0 0 0 0 0 0 0 0 0 0 0 0 0 0 0 0 0 0 0 0 0 0 0 0 0 0 0 0 0 0 0 0 0 0 0 0 0 0 77 68 79 32 101 120 116 114 97 32 100 97 116 97 32 108 111 99 107 0 0 0 0 0 0 0 0 0 0 0 0 0 0 0 0 0 0 0 0 0 0 0 0 0 0 0 0 0 0 0 0 0 0 0 0 0 0 0 0 0 0 0 0 0 0 0 0 0 0 0 0 0 0 0 0 0 0 0 0 0 0 0 0 0 0 0 0 0 0 0 0 0 0 0 0 0 0 0 0 0 0 0 0 0 1 0 0 0 0 0 0 0 0 0 0 0 0 0 0 0 0 0 0 0 0 0 0 0 0 0 0 0 0 0 0 0 53 0 0 0 225 159 33 0 1 0 0 0 0 0 0 0 0 0 0 0 2 0 0 0 0 0 0 0 0 0 0 0 0 0 0 0 255 255 255 255 0 0 0 0 0 0 0 0 data 0 oops 0
ciMethodData com/sun/tools/javac/util/List$3 <init> (Lcom/sun/tools/javac/util/List;)V 2 322554 orig 264 8 131 234 110 0 0 0 0 208 232 118 71 0 0 0 0 56 1 0 0 0 0 0 0 0 0 0 0 0 0 0 0 0 0 0 0 0 0 0 0 0 0 0 0 0 0 0 0 0 0 0 0 0 0 0 0 0 0 0 0 0 0 0 0 0 0 0 0 0 0 0 0 0 0 0 0 0 0 0 0 77 68 79 32 101 120 116 114 97 32 100 97 116 97 32 108 111 99 107 0 0 0 0 0 0 0 0 0 0 0 0 0 0 0 0 0 0 0 0 0 0 0 0 0 0 0 0 0 0 0 0 0 0 0 0 0 0 0 0 0 0 0 0 0 0 0 0 0 0 0 0 0 0 0 0 0 0 0 0 0 0 0 0 0 0 0 0 0 0 0 0 0 0 0 0 0 0 0 0 0 0 0 0 0 1 0 0 0 0 0 0 0 0 0 0 0 0 0 0 0 1 0 0 0 0 0 0 0 0 0 0 0 0 0 0 0 212 0 0 0 49 89 39 0 1 0 0 0 0 0 0 0 0 0 0 0 2 0 0 0 0 0 0 0 0 0 0 0 16 0 0 0 255 255 255 255 2 0 6 0 0 0 0 0 data 2 0x60002 0x4eb26 oops 0
ciMethodData com/sun/tools/javac/util/ListBuffer appendList (Lcom/sun/tools/javac/util/List;)Lcom/sun/tools/javac/util/ListBuffer; 2 16657 orig 264 8 131 234 110 0 0 0 0 104 147 124 71 0 0 0 0 232 1 0 0 0 0 0 0 0 0 0 0 0 0 0 0 0 0 0 0 0 0 0 0 0 0 0 0 0 0 0 0 0 0 0 0 0 0 0 0 0 0 0 0 0 0 0 0 0 0 0 0 0 0 0 0 0 0 0 0 0 0 0 0 77 68 79 32 101 120 116 114 97 32 100 97 116 97 32 108 111 99 107 0 0 0 0 0 0 0 0 0 0 0 0 0 0 0 0 0 0 0 0 0 0 0 0 0 0 0 0 0 0 0 0 0 0 0 0 0 0 0 0 0 0 0 0 0 0 0 0 0 0 0 0 0 0 0 0 0 0 0 0 0 0 0 0 0 0 0 0 0 0 0 0 0 0 0 0 0 0 0 0 0 0 0 0 0 0 0 0 0 0 0 0 0 0 0 0 0 0 0 0 0 0 0 0 0 0 0 0 0 0 0 0 0 0 0 0 0 181 0 0 0 225 2 2 0 113 146 1 0 0 0 0 0 0 0 0 0 2 0 0 0 1 0 9 0 2 0 0 0 152 0 0 0 255 255 255 255 5 0 1 0 0 0 0 0 data 19 0x10005 0x0 0x5195df50 0x324e 0x5195e2c0 0x405c 0x40007 0x405c 0x68 0x324e 0xc0005 0x0 0x48abdd10 0x324e 0x0 0x0 0x150003 0x324e 0xffffffffffffff80 oops 3 2 com/sun/tools/javac/util/List 4 com/sun/tools/javac/util/List$1 12 com/sun/tools/javac/util/ListBuffer
ciMethod java/util/EnumMap$EntryIterator next ()Ljava/util/Map$Entry; 2065 1 5394 0 0
ciMethodData com/sun/tools/javac/util/ListBuffer$1 hasNext ()Z 2 17677 orig 264 8 131 234 110 0 0 0 0 104 219 162 71 0 0 0 0 176 1 0 0 0 0 0 0 0 0 0 0 0 0 0 0 0 0 0 0 0 0 0 0 0 0 0 0 0 0 0 0 0 0 0 0 0 0 0 0 0 0 0 0 0 0 0 0 0 0 0 0 0 0 0 0 0 0 0 0 0 0 0 0 77 68 79 32 101 120 116 114 97 32 100 97 116 97 32 108 111 99 107 0 0 0 0 0 0 0 0 0 0 0 0 0 0 0 0 0 0 0 0 0 0 0 0 0 0 0 0 0 0 0 0 0 0 0 0 0 0 0 0 0 0 0 0 0 0 0 0 0 0 0 0 0 0 0 0 0 0 0 0 0 0 0 0 0 0 0 0 0 0 0 0 0 0 0 0 0 0 0 0 0 0 0 0 0 0 0 0 0 0 0 0 0 0 0 0 0 0 0 0 0 0 0 0 0 0 0 0 0 0 0 0 0 0 0 0 0 6 1 0 0 57 32 2 0 1 0 0 0 0 0 0 0 0 0 0 0 2 0 0 0 0 0 6 0 2 0 0 0 104 0 0 0 255 255 255 255 5 0 4 0 0 0 0 0 data 13 0x40005 0x0 0x5195df50 0x1581 0x5195e2c0 0x2e86 0x70007 0x2e86 0x38 0x1581 0xb0003 0x1581 0x18 oops 2 2 com/sun/tools/javac/util/List 4 com/sun/tools/javac/util/List$1
ciMethodData com/sun/tools/javac/util/ListBuffer$1 next ()Ljava/lang/Object; 2 6431 orig 264 8 131 234 110 0 0 0 0 64 220 162 71 0 0 0 0 168 1 0 0 0 0 0 0 0 0 0 0 0 0 0 0 0 0 0 0 0 0 0 0 0 0 0 0 0 0 0 0 0 0 0 0 0 0 0 0 0 0 0 0 0 0 0 0 0 0 0 0 0 0 0 0 0 0 0 0 0 0 0 0 77 68 79 32 101 120 116 114 97 32 100 97 116 97 32 108 111 99 107 0 0 0 0 0 0 0 0 0 0 0 0 0 0 0 0 0 0 0 0 0 0 0 0 0 0 0 0 0 0 0 0 0 0 0 0 0 0 0 0 0 0 0 0 0 0 0 0 0 0 0 0 0 0 0 0 0 0 0 0 0 0 0 0 0 0 0 0 0 0 0 0 0 0 0 0 0 0 0 0 0 0 0 0 0 0 0 0 0 0 0 0 0 0 0 0 0 0 0 0 0 0 0 0 0 0 0 0 0 0 0 0 0 0 0 0 0 4 1 0 0 217 192 0 0 1 0 0 0 0 0 0 0 0 0 0 0 2 0 0 0 0 0 5 0 2 0 0 0 96 0 0 0 255 255 255 255 5 0 4 0 0 0 0 0 data 12 0x40005 0x0 0x5195df50 0x181b 0x0 0x0 0x70007 0x181b 0x30 0x0 0xe0002 0x0 oops 1 2 com/sun/tools/javac/util/List
ciMethodData com/sun/tools/javac/util/ListBuffer iterator ()Ljava/util/Iterator; 2 23454 orig 264 8 131 234 110 0 0 0 0 104 153 124 71 0 0 0 0 48 1 0 0 0 0 0 0 0 0 0 0 0 0 0 0 0 0 0 0 0 0 0 0 0 0 0 0 0 0 0 0 0 0 0 0 0 0 0 0 0 0 0 0 0 0 0 0 0 0 0 0 0 0 0 0 0 0 0 0 0 0 0 0 77 68 79 32 101 120 116 114 97 32 100 97 116 97 32 108 111 99 107 0 0 0 0 0 0 0 0 0 0 0 0 0 0 0 0 0 0 0 0 0 0 0 0 0 0 0 0 0 0 0 0 0 0 0 0 0 0 0 0 0 0 0 0 0 0 0 0 0 0 0 0 0 0 0 0 0 0 0 0 0 0 0 0 0 0 0 0 0 0 0 0 0 0 0 0 0 0 0 0 0 0 0 0 0 29 0 0 0 0 0 0 0 0 0 0 0 0 0 0 0 0 0 0 0 0 0 0 0 0 0 0 0 0 0 0 0 33 0 0 0 233 219 2 0 1 0 0 0 0 0 0 0 0 0 0 0 2 0 0 0 0 0 3 0 2 0 0 0 16 0 0 0 255 255 255 255 2 0 5 0 0 0 0 0 data 2 0x50002 0x5b7d oops 0
ciMethodData com/sun/tools/javac/util/ListBuffer$1 <init> (Lcom/sun/tools/javac/util/ListBuffer;)V 2 23457 orig 264 8 131 234 110 0 0 0 0 200 218 162 71 0 0 0 0 112 1 0 0 0 0 0 0 0 0 0 0 0 0 0 0 0 0 0 0 0 0 0 0 0 0 0 0 0 0 0 0 0 0 0 0 0 0 0 0 0 0 0 0 0 0 0 0 0 0 0 0 0 0 0 0 0 0 0 0 0 0 0 0 77 68 79 32 101 120 116 114 97 32 100 97 116 97 32 108 111 99 107 0 0 0 0 0 0 0 0 0 0 0 0 0 0 0 0 0 0 0 0 0 0 0 0 0 0 0 0 0 0 0 0 0 0 0 0 0 0 0 0 0 0 0 0 0 0 0 0 0 0 0 0 0 0 0 0 0 0 0 0 0 0 0 0 0 0 0 0 0 0 0 0 0 0 0 0 0 0 0 0 0 0 0 0 0 17 0 0 0 0 0 0 0 0 0 0 0 0 0 0 0 1 0 0 0 0 0 0 0 0 0 0 0 0 0 0 0 33 0 0 0 1 220 2 0 1 0 0 0 0 0 0 0 0 0 0 0 2 0 0 0 0 0 3 0 2 0 0 0 32 0 0 0 255 255 255 255 2 0 6 0 0 0 0 0 data 4 0x60002 0x5b80 0xe0002 0x5b80 oops 0
ciMethodData java/util/RegularEnumSet isEmpty ()Z 2 5067 orig 264 8 131 234 110 0 0 0 0 136 40 249 57 0 0 0 0 88 1 0 0 0 0 0 0 0 0 0 0 0 0 0 0 0 0 0 0 0 0 0 0 0 0 0 0 0 0 0 0 0 0 0 0 0 0 0 0 0 0 0 0 0 0 0 0 0 0 0 0 0 0 0 0 0 0 0 0 0 0 0 0 77 68 79 32 101 120 116 114 97 32 100 97 116 97 32 108 111 99 107 0 0 0 0 0 0 0 0 0 0 0 0 0 0 0 0 0 0 0 0 0 0 0 0 0 0 0 0 0 0 0 0 0 0 0 0 0 0 0 0 0 0 0 0 0 0 0 0 0 0 0 0 0 0 0 0 0 0 0 0 0 0 0 0 0 0 0 0 0 0 0 0 0 0 0 0 0 0 0 0 0 0 0 0 0 0 0 0 0 0 0 0 0 0 0 0 0 0 0 0 0 0 0 0 0 0 0 0 0 0 0 0 0 0 0 0 0 0 1 0 0 89 150 0 0 1 0 0 0 0 0 0 0 0 0 0 0 2 0 0 0 0 0 6 0 2 0 0 0 56 0 0 0 255 255 255 255 7 0 6 0 0 0 0 0 data 7 0x60007 0x885 0x38 0xa46 0xa0003 0xa46 0x18 oops 0
ciMethodData com/sun/tools/javac/code/Type hasTag (Lcom/sun/tools/javac/code/TypeTag;)Z 2 1194186 orig 264 8 131 234 110 0 0 0 0 184 219 122 71 0 0 0 0 184 1 0 0 0 0 0 0 0 0 0 0 0 0 0 0 0 0 0 0 0 0 0 0 0 0 0 0 0 0 0 0 0 0 0 0 0 0 0 0 0 0 0 0 0 0 0 0 0 0 0 0 0 0 0 0 0 0 0 0 0 0 0 0 77 68 79 32 101 120 116 114 97 32 100 97 116 97 32 108 111 99 107 0 0 0 0 0 0 0 0 0 0 0 0 0 0 0 0 0 0 0 0 0 0 0 0 0 0 0 0 0 0 0 0 0 0 0 0 0 0 0 0 0 0 0 0 0 0 0 0 0 0 0 0 0 0 0 0 0 0 0 0 0 0 0 0 0 0 0 0 0 0 0 0 0 0 0 0 0 0 13 0 0 0 0 0 0 17 0 0 0 0 0 0 0 0 0 0 0 0 0 0 0 2 0 0 0 0 0 0 0 0 0 0 0 0 0 0 0 129 0 0 0 49 194 145 0 1 0 0 0 0 0 0 0 0 0 0 0 2 0 0 0 0 0 6 0 2 0 0 0 104 0 0 0 255 255 255 255 5 192 2 0 0 0 0 0 data 13 0x2c005 0x8926f 0x5195e0b0 0x86e51 0x4b7fa2f0 0x13792 0x50007 0xf1086 0x38 0x327cd 0x90003 0x327cd 0x18 oops 2 2 com/sun/tools/javac/code/Type$ClassType 4 com/sun/tools/javac/code/Type$JCNoType
ciMethodData com/sun/tools/javac/comp/Infer$InferenceContext free (Lcom/sun/tools/javac/code/Type;)Z 2 111295 orig 264 8 131 234 110 0 0 0 0 176 250 150 71 0 0 0 0 128 1 0 0 0 0 0 0 0 0 0 0 0 0 0 0 0 0 0 0 0 0 0 0 0 0 0 0 0 0 0 0 0 0 0 0 0 0 0 0 0 0 0 0 0 0 0 0 0 0 0 0 0 0 0 0 0 0 0 0 0 0 0 0 77 68 79 32 101 120 116 114 97 32 100 97 116 97 32 108 111 99 107 0 0 0 0 0 0 0 0 0 0 0 0 0 0 0 0 0 0 0 0 0 0 0 0 0 0 0 0 0 0 0 0 0 0 0 0 0 0 0 0 0 0 0 0 0 3 0 0 0 0 0 0 0 0 0 0 0 0 0 0 0 0 0 0 0 0 0 0 0 0 0 0 0 0 0 0 0 0 0 0 0 0 0 0 0 17 0 0 0 0 0 0 0 0 0 0 0 0 0 0 0 1 0 0 0 0 0 0 0 0 0 0 0 0 0 0 0 8 1 0 0 185 141 13 0 1 0 0 0 0 0 0 0 0 0 0 0 2 0 0 0 0 0 3 0 2 0 0 0 48 0 0 0 255 255 255 255 5 0 5 0 0 0 0 0 data 6 0x50005 0xdeba 0x5195e0b0 0xb958 0x47fb5c20 0x19a5 oops 2 2 com/sun/tools/javac/code/Type$ClassType 4 com/sun/tools/javac/code/Type$1
ciMethodData com/sun/tools/javac/code/Type containsAny (Lcom/sun/tools/javac/util/List;)Z 2 12887 orig 264 8 131 234 110 0 0 0 0 32 254 122 71 0 0 0 0 152 2 0 0 176 0 0 0 0 0 0 0 0 0 0 0 0 0 0 0 0 0 0 0 0 0 0 0 0 0 0 0 0 0 0 0 0 0 0 0 0 0 0 0 0 0 0 0 0 0 0 0 0 0 0 0 0 0 0 0 0 0 0 0 77 68 79 32 101 120 116 114 97 32 100 97 116 97 32 108 111 99 107 0 0 0 0 0 0 0 0 0 0 0 0 0 0 0 0 0 0 0 0 0 0 0 0 0 0 0 0 0 0 0 0 0 0 0 0 0 0 0 0 0 0 0 0 0 2 0 0 0 0 0 0 0 0 0 0 0 0 0 0 0 0 0 0 0 7 0 0 0 0 0 0 0 0 0 0 2 0 0 0 0 0 0 0 0 17 0 0 0 0 0 0 0 0 0 0 0 0 0 0 0 0 0 0 0 0 0 0 0 0 0 0 0 0 0 0 0 8 1 0 0 121 138 1 0 81 60 0 0 103 22 0 0 89 0 0 0 2 0 0 0 1 0 11 0 2 0 0 0 72 1 0 0 255 255 255 255 5 0 1 0 0 0 0 0 data 41 0x10005 0x0 0x5195e2c0 0x2b73 0x5195df50 0x5dc 0x6c005 0x0 0x5195e370 0x2b73 0x5195e000 0xd6b 0xb0007 0x3034 0xe8 0x8aa 0xf0005 0x0 0x5195e000 0x8ac 0x0 0x0 0x14c004 0x0 0x5195e160 0x7c8 0x51a20700 0xe6 0x1a0005 0x97 0x5195e160 0xbd 0x5195e0b0 0x75a 0x1d0007 0x78a 0x20 0x124 0x220003 0x78a 0xffffffffffffff00 oops 9 2 com/sun/tools/javac/util/List$1 4 com/sun/tools/javac/util/List 8 com/sun/tools/javac/util/List$2 10 com/sun/tools/javac/util/List$3 18 com/sun/tools/javac/util/List$3 24 com/sun/tools/javac/code/Type$TypeVar 26 com/sun/tools/javac/code/Type$CapturedType 30 com/sun/tools/javac/code/Type$TypeVar 32 com/sun/tools/javac/code/Type$ClassType
ciMethodData com/sun/tools/javac/code/Symbol$ClassSymbol complete ()V 2 5396 orig 264 8 131 234 110 0 0 0 0 80 177 127 71 0 0 0 0 88 1 0 0 16 0 0 0 0 0 0 0 0 0 0 0 0 0 0 0 0 0 0 0 0 0 0 0 0 0 0 0 0 0 0 0 0 0 0 0 0 0 0 0 0 0 0 0 0 0 0 0 0 0 0 0 0 0 0 0 0 0 0 0 77 68 79 32 101 120 116 114 97 32 100 97 116 97 32 108 111 99 107 0 0 0 0 0 0 0 0 0 0 0 0 0 0 0 0 0 0 0 0 0 0 0 0 0 0 0 0 0 0 0 0 0 0 0 0 0 0 0 0 0 0 0 0 0 0 0 0 0 0 0 0 0 0 0 0 0 0 0 0 0 0 0 0 0 0 0 0 0 0 0 0 0 0 0 0 0 0 0 0 0 0 0 0 0 25 0 0 0 0 0 0 0 0 0 0 0 0 0 0 0 0 0 0 0 0 0 0 0 0 0 0 0 0 0 0 0 47 0 0 0 41 167 0 0 1 0 0 0 0 0 0 0 0 0 0 0 2 0 0 0 0 0 9 0 2 0 0 0 56 0 0 0 255 255 255 255 2 0 1 0 0 0 0 0 data 7 0x10002 0x14e5 0x40003 0x1490 0x28 0x1d0002 0x55 oops 0
ciMethodData com/sun/tools/javac/code/Types isSameType (Lcom/sun/tools/javac/code/Type;Lcom/sun/tools/javac/code/Type;Z)Z 2 11446 orig 264 8 131 234 110 0 0 0 0 72 138 132 71 0 0 0 0 184 2 0 0 0 0 0 0 0 0 0 0 0 0 0 0 0 0 0 0 0 0 0 0 0 0 0 0 0 0 0 0 0 0 0 0 0 0 0 0 0 0 0 0 0 0 0 0 0 0 0 0 0 0 0 0 0 0 0 0 0 0 0 0 77 68 79 32 101 120 116 114 97 32 100 97 116 97 32 108 111 99 107 0 0 0 0 0 0 0 0 0 0 0 0 0 0 0 0 0 0 0 0 0 0 0 0 0 0 0 0 0 0 0 0 0 0 0 0 0 0 0 0 0 0 0 0 0 1 0 0 0 0 0 0 0 0 0 0 0 0 0 0 0 0 0 0 0 0 0 0 0 0 0 0 0 0 0 0 0 0 0 0 1 0 0 0 0 17 0 0 0 0 0 0 0 0 0 0 0 0 0 0 0 1 0 0 0 0 0 0 0 0 0 0 0 0 0 0 0 0 0 0 0 177 101 1 0 1 0 0 0 135 20 0 0 0 0 0 0 2 0 0 0 0 0 6 0 2 0 0 0 88 1 0 0 255 255 255 255 7 224 1 0 0 0 0 0 data 43 0x1e007 0x272b 0xc8 0x58c 0xa0005 0x54 0x539f6ff0 0x538 0x0 0x0 0xd0004 0x0 0x3d20f7a0 0x58c 0x0 0x0 0x100005 0x54 0x3d20f7a0 0x538 0x0 0x0 0x130003 0x58c 0xa8 0x1c0005 0x151 0x539f70a0 0x25da 0x0 0x0 0x1f0004 0x0 0x3d20f7a0 0x272b 0x0 0x0 0x220005 0x151 0x3d20f7a0 0x25da 0x0 0x0 oops 6 6 com/sun/tools/javac/code/Types$5 12 java/lang/Boolean 18 java/lang/Boolean 27 com/sun/tools/javac/code/Types$LooseSameTypeVisitor 33 java/lang/Boolean 39 java/lang/Boolean
ciMethodData com/sun/tools/javac/code/Type$ClassType getTypeArguments ()Lcom/sun/tools/javac/util/List; 2 6481 orig 264 8 131 234 110 0 0 0 0 128 67 123 71 0 0 0 0 200 1 0 0 0 0 0 0 0 0 0 0 0 0 0 0 0 0 0 0 0 0 0 0 0 0 0 0 0 0 0 0 0 0 0 0 0 0 0 0 0 0 0 0 0 0 0 0 0 0 0 0 0 0 0 0 0 0 0 0 0 0 0 0 77 68 79 32 101 120 116 114 97 32 100 97 116 97 32 108 111 99 107 0 0 0 0 0 0 0 0 0 0 0 0 0 0 0 0 0 0 0 0 0 0 0 0 0 0 0 0 0 0 0 0 0 0 0 0 0 0 0 0 0 0 0 0 0 0 0 0 0 0 0 0 0 0 0 0 0 0 0 0 0 0 0 0 0 0 0 0 0 0 0 0 0 0 0 0 0 0 0 0 0 0 0 0 0 0 0 0 0 0 0 0 0 0 0 0 0 0 0 0 0 0 0 0 0 0 0 0 0 0 0 0 0 0 0 0 0 7 1 0 0 81 194 0 0 1 0 0 0 0 0 0 0 0 0 0 0 2 0 0 0 0 0 12 0 2 0 0 0 128 0 0 0 255 255 255 255 7 0 4 0 0 0 0 0 data 16 0x40007 0x1814 0x80 0x36 0x80005 0x0 0x5195e0b0 0x36 0x0 0x0 0xf0007 0x1 0x30 0x35 0x130002 0x35 oops 1 6 com/sun/tools/javac/code/Type$ClassType
ciMethodData com/sun/tools/javac/code/Type$ClassType complete ()V 2 1446 orig 264 8 131 234 110 0 0 0 0 64 76 123 71 0 0 0 0 152 1 0 0 0 0 0 0 0 0 0 0 0 0 0 0 0 0 0 0 0 0 0 0 0 0 0 0 0 0 0 0 0 0 0 0 0 0 0 0 0 0 0 0 0 0 0 0 0 0 0 0 0 0 0 0 0 0 0 0 0 0 0 0 77 68 79 32 101 120 116 114 97 32 100 97 116 97 32 108 111 99 107 0 0 0 0 0 0 0 0 0 0 0 0 0 0 0 0 0 0 0 0 0 0 0 0 0 0 0 0 0 0 0 0 0 0 0 0 0 0 0 0 0 0 0 0 0 0 0 0 0 0 0 0 0 0 0 0 0 0 0 0 0 0 0 0 0 0 0 0 0 0 0 0 0 0 0 0 0 0 0 0 0 0 0 0 0 17 0 0 0 0 0 0 0 0 0 0 0 0 0 0 0 1 0 0 0 0 0 0 0 0 0 0 0 0 0 0 0 19 0 0 0 153 44 0 0 1 0 0 0 0 0 0 0 0 0 0 0 2 0 0 0 0 0 6 0 2 0 0 0 80 0 0 0 255 255 255 255 7 0 7 0 0 0 0 0 data 10 0x70007 0x53f 0x50 0x54 0xe0005 0x0 0x41d39480 0x54 0x0 0x0 oops 1 6 com/sun/tools/javac/code/Symbol$ClassSymbol
ciMethodData com/sun/tools/javac/code/Types$UnaryVisitor visit (Lcom/sun/tools/javac/code/Type;)Ljava/lang/Object; 2 295904 orig 264 8 131 234 110 0 0 0 0 88 12 133 71 0 0 0 0 128 1 0 0 0 0 0 0 0 0 0 0 0 0 0 0 0 0 0 0 0 0 0 0 0 0 0 0 0 0 0 0 0 0 0 0 0 0 0 0 0 0 0 0 0 0 0 0 0 0 0 0 0 0 0 0 0 0 0 0 0 0 0 0 77 68 79 32 101 120 116 114 97 32 100 97 116 97 32 108 111 99 107 0 0 0 0 0 0 0 0 0 0 0 0 0 0 0 0 0 0 0 0 0 0 0 0 0 0 0 0 0 0 0 0 0 0 0 0 0 0 0 0 0 0 0 0 0 0 0 0 0 0 0 0 0 0 0 0 0 0 0 0 0 0 0 0 0 0 0 0 0 0 0 0 0 0 0 0 0 0 0 0 0 0 0 0 0 17 0 0 0 0 0 0 0 0 0 0 0 0 0 0 0 0 0 0 0 0 0 0 0 0 0 0 0 0 0 0 0 10 1 0 0 177 22 36 0 1 0 0 0 0 0 0 0 0 0 0 0 2 0 0 0 0 0 3 0 2 0 0 0 48 0 0 0 255 255 255 255 5 0 3 0 0 0 0 0 data 6 0x30005 0xd0c8 0x5195e0b0 0x347b3 0x47fb5c20 0x6a5b oops 2 2 com/sun/tools/javac/code/Type$ClassType 4 com/sun/tools/javac/code/Type$1
ciMethodData com/sun/tools/javac/code/Type isErroneous (Lcom/sun/tools/javac/util/List;)Z 2 24481 orig 264 8 131 234 110 0 0 0 0 64 247 122 71 0 0 0 0 48 2 0 0 176 0 0 0 0 0 0 0 0 0 0 0 0 0 0 0 0 0 0 0 0 0 0 0 0 0 0 0 0 0 0 0 0 0 0 0 0 0 0 0 0 0 0 0 0 0 0 0 0 0 0 0 0 0 0 0 0 0 0 0 77 68 79 32 101 120 116 114 97 32 100 97 116 97 32 108 111 99 107 0 0 0 0 0 0 0 0 0 0 0 0 0 0 0 0 0 0 0 0 0 0 0 0 0 0 0 0 0 0 0 0 0 0 0 0 0 0 0 0 0 0 0 0 0 0 0 0 0 0 0 0 0 0 0 0 0 0 0 0 0 0 0 0 0 0 0 0 0 0 0 0 0 0 0 0 0 0 0 0 1 0 0 0 0 0 0 0 0 0 0 0 0 0 0 0 0 0 0 0 0 0 0 0 0 0 0 0 0 0 0 0 0 0 0 0 0 14 1 0 0 153 244 2 0 201 44 1 0 62 69 0 0 158 27 0 0 2 0 0 0 1 0 12 0 2 0 0 0 232 0 0 0 255 255 255 255 5 0 3 0 0 0 0 0 data 29 0x30005 0x0 0x5195df50 0x25a1 0x5195e2c0 0x5e8b 0x60007 0x5e8b 0xb8 0x25a1 0xd0004 0x0 0x5195e0b0 0x1e7d 0x5195e160 0x414 0x100005 0x310 0x5195e0b0 0x1e7d 0x5195e160 0x414 0x13e007 0x2599 0x20 0x9 0x1d0003 0x2599 0xffffffffffffff30 oops 6 2 com/sun/tools/javac/util/List 4 com/sun/tools/javac/util/List$1 12 com/sun/tools/javac/code/Type$ClassType 14 com/sun/tools/javac/code/Type$TypeVar 18 com/sun/tools/javac/code/Type$ClassType 20 com/sun/tools/javac/code/Type$TypeVar
ciMethodData com/sun/tools/javac/code/Type unannotatedType ()Lcom/sun/tools/javac/code/Type; 2 1336 orig 264 8 131 234 110 0 0 0 0 248 232 122 71 0 0 0 0 32 1 0 0 0 0 0 0 0 0 0 0 0 0 0 0 0 0 0 0 0 0 0 0 0 0 0 0 0 0 0 0 0 0 0 0 0 0 0 0 0 0 0 0 0 0 0 0 0 0 0 0 0 0 0 0 0 0 0 0 0 0 0 0 77 68 79 32 101 120 116 114 97 32 100 97 116 97 32 108 111 99 107 0 0 0 0 0 0 0 0 0 0 0 0 0 0 0 0 0 0 0 0 0 0 0 0 0 0 0 0 0 0 0 0 0 0 0 0 0 0 0 0 0 0 0 0 0 0 0 0 0 0 0 0 0 0 0 0 0 0 0 0 0 0 0 0 0 0 0 0 0 0 0 0 0 0 0 0 0 0 0 0 0 0 0 0 0 0 0 0 0 0 0 0 0 0 0 0 0 0 0 0 0 0 0 0 0 0 0 0 0 0 0 0 0 0 0 0 0 32 1 0 0 193 32 0 0 1 0 0 0 0 0 0 0 0 0 0 0 2 0 0 0 0 0 3 0 1 0 0 0 0 0 0 0 255 255 255 255 0 0 0 0 0 0 0 0 data 0 oops 0
ciMethodData com/sun/tools/javac/code/Type$ClassType isErroneous ()Z 2 13942 orig 264 8 131 234 110 0 0 0 0 240 70 123 71 0 0 0 0 224 2 0 0 224 0 0 0 0 0 0 0 0 0 0 0 0 0 0 0 0 0 0 0 0 0 0 0 0 0 0 0 0 0 0 0 0 0 0 0 0 0 0 0 0 0 0 0 0 0 0 0 0 0 0 0 0 0 0 0 0 0 0 0 77 68 79 32 101 120 116 114 97 32 100 97 116 97 32 108 111 99 107 0 0 0 0 0 0 0 0 0 0 0 0 0 0 0 0 0 0 0 0 0 0 0 0 0 0 0 0 0 0 0 0 0 0 0 0 0 0 0 0 0 0 0 0 0 3 0 0 0 1 0 0 0 0 0 0 0 0 0 0 0 0 0 0 0 6 0 0 4 0 0 0 0 0 0 0 0 0 0 0 0 0 0 0 0 17 0 0 0 0 0 0 0 0 0 0 0 0 0 0 0 0 0 0 0 0 0 0 0 0 0 0 0 0 0 0 0 42 1 0 0 97 170 1 0 1 0 0 0 48 24 0 0 0 0 0 0 2 0 0 0 1 0 24 0 2 0 0 0 152 1 0 0 255 255 255 255 5 240 1 0 0 0 0 0 data 51 0x1f005 0x27 0x5195e0b0 0x3161 0x46c6bbf0 0x3cc 0x40005 0x0 0x47fb5c20 0x3554 0x0 0x0 0x70007 0x0 0x120 0x3554 0xb0005 0x27 0x5195e0b0 0x3161 0x46c6bbf0 0x3cc 0xe0002 0x3554 0x110007 0x0 0xc0 0x3554 0x1cc005 0x0 0x5195e0b0 0x3552 0x46c6bca0 0x4 0x1f0007 0x298a 0x88 0xbcc 0x290005 0x0 0x5195e0b0 0xbcc 0x0 0x0 0x2c0007 0xbcc 0x38 0x0 0x300003 0x0 0x18 oops 8 2 com/sun/tools/javac/code/Type$ClassType 4 com/sun/tools/javac/code/Type$ClassType$1 8 com/sun/tools/javac/code/Type$1 18 com/sun/tools/javac/code/Type$ClassType 20 com/sun/tools/javac/code/Type$ClassType$1 30 com/sun/tools/javac/code/Type$ClassType 32 com/sun/tools/javac/code/Type$IntersectionClassType 40 com/sun/tools/javac/code/Type$ClassType
ciMethodData com/sun/tools/javac/code/Types subst (Lcom/sun/tools/javac/code/Type;Lcom/sun/tools/javac/util/List;Lcom/sun/tools/javac/util/List;)Lcom/sun/tools/javac/code/Type; 2 109439 orig 264 8 131 234 110 0 0 0 0 152 191 132 71 0 0 0 0 160 1 0 0 0 0 0 0 0 0 0 0 0 0 0 0 0 0 0 0 0 0 0 0 0 0 0 0 0 0 0 0 0 0 0 0 0 0 0 0 0 0 0 0 0 0 0 0 0 0 0 0 0 0 0 0 0 0 0 0 0 0 0 0 77 68 79 32 101 120 116 114 97 32 100 97 116 97 32 108 111 99 107 0 0 0 0 0 0 0 0 0 0 0 0 0 0 0 0 0 0 0 0 0 0 0 0 0 0 0 0 0 0 0 0 0 0 0 0 0 0 0 0 0 0 0 0 0 0 0 0 0 0 0 0 0 0 0 0 0 0 0 0 0 0 0 0 0 0 0 0 0 0 0 0 0 0 0 0 0 0 0 0 0 0 0 0 0 0 0 0 0 0 0 0 0 0 0 0 0 0 0 0 0 0 0 0 0 0 0 0 0 0 0 0 0 0 0 0 0 0 0 0 0 249 91 13 0 1 0 0 0 0 0 0 0 0 0 0 0 2 0 0 0 0 0 6 0 2 0 0 0 64 0 0 0 255 255 255 255 2 0 7 0 0 0 0 0 data 8 0x70002 0x1ab7f 0xb0005 0x0 0x4c1f2fa0 0x1ab7f 0x0 0x0 oops 1 4 com/sun/tools/javac/code/Types$Subst
ciMethod com/sun/tools/javac/code/Types$Subst <init> (Lcom/sun/tools/javac/code/Types;Lcom/sun/tools/javac/util/List;Lcom/sun/tools/javac/util/List;)V 81 1 5300 0 288
ciMethod com/sun/tools/javac/code/Types$Subst subst (Lcom/sun/tools/javac/code/Type;)Lcom/sun/tools/javac/code/Type; 281 1 140949 0 192
ciMethodData com/sun/tools/javac/code/Types$Subst <init> (Lcom/sun/tools/javac/code/Types;Lcom/sun/tools/javac/util/List;Lcom/sun/tools/javac/util/List;)V 2 5300 orig 264 8 131 234 110 0 0 0 0 128 138 199 73 0 0 0 0 64 2 0 0 144 0 0 0 0 0 0 0 0 0 0 0 0 0 0 0 0 0 0 0 0 0 0 0 0 0 0 0 0 0 0 0 0 0 0 0 0 0 0 0 0 0 0 0 0 0 0 0 0 0 0 0 0 0 0 0 0 0 0 0 77 68 79 32 101 120 116 114 97 32 100 97 116 97 32 108 111 99 107 0 0 0 0 0 0 0 0 0 0 0 0 0 0 0 0 0 0 0 0 0 0 0 0 0 0 0 0 0 0 0 0 0 0 0 0 0 0 0 0 0 0 0 0 0 0 0 0 0 0 0 0 0 0 0 0 0 0 0 0 0 0 0 0 0 0 0 0 0 0 0 0 0 0 0 0 0 0 0 0 0 0 0 0 0 0 0 0 0 0 0 0 0 0 0 0 0 0 0 0 0 0 0 0 0 0 0 0 0 0 0 0 0 0 0 0 0 10 0 0 0 81 165 0 0 1 0 0 0 0 0 0 0 0 0 0 0 2 0 0 0 2 0 9 0 2 0 0 0 224 0 0 0 255 255 255 255 2 0 6 0 0 0 0 0 data 28 0x60002 0x14aa 0xa0005 0x0 0x5195df50 0x952 0x5195e2c0 0xb58 0x100005 0x0 0x5195df50 0x952 0x5195e2c0 0xb58 0x190007 0x14aa 0x38 0x0 0x240003 0x0 0xffffffffffffffe0 0x2b0007 0x14aa 0x38 0x0 0x360003 0x0 0xffffffffffffffe0 oops 4 4 com/sun/tools/javac/util/List 6 com/sun/tools/javac/util/List$1 10 com/sun/tools/javac/util/List 12 com/sun/tools/javac/util/List$1
ciMethodData com/sun/tools/javac/code/Types$Subst subst (Lcom/sun/tools/javac/code/Type;)Lcom/sun/tools/javac/code/Type; 2 141085 orig 264 8 131 234 110 0 0 0 0 72 139 199 73 0 0 0 0 208 1 0 0 0 0 0 0 0 0 0 0 0 0 0 0 0 0 0 0 0 0 0 0 0 0 0 0 0 0 0 0 0 0 0 0 0 0 0 0 0 0 0 0 0 0 0 0 0 0 0 0 0 0 0 0 0 0 0 0 0 0 0 0 77 68 79 32 101 120 116 114 97 32 100 97 116 97 32 108 111 99 107 0 0 0 0 0 0 0 0 0 0 0 0 0 0 0 0 0 0 0 0 0 0 0 0 0 0 0 0 0 0 0 0 0 0 0 0 0 0 0 0 0 0 0 0 0 0 0 0 0 0 0 0 0 0 0 0 0 0 0 0 0 0 0 0 0 0 0 0 0 0 0 0 0 0 0 0 0 0 0 0 0 0 0 0 0 17 0 0 0 0 0 0 0 0 0 0 0 0 0 0 0 0 0 0 0 0 0 0 0 2 0 0 0 0 0 0 0 35 0 0 0 209 55 17 0 1 0 0 0 0 0 0 0 0 0 0 0 2 0 0 0 0 0 5 0 2 0 0 0 128 0 0 0 255 255 255 255 7 0 7 0 0 0 0 0 data 16 0x70007 0x133c8 0x20 0xf332 0xe0005 0xe7 0x4c1f2fa0 0x132e1 0x0 0x0 0x110004 0x0 0x47fb5c20 0x37c1 0x5195e0b0 0x89af oops 3 6 com/sun/tools/javac/code/Types$Subst 12 com/sun/tools/javac/code/Type$1 14 com/sun/tools/javac/code/Type$ClassType
ciMethodData com/sun/tools/javac/code/Types glb (Lcom/sun/tools/javac/code/Type;Lcom/sun/tools/javac/code/Type;)Lcom/sun/tools/javac/code/Type; 1 391 orig 264 8 131 234 110 0 0 0 0 96 227 132 71 0 0 0 0 88 3 0 0 64 1 0 0 0 0 0 0 0 0 0 0 0 0 0 0 0 0 0 0 0 0 0 0 0 0 0 0 0 0 0 0 0 0 0 0 0 0 0 0 0 0 0 0 0 0 0 0 0 0 0 0 0 0 0 0 0 0 0 0 77 68 79 32 101 120 116 114 97 32 100 97 116 97 32 108 111 99 107 0 0 0 0 0 0 0 0 0 0 0 0 0 0 0 0 0 0 0 0 0 0 0 0 0 0 0 0 0 0 0 0 0 0 0 0 0 0 0 0 0 0 0 0 0 0 0 0 0 0 0 0 0 0 0 0 0 0 0 0 0 0 0 0 0 0 0 0 0 0 0 0 0 0 0 0 0 0 0 0 0 0 0 0 0 17 0 0 0 0 0 0 0 0 0 0 0 0 0 0 0 0 0 0 0 0 0 0 0 6 0 0 0 0 0 0 0 0 0 0 0 57 12 0 0 1 0 0 0 0 0 0 0 0 0 0 0 2 0 0 0 0 0 14 0 2 0 0 0 0 2 0 0 255 255 255 255 7 0 1 0 0 0 0 0 data 64 0x10007 0x187 0x20 0x0 0x70005 0x9 0x5195e160 0x9c 0x5195e0b0 0xe2 0xa0007 0x0 0x70 0x187 0xe0005 0x6 0x5195e0b0 0x16e 0x5195e160 0x13 0x110007 0x187 0x20 0x0 0x1f0005 0x102 0x51960aa0 0x85 0x0 0x0 0x220007 0x1f 0x20 0x168 0x2a0005 0x14 0x51960aa0 0xb 0x0 0x0 0x2d0007 0x0 0x20 0x1f 0x350005 0x0 0x0 0x0 0x0 0x0 0x3a0005 0x0 0x0 0x0 0x0 0x0 0x3d0005 0x0 0x0 0x0 0x0 0x0 0x440002 0x0 oops 6 6 com/sun/tools/javac/code/Type$TypeVar 8 com/sun/tools/javac/code/Type$ClassType 16 com/sun/tools/javac/code/Type$ClassType 18 com/sun/tools/javac/code/Type$TypeVar 26 com/sun/tools/javac/code/Types 36 com/sun/tools/javac/code/Types
ciMethodData com/sun/tools/javac/util/List contains (Ljava/lang/Object;)Z 2 11702 orig 264 8 131 234 110 0 0 0 0 192 199 118 71 0 0 0 0 24 2 0 0 144 0 0 0 0 0 0 0 0 0 0 0 0 0 0 0 0 0 0 0 0 0 0 0 0 0 0 0 0 0 0 0 0 0 0 0 0 0 0 0 0 0 0 0 0 0 0 0 0 0 0 0 0 0 0 0 0 0 0 0 77 68 79 32 101 120 116 114 97 32 100 97 116 97 32 108 111 99 107 0 0 0 0 0 0 0 0 0 0 0 0 0 0 0 0 0 0 0 0 0 0 0 0 0 0 0 0 0 0 0 0 0 0 0 0 0 0 0 0 0 0 0 0 0 1 0 0 0 0 0 0 0 0 0 0 0 0 0 0 0 0 0 0 0 0 0 0 2 0 0 0 0 0 0 0 0 0 0 0 1 0 0 0 0 17 0 0 0 0 0 0 0 0 0 0 0 0 0 0 0 1 0 0 0 0 0 0 0 0 0 0 0 0 0 0 0 3 1 0 0 153 101 1 0 201 192 0 0 77 20 0 0 23 8 0 0 2 0 0 0 1 0 13 0 2 0 0 0 200 0 0 0 255 255 255 255 7 0 6 0 0 0 0 0 data 25 0x60007 0x225e 0xc8 0x226e 0xa0007 0x226e 0x40 0x0 0x110007 0x0 0x70 0x0 0x1b7005 0x991 0x5195e160 0x1062 0x41d39480 0x87d 0x1ee007 0x1819 0x20 0xa58 0x280003 0x1819 0xffffffffffffff50 oops 2 14 com/sun/tools/javac/code/Type$TypeVar 16 com/sun/tools/javac/code/Symbol$ClassSymbol
ciMethodData com/sun/tools/javac/util/List diff (Lcom/sun/tools/javac/util/List;)Lcom/sun/tools/javac/util/List; 2 6961 orig 264 8 131 234 110 0 0 0 0 152 178 118 71 0 0 0 0 216 2 0 0 16 0 0 0 0 0 0 0 0 0 0 0 0 0 0 0 0 0 0 0 0 0 0 0 0 0 0 0 0 0 0 0 0 0 0 0 0 0 0 0 0 0 0 0 0 0 0 0 0 0 0 0 0 0 0 0 0 0 0 0 77 68 79 32 101 120 116 114 97 32 100 97 116 97 32 108 111 99 107 0 0 0 0 0 0 0 0 0 0 0 0 0 0 0 0 0 0 0 0 0 0 0 0 0 0 0 0 0 0 0 0 0 0 0 0 0 0 0 0 0 0 0 0 0 0 0 0 0 0 0 0 0 0 0 0 0 0 0 0 0 0 0 0 0 0 0 0 0 0 0 0 0 0 0 0 0 0 0 0 0 0 0 0 0 0 0 0 0 0 0 0 0 0 0 0 0 0 0 0 0 0 0 0 0 0 0 0 0 0 0 0 0 0 0 0 0 0 0 0 0 113 177 0 0 137 217 0 0 0 0 0 0 0 0 0 0 2 0 0 0 1 0 12 0 2 0 0 0 136 1 0 0 255 255 255 255 2 0 4 0 0 0 0 0 data 49 0x40002 0x162e 0x90005 0x0 0x5195df50 0x162e 0x0 0x0 0xe0005 0x0 0x5195e000 0x3160 0x0 0x0 0x130007 0x162e 0xe8 0x1b32 0x170005 0x0 0x5195e000 0x1b32 0x0 0x0 0x210005 0x0 0x5195df50 0x192c 0x5195e2c0 0x206 0x240007 0x12aa 0x50 0x888 0x2a0005 0x0 0x48abdd10 0x888 0x0 0x0 0x2e0003 0x1b32 0xffffffffffffff00 0x320005 0x0 0x48abdd10 0x162e 0x0 0x0 oops 7 4 com/sun/tools/javac/util/List 10 com/sun/tools/javac/util/List$3 20 com/sun/tools/javac/util/List$3 26 com/sun/tools/javac/util/List 28 com/sun/tools/javac/util/List$1 36 com/sun/tools/javac/util/ListBuffer 45 com/sun/tools/javac/util/ListBuffer
ciMethodData com/sun/tools/javac/util/List$1 isEmpty ()Z 2 178 orig 264 8 131 234 110 0 0 0 0 8 215 118 71 0 0 0 0 32 1 0 0 0 0 0 0 0 0 0 0 0 0 0 0 0 0 0 0 0 0 0 0 0 0 0 0 0 0 0 0 0 0 0 0 0 0 0 0 0 0 0 0 0 0 0 0 0 0 0 0 0 0 0 0 0 0 0 0 0 0 0 0 77 68 79 32 101 120 116 114 97 32 100 97 116 97 32 108 111 99 107 0 0 0 0 0 0 0 0 0 0 0 0 0 0 0 0 0 0 0 0 0 0 0 0 0 0 0 0 0 0 0 0 0 0 0 0 0 0 0 0 0 0 0 0 0 0 0 0 0 0 0 0 0 0 0 0 0 0 0 0 0 0 0 0 0 0 0 0 0 0 0 0 0 0 0 0 0 0 0 0 0 0 0 0 0 0 0 0 0 0 0 0 0 0 0 0 0 0 0 0 0 0 0 0 0 0 0 0 0 0 0 0 0 0 0 0 0 156 0 0 0 177 0 0 0 1 0 0 0 0 0 0 0 0 0 0 0 2 0 0 0 0 0 0 0 0 0 0 0 0 0 0 0 255 255 255 255 0 0 0 0 0 0 0 0 data 0 oops 0
ciMethod java/util/EnumMap$EntryIterator <init> (Ljava/util/EnumMap;)V 2049 1 2652 0 0
ciMethod java/util/EnumMap$EntryIterator next ()Ljava/lang/Object; 2065 1 5394 0 416
ciMethod java/util/EnumMap$EntryIterator <init> (Ljava/util/EnumMap;Ljava/util/EnumMap$1;)V 2049 1 2650 0 0
ciMethod java/util/EnumMap$EnumMapIterator <init> (Ljava/util/EnumMap;)V 2049 1 2653 0 0
ciMethod java/util/EnumMap$EnumMapIterator <init> (Ljava/util/EnumMap;Ljava/util/EnumMap$1;)V 2049 1 2653 0 0
ciMethod java/util/EnumMap$EntryIterator$Entry <init> (Ljava/util/EnumMap$EntryIterator;I)V 2065 1 5394 0 0
ciMethod java/util/EnumMap$EntryIterator$Entry getKey ()Ljava/lang/Enum; 2161 1 5394 0 0
ciMethod java/util/EnumMap$EntryIterator$Entry getValue ()Ljava/lang/Object; 2281 1 5418 0 192
ciMethod java/util/EnumMap$EntryIterator$Entry checkIndexForEntryUse ()V 2113 1 10812 0 0
ciMethod java/util/EnumMap$EntryIterator$Entry getKey ()Ljava/lang/Object; 2137 1 5394 0 160
ciMethod java/util/EnumMap$EntryIterator$Entry <init> (Ljava/util/EnumMap$EntryIterator;ILjava/util/EnumMap$1;)V 2065 1 5394 0 0
ciMethodData java/util/EnumMap isValidKey (Ljava/lang/Object;)Z 2 6761 orig 264 8 131 234 110 0 0 0 0 160 44 248 57 0 0 0 0 40 2 0 0 160 0 0 0 0 0 0 0 0 0 0 0 0 0 0 0 0 0 0 0 0 0 0 0 0 0 0 0 0 0 0 0 0 0 0 0 0 0 0 0 0 0 0 0 0 0 0 0 0 0 0 0 0 0 0 0 0 0 0 0 77 68 79 32 101 120 116 114 97 32 100 97 116 97 32 108 111 99 107 0 0 0 0 0 0 0 0 0 0 0 0 0 0 0 0 0 0 0 0 0 0 0 0 0 0 0 0 0 0 0 0 0 0 0 0 0 0 0 0 0 0 0 0 0 0 0 0 0 0 0 0 0 0 0 0 0 0 0 0 0 0 0 0 0 0 0 0 0 0 0 0 0 0 0 0 0 0 0 0 0 0 0 0 0 0 0 0 0 0 0 0 0 0 0 0 0 0 0 0 0 0 0 0 0 0 0 0 0 0 0 0 0 0 0 0 0 24 1 0 0 137 202 0 0 1 0 0 0 0 0 0 0 0 0 0 0 2 0 0 0 0 0 11 0 2 0 0 0 216 0 0 0 255 255 255 255 7 0 1 0 0 0 0 0 data 27 0x10007 0x1951 0x20 0x0 0x70005 0x684 0x5195e420 0x8c2 0x5195dea0 0xa0b 0x100007 0xbc 0x70 0x1895 0x140005 0x0 0x3a302c50 0x1895 0x0 0x0 0x1b0007 0x0 0x38 0x1895 0x1f0003 0x1951 0x18 oops 3 6 com/sun/tools/javac/code/Type$UndetVar$InferenceBound$3 8 com/sun/tools/javac/code/Type$UndetVar$InferenceBound$1 16 java/lang/Class
ciMethodData java/util/EnumMap put (Ljava/lang/Object;Ljava/lang/Object;)Ljava/lang/Object; 2 5428 orig 264 8 131 234 110 0 0 0 0 88 57 248 57 0 0 0 0 184 1 0 0 0 0 0 0 0 0 0 0 0 0 0 0 0 0 0 0 0 0 0 0 0 0 0 0 0 0 0 0 0 0 0 0 0 0 0 0 0 0 0 0 0 0 0 0 0 0 0 0 0 0 0 0 0 0 0 0 0 0 0 0 77 68 79 32 101 120 116 114 97 32 100 97 116 97 32 108 111 99 107 0 0 0 0 0 0 0 0 0 0 0 0 0 0 0 0 0 0 0 0 0 0 0 0 0 0 0 0 0 0 0 0 0 0 0 0 0 0 0 0 0 0 0 0 0 0 0 0 0 0 0 0 0 0 0 0 0 0 0 0 0 0 0 0 0 0 0 0 0 0 0 0 0 0 0 0 0 0 0 0 0 0 0 0 0 0 0 0 0 0 0 0 0 0 0 0 0 0 0 0 0 0 0 0 0 0 0 0 0 0 0 0 0 0 0 0 0 13 1 0 0 57 161 0 0 1 0 0 0 0 0 0 0 0 0 0 0 2 0 0 0 0 0 3 0 2 0 0 0 96 0 0 0 255 255 255 255 4 0 2 0 0 0 0 0 data 12 0x20004 0x0 0x5195dea0 0x5dd 0x5195e210 0x70a 0x60005 0x0 0x51a20390 0x1427 0x0 0x0 oops 3 2 com/sun/tools/javac/code/Type$UndetVar$InferenceBound$1 4 com/sun/tools/javac/code/Type$UndetVar$InferenceBound$2 8 java/util/EnumMap
ciMethodData java/util/EnumMap put (Ljava/lang/Enum;Ljava/lang/Object;)Ljava/lang/Object; 2 5432 orig 264 8 131 234 110 0 0 0 0 72 42 248 57 0 0 0 0 8 2 0 0 128 0 0 0 0 0 0 0 0 0 0 0 0 0 0 0 0 0 0 0 0 0 0 0 0 0 0 0 0 0 0 0 0 0 0 0 0 0 0 0 0 0 0 0 0 0 0 0 0 0 0 0 0 0 0 0 0 0 0 0 77 68 79 32 101 120 116 114 97 32 100 97 116 97 32 108 111 99 107 0 0 0 0 0 0 0 0 0 0 0 0 0 0 0 0 0 0 0 0 0 0 0 0 0 0 0 0 0 0 0 0 0 0 0 0 0 0 0 0 0 0 0 0 0 0 0 0 0 0 0 0 0 0 0 0 0 0 0 0 0 0 0 0 0 0 0 0 0 0 0 0 0 0 0 0 0 0 0 0 0 0 0 0 0 0 0 0 0 0 0 0 0 0 0 0 0 0 0 0 0 0 0 0 0 0 0 0 0 0 0 0 0 0 0 0 0 13 1 0 0 89 161 0 0 1 0 0 0 0 0 0 0 0 0 0 0 2 0 0 0 0 0 14 0 2 0 0 0 176 0 0 0 255 255 255 255 2 0 2 0 0 0 0 0 data 22 0x20002 0x142b 0x60005 0x747 0x5195dea0 0x5dc 0x5195e210 0x708 0x190002 0x142b 0x1c0004 0x0 0x5195df50 0x925 0x5195e2c0 0xaf0 0x1f0007 0x5ba 0x20 0xe71 0x2f0002 0x142b oops 4 4 com/sun/tools/javac/code/Type$UndetVar$InferenceBound$1 6 com/sun/tools/javac/code/Type$UndetVar$InferenceBound$2 12 com/sun/tools/javac/util/List 14 com/sun/tools/javac/util/List$1
ciMethodData java/util/EnumMap typeCheck (Ljava/lang/Enum;)V 2 5432 orig 264 8 131 234 110 0 0 0 0 192 53 248 57 0 0 0 0 208 2 0 0 0 0 0 0 0 0 0 0 0 0 0 0 0 0 0 0 0 0 0 0 0 0 0 0 0 0 0 0 0 0 0 0 0 0 0 0 0 0 0 0 0 0 0 0 0 0 0 0 0 0 0 0 0 0 0 0 0 0 0 0 77 68 79 32 101 120 116 114 97 32 100 97 116 97 32 108 111 99 107 0 0 0 0 0 0 0 0 0 0 0 0 0 0 0 0 0 0 0 0 0 0 0 0 0 0 0 0 0 0 0 0 0 0 0 0 0 0 0 0 0 0 0 0 0 0 0 0 0 0 0 0 0 0 0 0 0 0 0 0 0 0 0 0 0 0 0 0 0 0 0 0 0 0 0 0 0 0 0 0 0 0 0 0 0 0 0 0 0 0 0 0 0 0 0 0 0 0 0 0 0 0 0 0 0 0 0 0 0 0 0 0 0 0 0 0 0 13 1 0 0 89 161 0 0 1 0 0 0 0 0 0 0 0 0 0 0 2 0 0 0 0 0 18 0 2 0 0 0 128 1 0 0 255 255 255 255 5 0 1 0 0 0 0 0 data 48 0x10005 0x5f9 0x5195e210 0x706 0x5195e420 0x72c 0xa0007 0x16 0x150 0x1415 0xe0005 0x9 0x3a302c50 0x140c 0x0 0x0 0x150007 0x1415 0x100 0x0 0x200002 0x0 0x240005 0x0 0x0 0x0 0x0 0x0 0x290005 0x0 0x0 0x0 0x0 0x0 0x300005 0x0 0x0 0x0 0x0 0x0 0x330005 0x0 0x0 0x0 0x0 0x0 0x360002 0x0 oops 3 2 com/sun/tools/javac/code/Type$UndetVar$InferenceBound$2 4 com/sun/tools/javac/code/Type$UndetVar$InferenceBound$3 12 java/lang/Class
ciMethodData java/util/EnumMap maskNull (Ljava/lang/Object;)Ljava/lang/Object; 2 5432 orig 264 8 131 234 110 0 0 0 0 168 34 248 57 0 0 0 0 96 1 0 0 0 0 0 0 0 0 0 0 0 0 0 0 0 0 0 0 0 0 0 0 0 0 0 0 0 0 0 0 0 0 0 0 0 0 0 0 0 0 0 0 0 0 0 0 0 0 0 0 0 0 0 0 0 0 0 0 0 0 0 0 77 68 79 32 101 120 116 114 97 32 100 97 116 97 32 108 111 99 107 0 0 0 0 0 0 0 0 0 0 0 0 0 0 0 0 0 0 0 0 0 0 0 0 0 0 0 0 0 0 0 0 0 0 0 0 0 0 0 0 0 0 0 0 0 0 0 0 0 0 0 0 0 0 0 0 0 0 0 0 0 0 0 0 0 0 0 0 0 0 0 0 0 0 0 0 0 0 0 0 0 0 0 0 0 0 0 0 0 0 0 0 0 0 0 0 0 0 0 0 0 0 0 0 0 0 0 0 0 0 0 0 0 0 0 0 0 16 1 0 0 65 161 0 0 1 0 0 0 0 0 0 0 0 0 0 0 2 0 0 0 0 0 6 0 2 0 0 0 56 0 0 0 255 255 255 255 7 0 1 0 0 0 0 0 data 7 0x10007 0x1428 0x38 0x0 0x70003 0x0 0x18 oops 0
ciMethodData java/util/EnumMap$EnumMapIterator hasNext ()Z 2 5474 orig 264 8 131 234 110 0 0 0 0 0 231 233 57 0 0 0 0 8 2 0 0 96 0 0 0 0 0 0 0 0 0 0 0 0 0 0 0 0 0 0 0 0 0 0 0 0 0 0 0 0 0 0 0 0 0 0 0 0 0 0 0 0 0 0 0 0 0 0 0 0 0 0 0 0 0 0 0 0 0 0 0 77 68 79 32 101 120 116 114 97 32 100 97 116 97 32 108 111 99 107 0 0 0 0 0 0 0 0 0 0 0 0 0 0 0 0 0 0 0 0 0 0 0 0 0 0 0 0 0 0 0 0 0 0 0 0 0 0 0 0 0 0 0 0 0 0 0 0 0 0 0 0 0 0 0 0 0 0 0 0 0 0 0 0 0 0 0 0 0 0 0 0 0 0 0 0 0 0 0 0 0 0 0 0 0 0 0 0 0 0 0 0 0 0 0 0 0 0 0 0 0 0 0 0 0 0 0 0 0 0 0 0 0 0 0 0 0 10 1 0 0 193 162 0 0 1 0 0 0 0 0 0 0 0 0 0 0 2 0 0 0 1 0 11 0 2 0 0 0 192 0 0 0 255 255 255 255 2 0 8 0 0 0 0 0 data 24 0x80002 0x1458 0xc0007 0x2e8 0x68 0x1170 0x130002 0x1170 0x1b0007 0x1170 0x38 0x0 0x280003 0x0 0xffffffffffffffa0 0x330002 0x1458 0x370007 0x2e8 0x38 0x1170 0x3b0003 0x1170 0x18 oops 0
ciMethodData java/util/EnumMap$EntryIterator$Entry checkIndexForEntryUse ()V 2 10812 orig 264 8 131 234 110 0 0 0 0 160 93 247 73 0 0 0 0 80 1 0 0 0 0 0 0 0 0 0 0 0 0 0 0 0 0 0 0 0 0 0 0 0 0 0 0 0 0 0 0 0 0 0 0 0 0 0 0 0 0 0 0 0 0 0 0 0 0 0 0 0 0 0 0 0 0 0 0 0 0 0 0 77 68 79 32 101 120 116 114 97 32 100 97 116 97 32 108 111 99 107 0 0 0 0 0 0 0 0 0 0 0 0 0 0 0 0 0 0 0 0 0 0 0 0 0 0 0 0 0 0 0 0 0 0 0 0 0 0 0 0 0 0 0 0 0 0 0 0 0 0 0 0 0 0 0 0 0 0 0 0 0 0 0 0 0 0 0 0 0 0 0 0 0 0 0 0 0 0 0 0 0 0 0 0 0 0 0 0 0 0 0 0 0 0 0 0 0 0 0 0 0 0 0 0 0 0 0 0 0 0 0 0 0 0 0 0 0 8 1 0 0 161 73 1 0 1 0 0 0 0 0 0 0 0 0 0 0 2 0 0 0 0 0 5 0 2 0 0 0 48 0 0 0 255 255 255 255 7 0 4 0 0 0 0 0 data 6 0x40007 0x2934 0x30 0x0 0xd0002 0x0 oops 0
ciMethodData java/util/EnumMap$EntryIterator next ()Ljava/lang/Object; 2 5394 orig 264 8 131 234 110 0 0 0 0 248 79 247 73 0 0 0 0 120 1 0 0 0 0 0 0 0 0 0 0 0 0 0 0 0 0 0 0 0 0 0 0 0 0 0 0 0 0 0 0 0 0 0 0 0 0 0 0 0 0 0 0 0 0 0 0 0 0 0 0 0 0 0 0 0 0 0 0 0 0 0 0 77 68 79 32 101 120 116 114 97 32 100 97 116 97 32 108 111 99 107 0 0 0 0 0 0 0 0 0 0 0 0 0 0 0 0 0 0 0 0 0 0 0 0 0 0 0 0 0 0 0 0 0 0 0 0 0 0 0 0 0 0 0 0 0 0 0 0 0 0 0 0 0 0 0 0 0 0 0 0 0 0 0 0 0 0 0 0 0 0 0 0 0 0 0 0 0 0 0 0 0 0 0 0 0 0 0 0 0 0 0 0 0 0 0 0 0 0 0 0 0 0 0 0 0 0 0 0 0 0 0 0 0 0 0 0 0 2 1 0 0 129 160 0 0 1 0 0 0 0 0 0 0 0 0 0 0 2 0 0 0 0 0 3 0 2 0 0 0 48 0 0 0 255 255 255 255 5 0 1 0 0 0 0 0 data 6 0x10005 0x0 0x51a204f0 0x1410 0x0 0x0 oops 1 2 java/util/EnumMap$EntryIterator
ciMethodData java/util/EnumMap$EntryIterator next ()Ljava/util/Map$Entry; 2 5394 orig 264 8 131 234 110 0 0 0 0 0 255 189 73 0 0 0 0 184 1 0 0 80 0 0 0 0 0 0 0 0 0 0 0 0 0 0 0 0 0 0 0 0 0 0 0 0 0 0 0 0 0 0 0 0 0 0 0 0 0 0 0 0 0 0 0 0 0 0 0 0 0 0 0 0 0 0 0 0 0 0 0 77 68 79 32 101 120 116 114 97 32 100 97 116 97 32 108 111 99 107 0 0 0 0 0 0 0 0 0 0 0 0 0 0 0 0 0 0 0 0 0 0 0 0 0 0 0 0 0 0 0 0 0 0 0 0 0 0 0 0 0 0 0 0 0 0 0 0 0 0 0 0 0 0 0 0 0 0 0 0 0 0 0 0 0 0 0 0 0 0 0 0 0 0 0 0 0 0 0 0 0 0 0 0 0 0 0 0 0 0 0 0 0 0 0 0 0 0 0 0 0 0 0 0 0 0 0 0 0 0 0 0 0 0 0 0 0 2 1 0 0 129 160 0 0 1 0 0 0 0 0 0 0 0 0 0 0 2 0 0 0 0 0 5 0 2 0 0 0 112 0 0 0 255 255 255 255 5 0 1 0 0 0 0 0 data 14 0x10005 0x0 0x51a204f0 0x1410 0x0 0x0 0x40007 0x1410 0x30 0x0 0xb0002 0x0 0x210002 0x1410 oops 1 2 java/util/EnumMap$EntryIterator
ciMethodData java/util/EnumMap$EntryIterator$Entry <init> (Ljava/util/EnumMap$EntryIterator;ILjava/util/EnumMap$1;)V 2 5394 orig 264 8 131 234 110 0 0 0 0 208 94 247 73 0 0 0 0 72 1 0 0 0 0 0 0 0 0 0 0 0 0 0 0 0 0 0 0 0 0 0 0 0 0 0 0 0 0 0 0 0 0 0 0 0 0 0 0 0 0 0 0 0 0 0 0 0 0 0 0 0 0 0 0 0 0 0 0 0 0 0 0 77 68 79 32 101 120 116 114 97 32 100 97 116 97 32 108 111 99 107 0 0 0 0 0 0 0 0 0 0 0 0 0 0 0 0 0 0 0 0 0 0 0 0 0 0 0 0 0 0 0 0 0 0 0 0 0 0 0 0 0 0 0 0 0 0 0 0 0 0 0 0 0 0 0 0 0 0 0 0 0 0 0 0 0 0 0 0 0 0 0 0 0 0 0 0 0 0 0 0 0 0 0 0 0 0 0 0 0 0 0 0 0 0 0 0 0 0 0 0 0 0 0 0 0 0 0 0 0 0 0 0 0 0 0 0 0 2 1 0 0 129 160 0 0 1 0 0 0 0 0 0 0 0 0 0 0 2 0 0 0 0 0 3 0 2 0 0 0 16 0 0 0 255 255 255 255 2 0 3 0 0 0 0 0 data 2 0x30002 0x1410 oops 0
ciMethodData java/util/EnumMap$EntryIterator$Entry <init> (Ljava/util/EnumMap$EntryIterator;I)V 2 5394 orig 264 8 131 234 110 0 0 0 0 48 88 247 73 0 0 0 0 64 1 0 0 0 0 0 0 0 0 0 0 0 0 0 0 0 0 0 0 0 0 0 0 0 0 0 0 0 0 0 0 0 0 0 0 0 0 0 0 0 0 0 0 0 0 0 0 0 0 0 0 0 0 0 0 0 0 0 0 0 0 0 0 77 68 79 32 101 120 116 114 97 32 100 97 116 97 32 108 111 99 107 0 0 0 0 0 0 0 0 0 0 0 0 0 0 0 0 0 0 0 0 0 0 0 0 0 0 0 0 0 0 0 0 0 0 0 0 0 0 0 0 0 0 0 0 0 0 0 0 0 0 0 0 0 0 0 0 0 0 0 0 0 0 0 0 0 0 0 0 0 0 0 0 0 0 0 0 0 0 0 0 0 0 0 0 0 0 0 0 0 0 0 0 0 0 0 0 0 0 0 0 0 0 0 0 0 0 0 0 0 0 0 0 0 0 0 0 0 2 1 0 0 129 160 0 0 1 0 0 0 0 0 0 0 0 0 0 0 2 0 0 0 0 0 3 0 2 0 0 0 16 0 0 0 255 255 255 255 2 0 6 0 0 0 0 0 data 2 0x60002 0x1410 oops 0
ciMethodData java/util/EnumMap$EntryIterator$Entry getKey ()Ljava/lang/Object; 2 5394 orig 264 8 131 234 110 0 0 0 0 56 94 247 73 0 0 0 0 120 1 0 0 0 0 0 0 0 0 0 0 0 0 0 0 0 0 0 0 0 0 0 0 0 0 0 0 0 0 0 0 0 0 0 0 0 0 0 0 0 0 0 0 0 0 0 0 0 0 0 0 0 0 0 0 0 0 0 0 0 0 0 0 77 68 79 32 101 120 116 114 97 32 100 97 116 97 32 108 111 99 107 0 0 0 0 0 0 0 0 0 0 0 0 0 0 0 0 0 0 0 0 0 0 0 0 0 0 0 0 0 0 0 0 0 0 0 0 0 0 0 0 0 0 0 0 0 0 0 0 0 0 0 0 0 0 0 0 0 0 0 0 0 0 0 0 0 0 0 0 0 0 0 0 0 0 0 0 0 0 0 0 0 0 0 0 0 0 0 0 0 0 0 0 0 0 0 0 0 0 0 0 0 0 0 0 0 0 0 0 0 0 0 0 0 0 0 0 0 11 1 0 0 57 160 0 0 1 0 0 0 0 0 0 0 0 0 0 0 2 0 0 0 0 0 7 0 2 0 0 0 48 0 0 0 255 255 255 255 5 0 1 0 0 0 0 0 data 6 0x10005 0x0 0x51a205a0 0x1407 0x0 0x0 oops 1 2 java/util/EnumMap$EntryIterator$Entry
ciMethodData java/util/EnumMap$EntryIterator$Entry getKey ()Ljava/lang/Enum; 2 5394 orig 264 8 131 234 110 0 0 0 0 216 88 247 73 0 0 0 0 104 1 0 0 0 0 0 0 0 0 0 0 0 0 0 0 0 0 0 0 0 0 0 0 0 0 0 0 0 0 0 0 0 0 0 0 0 0 0 0 0 0 0 0 0 0 0 0 0 0 0 0 0 0 0 0 0 0 0 0 0 0 0 0 77 68 79 32 101 120 116 114 97 32 100 97 116 97 32 108 111 99 107 0 0 0 0 0 0 0 0 0 0 0 0 0 0 0 0 0 0 0 0 0 0 0 0 0 0 0 0 0 0 0 0 0 0 0 0 0 0 0 0 0 0 0 0 0 0 0 0 0 0 0 0 0 0 0 0 0 0 0 0 0 0 0 0 0 0 0 0 0 0 0 0 0 0 0 0 0 0 0 0 0 0 0 0 0 0 0 0 0 0 0 0 0 0 0 0 0 0 0 0 0 0 0 0 0 0 0 0 0 0 0 0 0 0 0 0 0 14 1 0 0 33 160 0 0 1 0 0 0 0 0 0 0 0 0 0 0 2 0 0 0 0 0 6 0 2 0 0 0 32 0 0 0 255 255 255 255 2 0 1 0 0 0 0 0 data 4 0x10002 0x1404 0xb0002 0x1404 oops 0
ciMethodData java/util/EnumMap$EntryIterator$Entry getValue ()Ljava/lang/Object; 2 5418 orig 264 8 131 234 110 0 0 0 0 136 89 247 73 0 0 0 0 120 1 0 0 0 0 0 0 0 0 0 0 0 0 0 0 0 0 0 0 0 0 0 0 0 0 0 0 0 0 0 0 0 0 0 0 0 0 0 0 0 0 0 0 0 0 0 0 0 0 0 0 0 0 0 0 0 0 0 0 0 0 0 0 77 68 79 32 101 120 116 114 97 32 100 97 116 97 32 108 111 99 107 0 0 0 0 0 0 0 0 0 0 0 0 0 0 0 0 0 0 0 0 0 0 0 0 0 0 0 0 0 0 0 0 0 0 0 0 0 0 0 0 0 0 0 0 0 0 0 0 0 0 0 0 0 0 0 0 0 0 0 0 0 0 0 0 0 0 0 0 0 0 0 0 0 0 0 0 0 0 0 0 0 0 0 0 0 0 0 0 0 0 0 0 0 0 0 0 0 0 0 0 0 0 0 0 0 0 0 0 0 0 0 0 0 0 0 0 0 29 1 0 0 105 160 0 0 1 0 0 0 0 0 0 0 0 0 0 0 2 0 0 0 0 0 11 0 2 0 0 0 48 0 0 0 255 255 255 255 2 0 1 0 0 0 0 0 data 6 0x10002 0x140d 0x120002 0x140d 0x1a0002 0x140d oops 0
ciMethodData java/util/EnumMap access$1200 (Ljava/util/EnumMap;Ljava/lang/Object;)Ljava/lang/Object; 2 5418 orig 264 8 131 234 110 0 0 0 0 136 62 248 57 0 0 0 0 56 1 0 0 0 0 0 0 0 0 0 0 0 0 0 0 0 0 0 0 0 0 0 0 0 0 0 0 0 0 0 0 0 0 0 0 0 0 0 0 0 0 0 0 0 0 0 0 0 0 0 0 0 0 0 0 0 0 0 0 0 0 0 0 77 68 79 32 101 120 116 114 97 32 100 97 116 97 32 108 111 99 107 0 0 0 0 0 0 0 0 0 0 0 0 0 0 0 0 0 0 0 0 0 0 0 0 0 0 0 0 0 0 0 0 0 0 0 0 0 0 0 0 0 0 0 0 0 0 0 0 0 0 0 0 0 0 0 0 0 0 0 0 0 0 0 0 0 0 0 0 0 0 0 0 0 0 0 0 0 0 0 0 0 0 0 0 0 0 0 0 0 0 0 0 0 0 0 0 0 0 0 0 0 0 0 0 0 0 0 0 0 0 0 0 0 0 0 0 0 38 1 0 0 33 160 0 0 1 0 0 0 0 0 0 0 0 0 0 0 2 0 0 0 0 0 0 0 0 0 0 0 16 0 0 0 255 255 255 255 2 0 2 0 0 0 0 0 data 2 0x20002 0x1404 oops 0
ciMethodData java/util/EnumMap entrySet ()Ljava/util/Set; 2 2648 orig 264 8 131 234 110 0 0 0 0 128 48 248 57 0 0 0 0 80 1 0 0 0 0 0 0 0 0 0 0 0 0 0 0 0 0 0 0 0 0 0 0 0 0 0 0 0 0 0 0 0 0 0 0 0 0 0 0 0 0 0 0 0 0 0 0 0 0 0 0 0 0 0 0 0 0 0 0 0 0 0 0 77 68 79 32 101 120 116 114 97 32 100 97 116 97 32 108 111 99 107 0 0 0 0 0 0 0 0 0 0 0 0 0 0 0 0 0 0 0 0 0 0 0 0 0 0 0 0 0 0 0 0 0 0 0 0 0 0 0 0 0 0 0 0 0 0 0 0 0 0 0 0 0 0 0 0 0 0 0 0 0 0 0 0 0 0 0 0 0 0 0 0 0 0 0 0 0 0 0 0 0 0 0 0 0 0 0 0 0 0 0 0 0 0 0 0 0 0 0 0 0 0 0 0 0 0 0 0 0 0 0 0 0 0 0 0 0 0 1 0 0 193 74 0 0 1 0 0 0 0 0 0 0 0 0 0 0 2 0 0 0 0 0 5 0 2 0 0 0 48 0 0 0 255 255 255 255 7 0 6 0 0 0 0 0 data 6 0x60007 0x69a 0x20 0x2be 0x120002 0x69a oops 0
ciMethodData java/util/EnumMap$EntrySet iterator ()Ljava/util/Iterator; 2 2650 orig 264 8 131 234 110 0 0 0 0 248 74 249 68 0 0 0 0 48 1 0 0 0 0 0 0 0 0 0 0 0 0 0 0 0 0 0 0 0 0 0 0 0 0 0 0 0 0 0 0 0 0 0 0 0 0 0 0 0 0 0 0 0 0 0 0 0 0 0 0 0 0 0 0 0 0 0 0 0 0 0 0 77 68 79 32 101 120 116 114 97 32 100 97 116 97 32 108 111 99 107 0 0 0 0 0 0 0 0 0 0 0 0 0 0 0 0 0 0 0 0 0 0 0 0 0 0 0 0 0 0 0 0 0 0 0 0 0 0 0 0 0 0 0 0 0 0 0 0 0 0 0 0 0 0 0 0 0 0 0 0 0 0 0 0 0 0 0 0 0 0 0 0 0 0 0 0 0 0 0 0 0 0 0 0 0 0 0 0 0 0 0 0 0 0 0 0 0 0 0 0 0 0 0 0 0 0 0 0 0 0 0 0 0 0 0 0 0 0 1 0 0 209 74 0 0 1 0 0 0 0 0 0 0 0 0 0 0 2 0 0 0 0 0 3 0 2 0 0 0 16 0 0 0 255 255 255 255 2 0 9 0 0 0 0 0 data 2 0x90002 0x95a oops 0
ciMethodData java/util/EnumMap$EntrySet <init> (Ljava/util/EnumMap;Ljava/util/EnumMap$1;)V 2 1878 orig 264 8 131 234 110 0 0 0 0 144 107 88 71 0 0 0 0 64 1 0 0 0 0 0 0 0 0 0 0 0 0 0 0 0 0 0 0 0 0 0 0 0 0 0 0 0 0 0 0 0 0 0 0 0 0 0 0 0 0 0 0 0 0 0 0 0 0 0 0 0 0 0 0 0 0 0 0 0 0 0 0 77 68 79 32 101 120 116 114 97 32 100 97 116 97 32 108 111 99 107 0 0 0 0 0 0 0 0 0 0 0 0 0 0 0 0 0 0 0 0 0 0 0 0 0 0 0 0 0 0 0 0 0 0 0 0 0 0 0 0 0 0 0 0 0 0 0 0 0 0 0 0 0 0 0 0 0 0 0 0 0 0 0 0 0 0 0 0 0 0 0 0 0 0 0 0 0 0 0 0 0 0 0 0 0 0 0 0 0 0 0 0 0 0 0 0 0 0 0 0 0 0 0 0 0 0 0 0 0 0 0 0 0 0 0 0 0 188 0 0 0 209 52 0 0 1 0 0 0 0 0 0 0 0 0 0 0 2 0 0 0 0 0 0 0 0 0 0 0 16 0 0 0 255 255 255 255 2 0 2 0 0 0 0 0 data 2 0x20002 0x69a oops 0
ciMethodData java/util/EnumMap$EntryIterator <init> (Ljava/util/EnumMap;Ljava/util/EnumMap$1;)V 2 2652 orig 264 8 131 234 110 0 0 0 0 144 80 247 73 0 0 0 0 64 1 0 0 0 0 0 0 0 0 0 0 0 0 0 0 0 0 0 0 0 0 0 0 0 0 0 0 0 0 0 0 0 0 0 0 0 0 0 0 0 0 0 0 0 0 0 0 0 0 0 0 0 0 0 0 0 0 0 0 0 0 0 0 77 68 79 32 101 120 116 114 97 32 100 97 116 97 32 108 111 99 107 0 0 0 0 0 0 0 0 0 0 0 0 0 0 0 0 0 0 0 0 0 0 0 0 0 0 0 0 0 0 0 0 0 0 0 0 0 0 0 0 0 0 0 0 0 0 0 0 0 0 0 0 0 0 0 0 0 0 0 0 0 0 0 0 0 0 0 0 0 0 0 0 0 0 0 0 0 0 0 0 0 0 0 0 0 0 0 0 0 0 0 0 0 0 0 0 0 0 0 0 0 0 0 0 0 0 0 0 0 0 0 0 0 0 0 0 0 0 1 0 0 225 74 0 0 1 0 0 0 0 0 0 0 0 0 0 0 2 0 0 0 0 0 3 0 2 0 0 0 16 0 0 0 255 255 255 255 2 0 2 0 0 0 0 0 data 2 0x20002 0x95c oops 0
ciMethodData java/util/EnumMap$EntrySet <init> (Ljava/util/EnumMap;)V 2 1879 orig 264 8 131 234 110 0 0 0 0 184 58 169 67 0 0 0 0 56 1 0 0 0 0 0 0 0 0 0 0 0 0 0 0 0 0 0 0 0 0 0 0 0 0 0 0 0 0 0 0 0 0 0 0 0 0 0 0 0 0 0 0 0 0 0 0 0 0 0 0 0 0 0 0 0 0 0 0 0 0 0 0 77 68 79 32 101 120 116 114 97 32 100 97 116 97 32 108 111 99 107 0 0 0 0 0 0 0 0 0 0 0 0 0 0 0 0 0 0 0 0 0 0 0 0 0 0 0 0 0 0 0 0 0 0 0 0 0 0 0 0 0 0 0 0 0 0 0 0 0 0 0 0 0 0 0 0 0 0 0 0 0 0 0 0 0 0 0 0 0 0 0 0 0 0 0 0 0 0 0 0 0 0 0 0 0 0 0 0 0 0 0 0 0 0 0 0 0 0 0 0 0 0 0 0 0 0 0 0 0 0 0 0 0 0 0 0 0 188 0 0 0 217 52 0 0 1 0 0 0 0 0 0 0 0 0 0 0 2 0 0 0 0 0 0 0 0 0 0 0 16 0 0 0 255 255 255 255 2 0 6 0 0 0 0 0 data 2 0x60002 0x69b oops 0
ciMethodData java/util/EnumMap$EntryIterator <init> (Ljava/util/EnumMap;)V 2 2653 orig 264 8 131 234 110 0 0 0 0 8 79 247 73 0 0 0 0 56 1 0 0 0 0 0 0 0 0 0 0 0 0 0 0 0 0 0 0 0 0 0 0 0 0 0 0 0 0 0 0 0 0 0 0 0 0 0 0 0 0 0 0 0 0 0 0 0 0 0 0 0 0 0 0 0 0 0 0 0 0 0 0 77 68 79 32 101 120 116 114 97 32 100 97 116 97 32 108 111 99 107 0 0 0 0 0 0 0 0 0 0 0 0 0 0 0 0 0 0 0 0 0 0 0 0 0 0 0 0 0 0 0 0 0 0 0 0 0 0 0 0 0 0 0 0 0 0 0 0 0 0 0 0 0 0 0 0 0 0 0 0 0 0 0 0 0 0 0 0 0 0 0 0 0 0 0 0 0 0 0 0 0 0 0 0 0 0 0 0 0 0 0 0 0 0 0 0 0 0 0 0 0 0 0 0 0 0 0 0 0 0 0 0 0 0 0 0 0 0 1 0 0 233 74 0 0 1 0 0 0 0 0 0 0 0 0 0 0 2 0 0 0 0 0 3 0 2 0 0 0 16 0 0 0 255 255 255 255 2 0 8 0 0 0 0 0 data 2 0x80002 0x95d oops 0
ciMethodData java/util/EnumMap$EnumMapIterator <init> (Ljava/util/EnumMap;Ljava/util/EnumMap$1;)V 2 2653 orig 264 8 131 234 110 0 0 0 0 184 83 247 73 0 0 0 0 64 1 0 0 0 0 0 0 0 0 0 0 0 0 0 0 0 0 0 0 0 0 0 0 0 0 0 0 0 0 0 0 0 0 0 0 0 0 0 0 0 0 0 0 0 0 0 0 0 0 0 0 0 0 0 0 0 0 0 0 0 0 0 0 77 68 79 32 101 120 116 114 97 32 100 97 116 97 32 108 111 99 107 0 0 0 0 0 0 0 0 0 0 0 0 0 0 0 0 0 0 0 0 0 0 0 0 0 0 0 0 0 0 0 0 0 0 0 0 0 0 0 0 0 0 0 0 0 0 0 0 0 0 0 0 0 0 0 0 0 0 0 0 0 0 0 0 0 0 0 0 0 0 0 0 0 0 0 0 0 0 0 0 0 0 0 0 0 0 0 0 0 0 0 0 0 0 0 0 0 0 0 0 0 0 0 0 0 0 0 0 0 0 0 0 0 0 0 0 0 0 1 0 0 233 74 0 0 1 0 0 0 0 0 0 0 0 0 0 0 2 0 0 0 0 0 3 0 2 0 0 0 16 0 0 0 255 255 255 255 2 0 2 0 0 0 0 0 data 2 0x20002 0x95d oops 0
ciMethodData java/util/EnumMap$EnumMapIterator <init> (Ljava/util/EnumMap;)V 2 2653 orig 264 8 131 234 110 0 0 0 0 40 82 247 73 0 0 0 0 56 1 0 0 0 0 0 0 0 0 0 0 0 0 0 0 0 0 0 0 0 0 0 0 0 0 0 0 0 0 0 0 0 0 0 0 0 0 0 0 0 0 0 0 0 0 0 0 0 0 0 0 0 0 0 0 0 0 0 0 0 0 0 0 77 68 79 32 101 120 116 114 97 32 100 97 116 97 32 108 111 99 107 0 0 0 0 0 0 0 0 0 0 0 0 0 0 0 0 0 0 0 0 0 0 0 0 0 0 0 0 0 0 0 0 0 0 0 0 0 0 0 0 0 0 0 0 0 0 0 0 0 0 0 0 0 0 0 0 0 0 0 0 0 0 0 0 0 0 0 0 0 0 0 0 0 0 0 0 0 0 0 0 0 0 0 0 0 0 0 0 0 0 0 0 0 0 0 0 0 0 0 0 0 0 0 0 0 0 0 0 0 0 0 0 0 0 0 0 0 0 1 0 0 233 74 0 0 1 0 0 0 0 0 0 0 0 0 0 0 2 0 0 0 0 0 3 0 2 0 0 0 16 0 0 0 255 255 255 255 2 0 6 0 0 0 0 0 data 2 0x60002 0x95d oops 0
ciMethodData com/sun/tools/javac/code/Types$DefaultTypeVisitor <init> ()V 2 8942 orig 264 8 131 234 110 0 0 0 0 16 23 133 71 0 0 0 0 48 1 0 0 0 0 0 0 0 0 0 0 0 0 0 0 0 0 0 0 0 0 0 0 0 0 0 0 0 0 0 0 0 0 0 0 0 0 0 0 0 0 0 0 0 0 0 0 0 0 0 0 0 0 0 0 0 0 0 0 0 0 0 0 77 68 79 32 101 120 116 114 97 32 100 97 116 97 32 108 111 99 107 0 0 0 0 0 0 0 0 0 0 0 0 0 0 0 0 0 0 0 0 0 0 0 0 0 0 0 0 0 0 0 0 0 0 0 0 0 0 0 0 0 0 0 0 0 0 0 0 0 0 0 0 0 0 0 0 0 0 0 0 0 0 0 0 0 0 0 0 0 0 0 0 0 0 0 0 0 0 0 0 0 0 0 0 0 1 0 0 0 0 0 0 0 0 0 0 0 0 0 0 0 1 0 0 0 0 0 0 0 0 0 0 0 0 0 0 0 5 1 0 0 73 15 1 0 1 0 0 0 0 0 0 0 0 0 0 0 2 0 0 0 0 0 3 0 2 0 0 0 16 0 0 0 255 255 255 255 2 0 1 0 0 0 0 0 data 2 0x10002 0x21e9 oops 0
ciMethod com/sun/tools/javac/code/Type$UndetVar$UndetVarListener varChanged (Lcom/sun/tools/javac/code/Type$UndetVar;Ljava/util/Set;)V 0 0 1 0 -1
ciMethod com/sun/tools/javac/comp/Infer$MultiUndetVarListener varChanged (Lcom/sun/tools/javac/code/Type$UndetVar;Ljava/util/Set;)V 1065 1 133 0 0
ciMethod com/sun/tools/javac/comp/Infer$BoundFilter <init> (Lcom/sun/tools/javac/comp/Infer$InferenceContext;)V 2089 1 12944 0 0
ciMethod com/sun/tools/javac/comp/Infer$BoundFilter accepts (Lcom/sun/tools/javac/code/Type;)Z 2057 1 8923 0 0
ciMethod com/sun/tools/javac/comp/Infer$BoundFilter accepts (Ljava/lang/Object;)Z 2057 1 8923 0 0
ciMethodData com/sun/tools/javac/code/Types$SimpleVisitor <init> ()V 2 8901 orig 264 8 131 234 110 0 0 0 0 168 15 133 71 0 0 0 0 48 1 0 0 0 0 0 0 0 0 0 0 0 0 0 0 0 0 0 0 0 0 0 0 0 0 0 0 0 0 0 0 0 0 0 0 0 0 0 0 0 0 0 0 0 0 0 0 0 0 0 0 0 0 0 0 0 0 0 0 0 0 0 0 77 68 79 32 101 120 116 114 97 32 100 97 116 97 32 108 111 99 107 0 0 0 0 0 0 0 0 0 0 0 0 0 0 0 0 0 0 0 0 0 0 0 0 0 0 0 0 0 0 0 0 0 0 0 0 0 0 0 0 0 0 0 0 0 0 0 0 0 0 0 0 0 0 0 0 0 0 0 0 0 0 0 0 0 0 0 0 0 0 0 0 0 0 0 0 0 0 0 0 0 0 0 0 0 1 0 0 0 0 0 0 0 0 0 0 0 0 0 0 0 1 0 0 0 0 0 0 0 0 0 0 0 0 0 0 0 1 1 0 0 33 14 1 0 1 0 0 0 0 0 0 0 0 0 0 0 2 0 0 0 0 0 3 0 2 0 0 0 16 0 0 0 255 255 255 255 2 0 1 0 0 0 0 0 data 2 0x10002 0x21c4 oops 0
ciMethod com/sun/tools/javac/code/Type$UndetVar$2 <init> (Lcom/sun/tools/javac/code/Type$UndetVar;Ljava/util/EnumSet;)V 1057 1 2598 0 0
ciMethod com/sun/tools/javac/code/Type$UndetVar$2 varChanged (Lcom/sun/tools/javac/code/Type$UndetVar;Ljava/util/Set;)V 793 1 99 0 0
ciMethod com/sun/tools/javac/comp/Infer$IncorporationBinaryOp <init> (Lcom/sun/tools/javac/comp/Infer;Lcom/sun/tools/javac/comp/Infer$IncorporationBinaryOpKind;Lcom/sun/tools/javac/code/Type;Lcom/sun/tools/javac/code/Type;)V 2065 1 6431 0 -1
ciMethod com/sun/tools/javac/comp/Infer$IncorporationBinaryOp apply (Lcom/sun/tools/javac/util/Warner;)Z 1193 1 3640 0 -1
ciMethodData com/sun/tools/javac/code/Type$UndetVar getBounds ([Lcom/sun/tools/javac/code/Type$UndetVar$InferenceBound;)Lcom/sun/tools/javac/util/List; 2 7590 orig 264 8 131 234 110 0 0 0 0 208 212 134 71 0 0 0 0 88 2 0 0 0 0 0 0 0 0 0 0 0 0 0 0 0 0 0 0 0 0 0 0 0 0 0 0 0 0 0 0 0 0 0 0 0 0 0 0 0 0 0 0 0 0 0 0 0 0 0 0 0 0 0 0 0 0 0 0 0 0 0 0 77 68 79 32 101 120 116 114 97 32 100 97 116 97 32 108 111 99 107 0 0 0 0 0 0 0 0 0 0 0 0 0 0 0 0 0 0 0 0 0 0 0 0 0 0 0 0 0 0 0 0 0 0 0 0 0 0 0 0 0 0 0 0 0 0 0 0 0 0 0 0 0 0 0 0 0 0 0 0 0 0 0 0 0 0 0 0 0 0 0 0 0 0 0 0 0 0 0 0 0 0 0 0 0 25 0 0 0 0 0 0 0 0 0 0 0 0 0 0 0 3 0 0 0 0 0 0 0 0 0 0 0 0 0 0 0 88 1 0 0 241 213 0 0 113 226 0 0 0 0 0 0 0 0 0 0 2 0 0 0 2 0 14 0 2 0 0 0 8 1 0 0 255 255 255 255 2 0 4 0 0 0 0 0 data 33 0x40002 0x1abe 0x150007 0x1abe 0xc8 0x1c4e 0x250005 0x0 0x51a20390 0x1c4e 0x0 0x0 0x2a0004 0x0 0x5195df50 0x118d 0x5195e2c0 0xac1 0x2d0005 0x0 0x48abdd10 0x1c4e 0x0 0x0 0x340003 0x1c4e 0xffffffffffffff50 0x380005 0x0 0x48abdd10 0x1abe 0x0 0x0 oops 5 8 java/util/EnumMap 14 com/sun/tools/javac/util/List 16 com/sun/tools/javac/util/List$1 20 com/sun/tools/javac/util/ListBuffer 29 com/sun/tools/javac/util/ListBuffer
ciMethodData com/sun/tools/javac/code/Types$UnaryVisitor <init> ()V 2 7089 orig 264 8 131 234 110 0 0 0 0 192 11 133 71 0 0 0 0 48 1 0 0 0 0 0 0 0 0 0 0 0 0 0 0 0 0 0 0 0 0 0 0 0 0 0 0 0 0 0 0 0 0 0 0 0 0 0 0 0 0 0 0 0 0 0 0 0 0 0 0 0 0 0 0 0 0 0 0 0 0 0 0 77 68 79 32 101 120 116 114 97 32 100 97 116 97 32 108 111 99 107 0 0 0 0 0 0 0 0 0 0 0 0 0 0 0 0 0 0 0 0 0 0 0 0 0 0 0 0 0 0 0 0 0 0 0 0 0 0 0 0 0 0 0 0 0 0 0 0 0 0 0 0 0 0 0 0 0 0 0 0 0 0 0 0 0 0 0 0 0 0 0 0 0 0 0 0 0 0 0 0 0 0 0 0 0 1 0 0 0 0 0 0 0 0 0 0 0 0 0 0 0 1 0 0 0 0 0 0 0 0 0 0 0 0 0 0 0 3 1 0 0 113 213 0 0 1 0 0 0 0 0 0 0 0 0 0 0 2 0 0 0 0 0 3 0 2 0 0 0 16 0 0 0 255 255 255 255 2 0 1 0 0 0 0 0 data 2 0x10002 0x1aae oops 0
ciMethodData com/sun/tools/javac/comp/Infer$InferenceContext asUndetVar (Lcom/sun/tools/javac/code/Type;)Lcom/sun/tools/javac/code/Type; 2 79952 orig 264 8 131 234 110 0 0 0 0 72 254 150 71 0 0 0 0 128 1 0 0 0 0 0 0 0 0 0 0 0 0 0 0 0 0 0 0 0 0 0 0 0 0 0 0 0 0 0 0 0 0 0 0 0 0 0 0 0 0 0 0 0 0 0 0 0 0 0 0 0 0 0 0 0 0 0 0 0 0 0 0 77 68 79 32 101 120 116 114 97 32 100 97 116 97 32 108 111 99 107 0 0 0 0 0 0 0 0 0 0 0 0 0 0 0 0 0 0 0 0 0 0 0 0 0 0 0 0 0 0 0 0 0 0 0 0 0 0 0 0 0 0 0 0 0 0 0 0 0 0 0 0 0 0 0 0 0 0 0 0 0 0 0 0 0 0 0 0 0 0 0 0 0 0 0 0 0 0 0 0 0 0 0 0 0 17 0 0 0 0 0 0 0 0 0 0 0 0 0 0 0 1 0 0 0 0 0 0 0 0 0 0 0 0 0 0 0 2 1 0 0 113 186 9 0 1 0 0 0 0 0 0 0 0 0 0 0 2 0 0 0 0 0 7 0 2 0 0 0 48 0 0 0 255 255 255 255 5 0 16 0 0 0 0 0 data 6 0x100005 0x0 0x51960aa0 0x1374e 0x0 0x0 oops 1 2 com/sun/tools/javac/code/Types
ciMethodData com/sun/tools/javac/comp/Infer$InferenceContext access$100 (Lcom/sun/tools/javac/comp/Infer$InferenceContext;)Lcom/sun/tools/javac/comp/Infer; 2 53517 orig 264 8 131 234 110 0 0 0 0 120 18 151 71 0 0 0 0 48 1 0 0 0 0 0 0 0 0 0 0 0 0 0 0 0 0 0 0 0 0 0 0 0 0 0 0 0 0 0 0 0 0 0 0 0 0 0 0 0 0 0 0 0 0 0 0 0 0 0 0 0 0 0 0 0 0 0 0 0 0 0 0 77 68 79 32 101 120 116 114 97 32 100 97 116 97 32 108 111 99 107 0 0 0 0 0 0 0 0 0 0 0 0 0 0 0 0 0 0 0 0 0 0 0 0 0 0 0 0 0 0 0 0 0 0 0 0 0 0 0 0 0 0 0 0 0 0 0 0 0 0 0 0 0 0 0 0 0 0 0 0 0 0 0 0 0 0 0 0 0 0 0 0 0 0 0 0 0 0 0 0 0 0 0 0 0 0 0 0 0 0 0 0 0 0 0 0 0 0 0 0 0 0 0 0 0 0 0 0 0 0 0 0 0 0 0 0 0 9 1 0 0 33 128 6 0 1 0 0 0 0 0 0 0 0 0 0 0 2 0 0 0 0 0 3 0 2 0 0 0 16 0 0 0 255 255 255 255 2 0 1 0 0 0 0 0 data 2 0x10002 0xd004 oops 0
ciMethodData com/sun/tools/javac/code/Type$UndetVar addBound (Lcom/sun/tools/javac/code/Type$UndetVar$InferenceBound;Lcom/sun/tools/javac/code/Type;Lcom/sun/tools/javac/code/Types;Z)V 2 7043 orig 264 8 131 234 110 0 0 0 0 56 216 134 71 0 0 0 0 16 4 0 0 192 0 0 0 0 0 0 0 0 0 0 0 0 0 0 0 0 0 0 0 0 0 0 0 0 0 0 0 0 0 0 0 0 0 0 0 0 0 0 0 0 0 0 0 0 0 0 0 0 0 0 0 0 0 0 0 0 0 0 0 77 68 79 32 101 120 116 114 97 32 100 97 116 97 32 108 111 99 107 0 0 0 0 0 0 0 0 0 0 0 0 0 0 0 0 0 0 0 0 0 0 0 0 0 0 0 0 0 0 0 0 0 0 0 0 0 0 0 0 0 0 0 0 0 0 0 0 0 0 0 0 0 0 0 0 0 0 0 0 0 0 0 0 0 0 0 0 0 0 0 0 0 0 0 0 0 0 0 0 0 0 0 0 0 0 0 0 0 0 0 0 0 0 0 0 0 0 0 0 0 0 0 0 0 0 0 0 0 0 0 0 0 0 0 0 0 0 1 0 0 25 212 0 0 9 3 0 0 0 0 0 0 0 0 0 0 2 0 0 0 1 0 23 0 2 0 0 0 168 2 0 0 255 255 255 255 5 0 5 0 0 0 0 0 data 85 0x50005 0x0 0x539f6440 0x1a83 0x0 0x0 0x80005 0xb5 0x5195e0b0 0x19a4 0x51a20700 0x2a 0x120005 0x0 0x51a20390 0x1a83 0x0 0x0 0x170004 0x0 0x5195df50 0xf5e 0x5195e2c0 0xb25 0x1e0005 0x0 0x5195df50 0xf5e 0x5195e2c0 0xb25 0x250005 0x0 0x5195e000 0xfbf 0x5195e370 0xb25 0x2a0007 0xb5d 0x108 0xf87 0x2f0005 0x0 0x5195e000 0xf87 0x0 0x0 0x340004 0x0 0x5195e0b0 0xf84 0x5195e160 0x3 0x3f0005 0x0 0x51960aa0 0xf87 0x0 0x0 0x420007 0xf26 0x40 0x61 0x4a0007 0x61 0x20 0x0 0x4e0003 0x61 0xfffffffffffffee0 0x5a0005 0x0 0x5195e2c0 0xb25 0x5195df50 0x38 0x5d0005 0x0 0x51a20390 0xb5d 0x0 0x0 0x650002 0xb5d 0x680002 0xb5d oops 17 2 com/sun/tools/javac/code/Type$UndetVar$1 8 com/sun/tools/javac/code/Type$ClassType 10 com/sun/tools/javac/code/Type$CapturedType 14 java/util/EnumMap 20 com/sun/tools/javac/util/List 22 com/sun/tools/javac/util/List$1 26 com/sun/tools/javac/util/List 28 com/sun/tools/javac/util/List$1 32 com/sun/tools/javac/util/List$3 34 com/sun/tools/javac/util/List$2 42 com/sun/tools/javac/util/List$3 48 com/sun/tools/javac/code/Type$ClassType 50 com/sun/tools/javac/code/Type$TypeVar 54 com/sun/tools/javac/code/Types 71 com/sun/tools/javac/util/List$1 73 com/sun/tools/javac/util/List 77 java/util/EnumMap
ciMethodData com/sun/tools/javac/code/Type$UndetVar notifyChange (Ljava/util/EnumSet;)V 2 3106 orig 264 8 131 234 110 0 0 0 0 192 219 134 71 0 0 0 0 160 1 0 0 0 0 0 0 0 0 0 0 0 0 0 0 0 0 0 0 0 0 0 0 0 0 0 0 0 0 0 0 0 0 0 0 0 0 0 0 0 0 0 0 0 0 0 0 0 0 0 0 0 0 0 0 0 0 0 0 0 0 0 0 77 68 79 32 101 120 116 114 97 32 100 97 116 97 32 108 111 99 107 0 0 0 0 0 0 0 0 0 0 0 0 0 0 0 0 0 0 0 0 0 0 0 0 0 0 0 0 0 0 0 0 0 0 0 0 0 0 0 0 0 0 0 0 0 0 0 0 0 0 0 0 0 0 0 0 0 0 0 0 0 0 0 0 0 0 0 0 0 0 0 0 0 0 0 0 0 0 0 0 0 0 0 0 0 0 0 0 0 0 0 0 0 0 0 0 0 0 0 0 0 0 0 0 0 0 0 0 0 0 0 0 0 0 0 0 0 130 0 0 0 1 93 0 0 1 0 0 0 0 0 0 0 0 0 0 0 2 0 0 0 0 0 0 0 0 0 0 0 80 0 0 0 255 255 255 255 7 0 4 0 0 0 0 0 data 10 0x40007 0xb3a 0x50 0x66 0xd0005 0x0 0x4bff2f70 0x17 0x4700fed0 0x4f oops 2 6 com/sun/tools/javac/code/Type$UndetVar$2 8 com/sun/tools/javac/comp/Infer$MultiUndetVarListener
ciMethodData com/sun/tools/javac/code/Type filter (Lcom/sun/tools/javac/util/List;Lcom/sun/tools/javac/util/Filter;)Lcom/sun/tools/javac/util/List; 2 12319 orig 264 8 131 234 110 0 0 0 0 216 255 122 71 0 0 0 0 8 3 0 0 240 0 0 0 0 0 0 0 0 0 0 0 0 0 0 0 0 0 0 0 0 0 0 0 0 0 0 0 0 0 0 0 0 0 0 0 0 0 0 0 0 0 0 0 0 0 0 0 0 0 0 0 0 0 0 0 0 0 0 0 77 68 79 32 101 120 116 114 97 32 100 97 116 97 32 108 111 99 107 0 0 0 0 0 0 0 0 0 0 0 0 0 0 0 0 0 0 0 0 0 0 0 0 0 0 0 0 0 0 0 0 0 0 0 0 0 0 0 0 0 0 0 0 0 1 0 0 0 0 0 0 0 0 0 0 0 0 0 0 0 0 0 0 0 0 0 0 0 0 0 0 0 0 0 0 0 0 0 0 0 0 0 0 0 0 0 0 0 0 0 0 0 0 0 0 0 0 0 0 0 0 0 0 0 0 0 0 0 0 0 0 0 0 0 0 0 5 1 0 0 209 120 1 0 137 16 1 0 239 25 0 0 254 16 0 0 2 0 0 0 1 0 12 0 2 0 0 0 184 1 0 0 255 255 255 255 2 0 4 0 0 0 0 0 data 55 0x40002 0x2f1a 0x90005 0x0 0x5195df50 0x20d5 0x5195e2c0 0xe45 0xe0005 0x0 0x5195e000 0x42e6 0x5195e370 0xe45 0x130007 0x2f1b 0x118 0x2210 0x170005 0x0 0x5195e000 0x2210 0x0 0x0 0x1c0004 0x0 0x5195e0b0 0x2160 0x51a20700 0xc 0x240005 0x0 0x47013160 0x2210 0x0 0x0 0x290007 0xc9 0x50 0x2148 0x2f0005 0x0 0x48abdd10 0x2148 0x0 0x0 0x330003 0x2211 0xfffffffffffffed0 0x370005 0x0 0x48abdd10 0x2f1b 0x0 0x0 oops 10 4 com/sun/tools/javac/util/List 6 com/sun/tools/javac/util/List$1 10 com/sun/tools/javac/util/List$3 12 com/sun/tools/javac/util/List$2 20 com/sun/tools/javac/util/List$3 26 com/sun/tools/javac/code/Type$ClassType 28 com/sun/tools/javac/code/Type$CapturedType 32 com/sun/tools/javac/comp/Infer$BoundFilter 42 com/sun/tools/javac/util/ListBuffer 51 com/sun/tools/javac/util/ListBuffer
ciMethodData com/sun/tools/javac/comp/Infer$BoundFilter <init> (Lcom/sun/tools/javac/comp/Infer$InferenceContext;)V 2 12983 orig 264 8 131 234 110 0 0 0 0 240 231 248 73 0 0 0 0 56 1 0 0 0 0 0 0 0 0 0 0 0 0 0 0 0 0 0 0 0 0 0 0 0 0 0 0 0 0 0 0 0 0 0 0 0 0 0 0 0 0 0 0 0 0 0 0 0 0 0 0 0 0 0 0 0 0 0 0 0 0 0 0 77 68 79 32 101 120 116 114 97 32 100 97 116 97 32 108 111 99 107 0 0 0 0 0 0 0 0 0 0 0 0 0 0 0 0 0 0 0 0 0 0 0 0 0 0 0 0 0 0 0 0 0 0 0 0 0 0 0 0 0 0 0 0 0 0 0 0 0 0 0 0 0 0 0 0 0 0 0 0 0 0 0 0 0 0 0 0 0 0 0 0 0 0 0 0 0 0 0 0 0 0 0 0 0 0 0 0 0 0 0 0 0 0 0 0 0 0 0 0 0 0 0 0 0 0 0 0 0 0 0 0 0 0 0 0 0 5 1 0 0 145 141 1 0 1 0 0 0 0 0 0 0 0 0 0 0 2 0 0 0 0 0 3 0 2 0 0 0 16 0 0 0 255 255 255 255 2 0 1 0 0 0 0 0 data 2 0x10002 0x31b2 oops 0
ciMethodData com/sun/tools/javac/comp/Infer$IncorporationStep doIncorporationOp (Lcom/sun/tools/javac/comp/Infer$IncorporationBinaryOpKind;Lcom/sun/tools/javac/code/Type;Lcom/sun/tools/javac/code/Type;Lcom/sun/tools/javac/util/Warner;Lcom/sun/tools/javac/comp/Infer;)Z 2 6743 orig 264 8 131 234 110 0 0 0 0 184 80 150 71 0 0 0 0 208 2 0 0 192 0 0 0 0 0 0 0 0 0 0 0 0 0 0 0 0 0 0 0 0 0 0 0 0 0 0 0 0 0 0 0 0 0 0 0 0 0 0 0 0 0 0 0 0 0 0 0 0 0 0 0 0 0 0 0 0 0 0 0 77 68 79 32 101 120 116 114 97 32 100 97 116 97 32 108 111 99 107 0 0 0 0 0 0 0 0 0 0 0 0 0 0 0 0 0 0 0 0 0 0 0 0 0 0 0 0 0 0 0 0 0 0 0 0 0 0 0 0 0 0 0 0 0 1 0 0 0 0 0 0 0 0 0 0 0 0 0 0 0 0 0 0 0 0 0 0 0 0 0 0 0 0 0 0 0 0 0 0 0 0 0 0 0 0 0 0 0 0 0 0 0 0 0 0 0 0 0 0 0 0 0 0 0 0 0 0 0 0 0 0 0 0 0 0 0 2 1 0 0 169 202 0 0 1 0 0 0 0 0 0 0 0 0 0 0 2 0 0 0 0 0 10 0 2 0 0 0 96 1 0 0 255 255 255 255 5 0 7 0 0 0 0 0 data 44 0x70005 0x2fa 0x5195ddf0 0x165b 0x0 0x0 0xe0002 0x1955 0x1a0005 0x0 0x41ce4690 0x1955 0x0 0x0 0x1f0104 0x0 0x3d20f7a0 0xba9 0x0 0x0 0x260007 0xba9 0x90 0xdac 0x340005 0x0 0x41ce4740 0xdac 0x0 0x0 0x370002 0xdb0 0x3d0005 0x0 0x41ce4690 0xdb0 0x0 0x0 0x450005 0x2fe 0x3d20f7a0 0x165b 0x0 0x0 oops 6 2 com/sun/tools/javac/comp/Infer 10 java/util/HashMap 16 java/lang/Boolean 26 com/sun/tools/javac/comp/Infer$IncorporationBinaryOp 34 java/util/HashMap 40 java/lang/Boolean
ciMethodData com/sun/tools/javac/comp/Infer$IncorporationBinaryOp <init> (Lcom/sun/tools/javac/comp/Infer;Lcom/sun/tools/javac/comp/Infer$IncorporationBinaryOpKind;Lcom/sun/tools/javac/code/Type;Lcom/sun/tools/javac/code/Type;)V 2 6431 orig 264 8 131 234 110 0 0 0 0 56 198 249 73 0 0 0 0 80 1 0 0 0 0 0 0 0 0 0 0 0 0 0 0 0 0 0 0 0 0 0 0 0 0 0 0 0 0 0 0 0 0 0 0 0 0 0 0 0 0 0 0 0 0 0 0 0 0 0 0 0 0 0 0 0 0 0 0 0 0 0 0 77 68 79 32 101 120 116 114 97 32 100 97 116 97 32 108 111 99 107 0 0 0 0 0 0 0 0 0 0 0 0 0 0 0 0 0 0 0 0 0 0 0 0 0 0 0 0 0 0 0 0 0 0 0 0 0 0 0 0 0 0 0 0 0 0 0 0 0 0 0 0 0 0 0 0 0 0 0 0 0 0 0 0 0 0 0 0 0 0 0 0 0 0 0 0 0 0 0 0 0 0 0 0 0 1 0 0 0 0 0 0 0 0 0 0 0 0 0 0 0 1 0 0 0 0 0 0 0 0 0 0 0 0 0 0 0 2 1 0 0 233 192 0 0 1 0 0 0 0 0 0 0 0 0 0 0 2 0 0 0 0 0 3 0 2 0 0 0 16 0 0 0 255 255 255 255 2 0 6 0 0 0 0 0 data 2 0x60002 0x181d oops 0
ciMethodData com/sun/tools/javac/comp/Infer$IncorporationStep isSubtype (Lcom/sun/tools/javac/code/Type;Lcom/sun/tools/javac/code/Type;Lcom/sun/tools/javac/util/Warner;Lcom/sun/tools/javac/comp/Infer;)Z 2 8546 orig 264 8 131 234 110 0 0 0 0 176 77 150 71 0 0 0 0 152 1 0 0 0 0 0 0 0 0 0 0 0 0 0 0 0 0 0 0 0 0 0 0 0 0 0 0 0 0 0 0 0 0 0 0 0 0 0 0 0 0 0 0 0 0 0 0 0 0 0 0 0 0 0 0 0 0 0 0 0 0 0 0 77 68 79 32 101 120 116 114 97 32 100 97 116 97 32 108 111 99 107 0 0 0 0 0 0 0 0 0 0 0 0 0 0 0 0 0 0 0 0 0 0 0 0 0 0 0 0 0 0 0 0 0 0 0 0 0 0 0 0 0 0 0 0 0 0 0 0 0 0 0 0 0 0 0 0 0 0 0 0 0 0 0 0 0 0 0 0 0 0 0 0 0 0 0 0 0 0 0 0 0 0 0 0 0 0 0 0 0 0 0 0 0 0 0 0 0 0 0 0 0 0 0 0 0 0 0 0 0 0 0 0 0 0 0 0 0 1 1 0 0 9 3 1 0 1 0 0 0 0 0 0 0 0 0 0 0 2 0 0 0 0 0 3 0 2 0 0 0 48 0 0 0 255 255 255 255 5 0 9 0 0 0 0 0 data 6 0x90005 0xde9 0x539f8040 0x64d 0x5195cfe0 0xc2b oops 2 2 com/sun/tools/javac/comp/Infer$IncorporationStep$5 4 com/sun/tools/javac/comp/Infer$IncorporationStep$1
ciMethodData com/sun/tools/javac/comp/Infer$IncorporationBinaryOp apply (Lcom/sun/tools/javac/util/Warner;)Z 2 3640 orig 264 8 131 234 110 0 0 0 0 160 200 249 73 0 0 0 0 128 1 0 0 0 0 0 0 0 0 0 0 0 0 0 0 0 0 0 0 0 0 0 0 0 0 0 0 0 0 0 0 0 0 0 0 0 0 0 0 0 0 0 0 0 0 0 0 0 0 0 0 0 0 0 0 0 0 0 0 0 0 0 0 77 68 79 32 101 120 116 114 97 32 100 97 116 97 32 108 111 99 107 0 0 0 0 0 0 0 0 0 0 0 0 0 0 0 0 0 0 0 0 0 0 0 0 0 0 0 0 0 0 0 0 0 0 0 0 0 0 0 0 0 0 0 0 0 0 0 0 0 0 0 0 0 0 0 0 0 0 0 0 0 0 0 0 0 0 0 0 4 0 0 0 0 0 0 0 0 0 0 0 0 0 0 0 0 17 0 0 0 0 0 0 0 0 0 0 0 0 0 0 0 1 0 0 0 0 0 0 0 0 0 0 0 0 0 0 0 149 0 0 0 25 109 0 0 1 0 0 0 0 0 0 0 0 0 0 0 2 0 0 0 0 0 3 0 2 0 0 0 48 0 0 0 255 255 255 255 5 240 20 0 0 0 0 0 data 6 0x14f005 0x83 0x539f0eb0 0xb27 0x539f2cf0 0x1fd oops 2 2 com/sun/tools/javac/comp/Infer$IncorporationBinaryOpKind$1 4 com/sun/tools/javac/comp/Infer$IncorporationBinaryOpKind$2
ciMethodData com/sun/tools/javac/comp/Infer$BoundFilter accepts (Ljava/lang/Object;)Z 2 8923 orig 264 8 131 234 110 0 0 0 0 88 233 248 73 0 0 0 0 176 1 0 0 0 0 0 0 0 0 0 0 0 0 0 0 0 0 0 0 0 0 0 0 0 0 0 0 0 0 0 0 0 0 0 0 0 0 0 0 0 0 0 0 0 0 0 0 0 0 0 0 0 0 0 0 0 0 0 0 0 0 0 0 77 68 79 32 101 120 116 114 97 32 100 97 116 97 32 108 111 99 107 0 0 0 0 0 0 0 0 0 0 0 0 0 0 0 0 0 0 0 0 0 0 0 0 0 0 0 0 0 0 0 0 0 0 0 0 0 0 0 0 0 0 0 0 0 0 0 0 0 0 0 0 0 0 0 0 0 0 0 0 0 0 0 0 0 0 0 0 0 0 0 0 0 0 0 0 0 0 0 0 0 0 0 0 0 0 0 0 0 0 0 0 0 0 0 0 0 0 0 0 0 0 0 0 0 0 0 0 0 0 0 0 0 0 0 0 0 1 1 0 0 209 14 1 0 1 0 0 0 176 16 0 0 0 0 0 0 2 0 0 0 0 0 16 0 2 0 0 0 96 0 0 0 255 255 255 255 4 0 2 0 0 0 0 0 data 12 0x20004 0x0 0x5195e0b0 0x212c 0x51a20700 0xa 0x50005 0x0 0x47013160 0x21da 0x0 0x0 oops 3 2 com/sun/tools/javac/code/Type$ClassType 4 com/sun/tools/javac/code/Type$CapturedType 8 com/sun/tools/javac/comp/Infer$BoundFilter
ciMethodData com/sun/tools/javac/comp/Infer$BoundFilter accepts (Lcom/sun/tools/javac/code/Type;)Z 2 8923 orig 264 8 131 234 110 0 0 0 0 168 232 248 73 0 0 0 0 88 2 0 0 128 0 0 0 0 0 0 0 0 0 0 0 0 0 0 0 0 0 0 0 0 0 0 0 0 0 0 0 0 0 0 0 0 0 0 0 0 0 0 0 0 0 0 0 0 0 0 0 0 0 0 0 0 0 0 0 0 0 0 0 77 68 79 32 101 120 116 114 97 32 100 97 116 97 32 108 111 99 107 0 0 0 0 0 0 0 0 0 0 0 0 0 0 0 0 0 0 0 0 0 0 0 0 0 0 0 0 0 0 0 0 0 0 0 0 0 0 0 0 0 0 0 0 0 0 0 0 0 0 0 0 0 0 0 0 0 0 0 0 0 0 0 0 0 0 0 0 0 0 0 0 0 0 0 0 0 0 0 0 1 0 0 0 0 0 0 0 0 0 0 0 0 0 0 0 0 0 0 0 0 0 0 0 0 0 0 0 0 0 0 0 0 0 0 0 0 1 1 0 0 209 14 1 0 1 0 0 0 176 16 0 0 0 0 0 0 2 0 0 0 0 0 15 0 2 0 0 0 8 1 0 0 255 255 255 255 5 0 1 0 0 0 0 0 data 33 0x10005 0xa4 0x5195e0b0 0x212c 0x51a20700 0xa 0x40007 0x0 0xd8 0x21da 0xc0005 0x0 0x5195d2e0 0x21da 0x0 0x0 0xfe007 0xc9 0x88 0x2112 0x160005 0x56 0x5195e0b0 0x20b2 0x51a20700 0xa 0x190007 0x0 0x38 0x2112 0x1d0003 0x2112 0x18 oops 5 2 com/sun/tools/javac/code/Type$ClassType 4 com/sun/tools/javac/code/Type$CapturedType 12 com/sun/tools/javac/comp/Infer$InferenceContext 22 com/sun/tools/javac/code/Type$ClassType 24 com/sun/tools/javac/code/Type$CapturedType
ciMethodData com/sun/tools/javac/comp/Infer$InferenceContext instTypes ()Lcom/sun/tools/javac/util/List; 2 8628 orig 264 8 131 234 110 0 0 0 0 176 0 151 71 0 0 0 0 24 3 0 0 16 0 0 0 0 0 0 0 0 0 0 0 0 0 0 0 0 0 0 0 0 0 0 0 0 0 0 0 0 0 0 0 0 0 0 0 0 0 0 0 0 0 0 0 0 0 0 0 0 0 0 0 0 0 0 0 0 0 0 0 77 68 79 32 101 120 116 114 97 32 100 97 116 97 32 108 111 99 107 0 0 0 0 0 0 0 0 0 0 0 0 0 0 0 0 0 0 0 0 0 0 0 0 0 0 0 0 0 0 0 0 0 0 0 0 0 0 0 0 0 0 0 0 0 0 0 0 0 0 0 0 0 0 0 0 0 0 0 0 0 0 0 0 0 0 0 0 0 0 0 0 0 0 0 0 0 0 0 0 0 0 0 0 0 0 0 0 0 0 0 0 0 0 0 0 0 0 0 0 0 0 0 0 0 0 0 0 0 0 0 0 0 0 0 0 0 140 1 0 0 1 193 0 0 65 1 1 0 0 0 0 0 0 0 0 0 2 0 0 0 1 0 12 0 2 0 0 0 208 1 0 0 255 255 255 255 2 0 4 0 0 0 0 0 data 58 0x40002 0x1820 0xc0005 0x0 0x5195df50 0x1820 0x0 0x0 0x110005 0x0 0x5195e000 0x3848 0x0 0x0 0x160007 0x1820 0x130 0x2028 0x1a0005 0x0 0x5195e000 0x2028 0x0 0x0 0x1f0004 0x0 0x5195d210 0x1f7c 0x5195dd40 0xac 0x240004 0x0 0x5195d210 0x1f7c 0x5195dd40 0xac 0x2f0007 0xd10 0x38 0x1318 0x370003 0x1318 0x18 0x3f0005 0x0 0x48abdd10 0x2028 0x0 0x0 0x430003 0x2028 0xfffffffffffffeb8 0x470005 0x0 0x48abdd10 0x1820 0x0 0x0 oops 9 4 com/sun/tools/javac/util/List 10 com/sun/tools/javac/util/List$3 20 com/sun/tools/javac/util/List$3 26 com/sun/tools/javac/code/Type$UndetVar 28 com/sun/tools/javac/code/Type$CapturedUndetVar 32 com/sun/tools/javac/code/Type$UndetVar 34 com/sun/tools/javac/code/Type$CapturedUndetVar 45 com/sun/tools/javac/util/ListBuffer 54 com/sun/tools/javac/util/ListBuffer
ciMethodData com/sun/tools/javac/comp/Infer$IncorporationStep$1 apply (Lcom/sun/tools/javac/code/Type$UndetVar;Lcom/sun/tools/javac/comp/Infer$InferenceContext;Lcom/sun/tools/javac/util/Warner;)V 2 5312 orig 264 8 131 234 110 0 0 0 0 144 136 150 71 0 0 0 0 104 8 0 0 96 5 0 0 0 0 0 0 0 0 0 0 0 0 0 0 0 0 0 0 0 0 0 0 0 0 0 0 0 0 0 0 0 0 0 0 0 0 0 0 0 0 0 0 0 0 0 0 0 0 0 0 0 0 0 0 0 0 0 0 77 68 79 32 101 120 116 114 97 32 100 97 116 97 32 108 111 99 107 0 0 0 0 0 0 0 0 0 0 0 0 0 0 0 0 0 0 0 0 0 0 0 0 0 0 0 0 0 0 0 0 0 0 0 0 0 0 0 0 0 0 0 0 0 0 0 0 0 0 0 0 0 0 0 0 0 0 0 0 0 0 0 0 0 0 0 0 0 0 0 0 0 0 0 0 0 0 0 0 0 0 0 0 0 0 0 0 0 0 0 0 0 0 0 0 0 0 0 0 0 0 0 0 0 0 0 0 0 0 0 0 0 0 0 0 0 191 0 0 0 9 160 0 0 185 109 0 0 0 0 0 0 0 0 0 0 2 0 0 0 3 0 45 0 2 0 0 0 8 7 0 0 255 255 255 255 2 0 1 0 0 0 0 0 data 225 0x10002 0x1401 0x80005 0x0 0x5195d2e0 0x1401 0x0 0x0 0xc0005 0x0 0x5195d2e0 0x1401 0x0 0x0 0x140005 0x0 0x5195d210 0x13bd 0x5195dd40 0x44 0x1b0005 0x0 0x5195ddf0 0x1401 0x0 0x0 0x220007 0xbab 0x638 0x856 0x350004 0x0 0x5195dea0 0x856 0x0 0x0 0x360005 0x0 0x5195d210 0x83e 0x5195dd40 0x18 0x390005 0x0 0x5195df50 0x856 0x0 0x0 0x400005 0x0 0x5195e000 0x1127 0x0 0x0 0x450007 0x84f 0x148 0x8d8 0x4a0005 0x0 0x5195e000 0x8d8 0x0 0x0 0x4f0004 0x0 0x5195e0b0 0x8b0 0x5195e160 0x22 0x5a0005 0x39 0x5195d2e0 0x89f 0x0 0x0 0x600005 0x0 0x5195cfe0 0x8d8 0x0 0x0 0x630007 0x8d1 0x50 0x7 0x6c0005 0x0 0x5195ddf0 0x7 0x0 0x0 0x6f0003 0x8d1 0xfffffffffffffea0 0x7c0004 0x0 0x5195e210 0x84f 0x0 0x0 0x7d0005 0x0 0x5195d210 0x837 0x5195dd40 0x18 0x800005 0x0 0x5195df50 0x216 0x5195e2c0 0x639 0x870005 0x0 0x5195e000 0x430 0x5195e370 0x639 0x8c0007 0x84d 0x148 0x21c 0x910005 0x0 0x5195e000 0x21c 0x0 0x0 0x960004 0x0 0x5195e0b0 0x1f8 0x5195e160 0x1e 0x9f0005 0xe 0x5195d2e0 0x20e 0x0 0x0 0xa70005 0x0 0x5195cfe0 0x21c 0x0 0x0 0xaa0007 0x21a 0x50 0x2 0xb30005 0x0 0x5195ddf0 0x2 0x0 0x0 0xb60003 0x21a 0xfffffffffffffea0 0xc30004 0x0 0x5195e420 0x84d 0x0 0x0 0xc40005 0x0 0x5195d210 0x835 0x5195dd40 0x18 0xc70005 0x0 0x5195e2c0 0x581 0x5195df50 0x2cc 0xce0005 0x0 0x5195e370 0x581 0x5195e000 0x598 0xd30007 0x84d 0x148 0x2cc 0xd80005 0x0 0x5195e000 0x2cc 0x0 0x0 0xdd0004 0x0 0x5195e0b0 0x2b2 0x5195e160 0x9 0xe80005 0x1a 0x5195d2e0 0x2b2 0x0 0x0 0xed0005 0x0 0x5195cfe0 0x2cc 0x0 0x0 0xf00007 0x2cc 0x50 0x0 0xf90005 0x0 0x0 0x0 0x0 0x0 0xfc0003 0x2cc 0xfffffffffffffea0 oops 41 4 com/sun/tools/javac/comp/Infer$InferenceContext 10 com/sun/tools/javac/comp/Infer$InferenceContext 16 com/sun/tools/javac/code/Type$UndetVar 18 com/sun/tools/javac/code/Type$CapturedUndetVar 22 com/sun/tools/javac/comp/Infer 32 com/sun/tools/javac/code/Type$UndetVar$InferenceBound$1 38 com/sun/tools/javac/code/Type$UndetVar 40 com/sun/tools/javac/code/Type$CapturedUndetVar 44 com/sun/tools/javac/util/List 50 com/sun/tools/javac/util/List$3 60 com/sun/tools/javac/util/List$3 66 com/sun/tools/javac/code/Type$ClassType 68 com/sun/tools/javac/code/Type$TypeVar 72 com/sun/tools/javac/comp/Infer$InferenceContext 78 com/sun/tools/javac/comp/Infer$IncorporationStep$1 88 com/sun/tools/javac/comp/Infer 97 com/sun/tools/javac/code/Type$UndetVar$InferenceBound$2 103 com/sun/tools/javac/code/Type$UndetVar 105 com/sun/tools/javac/code/Type$CapturedUndetVar 109 com/sun/tools/javac/util/List 111 com/sun/tools/javac/util/List$1 115 com/sun/tools/javac/util/List$3 117 com/sun/tools/javac/util/List$2 125 com/sun/tools/javac/util/List$3 131 com/sun/tools/javac/code/Type$ClassType 133 com/sun/tools/javac/code/Type$TypeVar 137 com/sun/tools/javac/comp/Infer$InferenceContext 143 com/sun/tools/javac/comp/Infer$IncorporationStep$1 153 com/sun/tools/javac/comp/Infer 162 com/sun/tools/javac/code/Type$UndetVar$InferenceBound$3 168 com/sun/tools/javac/code/Type$UndetVar 170 com/sun/tools/javac/code/Type$CapturedUndetVar 174 com/sun/tools/javac/util/List$1 176 com/sun/tools/javac/util/List 180 com/sun/tools/javac/util/List$2 182 com/sun/tools/javac/util/List$3 190 com/sun/tools/javac/util/List$3 196 com/sun/tools/javac/code/Type$ClassType 198 com/sun/tools/javac/code/Type$TypeVar 202 com/sun/tools/javac/comp/Infer$InferenceContext 208 com/sun/tools/javac/comp/Infer$IncorporationStep$1
ciMethodData com/sun/tools/javac/code/Type$UndetVar substBounds (Lcom/sun/tools/javac/util/List;Lcom/sun/tools/javac/util/List;Lcom/sun/tools/javac/code/Types;)V 2 12287 orig 264 8 131 234 110 0 0 0 0 80 218 134 71 0 0 0 0 88 8 0 0 208 0 0 0 0 0 0 0 0 0 0 0 0 0 0 0 0 0 0 0 0 0 0 0 0 0 0 0 0 0 0 0 0 0 0 0 0 0 0 0 0 0 0 0 0 0 0 0 0 0 0 0 0 0 0 0 0 0 0 0 77 68 79 32 101 120 116 114 97 32 100 97 116 97 32 108 111 99 107 0 0 0 0 0 0 0 0 0 0 0 0 0 0 0 0 0 0 0 0 0 0 0 0 0 0 0 0 0 0 0 0 0 0 0 0 0 0 0 0 0 0 0 0 0 0 0 0 0 0 0 0 0 0 0 0 0 0 0 0 0 0 0 0 0 0 0 0 0 0 0 0 0 0 0 0 0 0 0 0 0 0 0 0 0 0 0 0 0 0 0 0 0 0 0 0 0 0 0 0 0 0 0 0 0 0 0 0 0 0 0 0 0 0 0 0 0 127 2 0 0 217 159 0 0 217 107 1 0 0 0 0 0 0 0 0 0 2 0 0 0 3 0 40 0 2 0 0 0 248 6 0 0 255 255 255 255 5 0 2 0 0 0 0 0 data 223 0x20005 0x0 0x5195df50 0x13fb 0x0 0x0 0x90005 0x0 0x5195e2c0 0xa57 0x5195df50 0x9a4 0xc0007 0x9a4 0x20 0xa57 0x120002 0x9a4 0x250002 0x9a4 0x2f0005 0x0 0x51a20390 0x9a4 0x0 0x0 0x340005 0x0 0x51a20440 0x9a4 0x0 0x0 0x3d0005 0x0 0x51a204f0 0x2690 0x0 0x0 0x420007 0x9a4 0x4f0 0x1cec 0x470005 0x0 0x51a204f0 0x1cec 0x0 0x0 0x4c0004 0x0 0x51a205a0 0x1cec 0x0 0x0 0x530005 0x0 0x51a205a0 0x1cec 0x0 0x0 0x580004 0x0 0x5195dea0 0x9a4 0x5195e210 0x9a4 0x5f0005 0x0 0x51a205a0 0x1cec 0x0 0x0 0x640004 0x0 0x5195df50 0xf58 0x5195e2c0 0xd94 0x6d0002 0x1cec 0x760002 0x1cec 0x7d0005 0x0 0x5195df50 0xf58 0x5195e2c0 0xd94 0x840005 0x0 0x5195e000 0x1f7f 0x5195e370 0xd94 0x890007 0x1cec 0x160 0x1027 0x8e0005 0x0 0x5195e000 0x1027 0x0 0x0 0x930004 0x0 0x5195e0b0 0xf5d 0x5195e160 0x7a 0x9c0005 0x50 0x5195e0b0 0xf5d 0x5195e160 0x7a 0x9f0007 0x68 0x68 0xfbf 0xa60005 0x0 0x48abdd10 0xfbf 0x0 0x0 0xaa0003 0xfbf 0x48 0xb10005 0x0 0x48abdd10 0x68 0x0 0x0 0xb50003 0x1027 0xfffffffffffffe88 0xc00005 0x0 0x48abdd10 0x1cec 0x0 0x0 0xc30005 0x0 0x51a20390 0x1cec 0x0 0x0 0xcb0005 0x0 0x48abdd10 0x1cec 0x0 0x0 0xd20005 0x0 0x51a20650 0x1d54 0x0 0x0 0xd70007 0x1cec 0xf8 0x68 0xdc0005 0x0 0x51a20650 0x68 0x0 0x0 0xe10004 0x0 0x5195e0b0 0x39 0x51a20700 0x8 0xee0005 0x0 0x51960aa0 0x68 0x0 0x0 0xf30005 0x0 0x5195d210 0x68 0x0 0x0 0xf60003 0x68 0xfffffffffffffef0 0xf90003 0x1cec 0xfffffffffffffaf8 0x1040005 0x0 0x51a207b0 0x9a4 0x0 0x0 0x1070007 0x961 0xa8 0x43 0x10d0002 0x43 0x1100003 0x43 0x78 0x11d0005 0x0 0x0 0x0 0x0 0x0 0x1200007 0x0 0x30 0x0 0x1260002 0x0 oops 35 2 com/sun/tools/javac/util/List 8 com/sun/tools/javac/util/List$1 10 com/sun/tools/javac/util/List 22 java/util/EnumMap 28 java/util/EnumMap$EntrySet 34 java/util/EnumMap$EntryIterator 44 java/util/EnumMap$EntryIterator 50 java/util/EnumMap$EntryIterator$Entry 56 java/util/EnumMap$EntryIterator$Entry 62 com/sun/tools/javac/code/Type$UndetVar$InferenceBound$1 64 com/sun/tools/javac/code/Type$UndetVar$InferenceBound$2 68 java/util/EnumMap$EntryIterator$Entry 74 com/sun/tools/javac/util/List 76 com/sun/tools/javac/util/List$1 84 com/sun/tools/javac/util/List 86 com/sun/tools/javac/util/List$1 90 com/sun/tools/javac/util/List$3 92 com/sun/tools/javac/util/List$2 100 com/sun/tools/javac/util/List$3 106 com/sun/tools/javac/code/Type$ClassType 108 com/sun/tools/javac/code/Type$TypeVar 112 com/sun/tools/javac/code/Type$ClassType 114 com/sun/tools/javac/code/Type$TypeVar 122 com/sun/tools/javac/util/ListBuffer 131 com/sun/tools/javac/util/ListBuffer 140 com/sun/tools/javac/util/ListBuffer 146 java/util/EnumMap 152 com/sun/tools/javac/util/ListBuffer 158 com/sun/tools/javac/util/ListBuffer$1 168 com/sun/tools/javac/util/ListBuffer$1 174 com/sun/tools/javac/code/Type$ClassType 176 com/sun/tools/javac/code/Type$CapturedType 180 com/sun/tools/javac/code/Types 186 com/sun/tools/javac/code/Type$UndetVar 198 java/util/RegularEnumSet
ciMethodData com/sun/tools/javac/comp/Infer checkCompatibleUpperBounds (Lcom/sun/tools/javac/code/Type$UndetVar;Lcom/sun/tools/javac/comp/Infer$InferenceContext;)V 2 5614 orig 264 8 131 234 110 0 0 0 0 184 60 150 71 0 0 0 0 168 3 0 0 0 2 0 0 0 0 0 0 0 0 0 0 0 0 0 0 0 0 0 0 0 0 0 0 0 0 0 0 0 0 0 0 0 0 0 0 0 0 0 0 0 0 0 0 0 0 0 0 0 0 0 0 0 0 0 0 0 0 0 0 77 68 79 32 101 120 116 114 97 32 100 97 116 97 32 108 111 99 107 0 0 0 0 0 0 0 0 0 0 0 0 0 0 0 0 0 0 0 0 0 0 0 0 0 0 0 0 0 0 0 0 0 0 0 0 0 0 0 0 0 0 0 0 0 0 0 0 0 0 0 0 0 0 0 0 0 0 0 0 0 0 0 0 0 0 0 0 0 0 0 0 0 0 0 0 0 0 0 0 0 0 0 0 0 0 0 0 0 0 0 0 0 0 0 0 0 0 0 0 0 0 0 0 0 0 0 0 0 0 0 0 0 0 0 0 0 0 1 0 0 113 167 0 0 1 0 0 0 0 0 0 0 0 0 0 0 2 0 0 0 0 0 13 0 2 0 0 0 80 2 0 0 255 255 255 255 4 0 10 0 0 0 0 0 data 74 0xa0004 0x0 0x5195dea0 0x14ee 0x0 0x0 0xb0005 0x0 0x5195d210 0x14aa 0x5195dd40 0x44 0x130002 0x14ee 0x160002 0x14ee 0x1e0005 0x0 0x5195df50 0x14af 0x5195e2c0 0x3f 0x210007 0x14af 0x38 0x3f 0x2d0003 0x3f 0xe0 0x340005 0x0 0x5195e2c0 0x1428 0x5195df50 0x87 0x370007 0x87 0x68 0x1428 0x3e0004 0x0 0x5195e0b0 0x1426 0x47015510 0x2 0x430003 0x1428 0x48 0x4b0005 0x0 0x51960aa0 0x87 0x0 0x0 0x520007 0x0 0x70 0x14ee 0x570005 0x6 0x5195e0b0 0x14d2 0x5195e160 0x16 0x5a0007 0x14ee 0x50 0x0 0x620005 0x0 0x0 0x0 0x0 0x0 oops 12 2 com/sun/tools/javac/code/Type$UndetVar$InferenceBound$1 8 com/sun/tools/javac/code/Type$UndetVar 10 com/sun/tools/javac/code/Type$CapturedUndetVar 18 com/sun/tools/javac/util/List 20 com/sun/tools/javac/util/List$1 31 com/sun/tools/javac/util/List$1 33 com/sun/tools/javac/util/List 41 com/sun/tools/javac/code/Type$ClassType 43 com/sun/tools/javac/jvm/ClassReader$2 50 com/sun/tools/javac/code/Types 60 com/sun/tools/javac/code/Type$ClassType 62 com/sun/tools/javac/code/Type$TypeVar
ciMethodData com/sun/tools/javac/code/Type$UndetVar$2 <init> (Lcom/sun/tools/javac/code/Type$UndetVar;Ljava/util/EnumSet;)V 2 2644 orig 264 8 131 234 110 0 0 0 0 0 164 249 73 0 0 0 0 64 1 0 0 0 0 0 0 0 0 0 0 0 0 0 0 0 0 0 0 0 0 0 0 0 0 0 0 0 0 0 0 0 0 0 0 0 0 0 0 0 0 0 0 0 0 0 0 0 0 0 0 0 0 0 0 0 0 0 0 0 0 0 0 77 68 79 32 101 120 116 114 97 32 100 97 116 97 32 108 111 99 107 0 0 0 0 0 0 0 0 0 0 0 0 0 0 0 0 0 0 0 0 0 0 0 0 0 0 0 0 0 0 0 0 0 0 0 0 0 0 0 0 0 0 0 0 0 0 0 0 0 0 0 0 0 0 0 0 0 0 0 0 0 0 0 0 0 0 0 0 0 0 0 0 0 0 0 0 0 0 0 0 0 0 0 0 0 0 0 0 0 0 0 0 0 0 0 0 0 0 0 0 0 0 0 0 0 0 0 0 0 0 0 0 0 0 0 0 0 132 0 0 0 129 78 0 0 1 0 0 0 0 0 0 0 0 0 0 0 2 0 0 0 0 0 0 0 0 0 0 0 16 0 0 0 255 255 255 255 2 0 11 0 0 0 0 0 data 2 0xb0002 0x9d0 oops 0
ciMethodData com/sun/tools/javac/code/Types glb (Lcom/sun/tools/javac/util/List;)Lcom/sun/tools/javac/code/Type; 1 209 orig 264 8 131 234 110 0 0 0 0 96 226 132 71 0 0 0 0 248 2 0 0 48 0 0 0 0 0 0 0 0 0 0 0 0 0 0 0 0 0 0 0 0 0 0 0 0 0 0 0 0 0 0 0 0 0 0 0 0 0 0 0 0 0 0 0 0 0 0 0 0 0 0 0 0 0 0 0 0 0 0 0 77 68 79 32 101 120 116 114 97 32 100 97 116 97 32 108 111 99 107 0 0 0 0 0 0 0 0 0 0 0 0 0 0 0 0 0 0 0 0 0 0 0 0 0 0 0 0 0 0 0 0 0 0 0 0 0 0 0 0 0 0 0 0 0 0 0 0 0 0 0 0 0 0 0 0 0 0 0 0 0 0 0 0 0 0 0 0 0 0 0 0 0 0 0 0 0 0 0 0 0 0 0 0 0 0 0 0 0 0 0 0 0 0 0 0 0 0 0 0 0 0 0 0 0 0 0 0 0 0 0 0 0 0 0 0 0 8 0 0 0 121 5 0 0 73 6 0 0 0 0 0 0 0 0 0 0 2 0 0 0 0 0 0 0 0 0 0 0 168 1 0 0 255 255 255 255 4 0 4 0 0 0 0 0 data 53 0x40004 0x0 0x5195e160 0x16 0x5195e0b0 0x97 0xc0005 0x0 0x5195df50 0x96 0x5195e2c0 0x19 0x110005 0x0 0x5195e000 0x15f 0x5195e370 0x19 0x160007 0xaf 0x118 0xc9 0x1a0005 0x0 0x5195e000 0xc9 0x0 0x0 0x1f0004 0x0 0x5195e0b0 0xb0 0x5195e160 0x13 0x250005 0x2 0x5195e160 0x3d 0x5195e0b0 0x8a 0x280007 0xc9 0x20 0x0 0x310005 0x0 0x51960aa0 0xc9 0x0 0x0 0x350003 0xc9 0xfffffffffffffed0 oops 12 2 com/sun/tools/javac/code/Type$TypeVar 4 com/sun/tools/javac/code/Type$ClassType 8 com/sun/tools/javac/util/List 10 com/sun/tools/javac/util/List$1 14 com/sun/tools/javac/util/List$3 16 com/sun/tools/javac/util/List$2 24 com/sun/tools/javac/util/List$3 30 com/sun/tools/javac/code/Type$ClassType 32 com/sun/tools/javac/code/Type$TypeVar 36 com/sun/tools/javac/code/Type$TypeVar 38 com/sun/tools/javac/code/Type$ClassType 46 com/sun/tools/javac/code/Types
ciMethodData com/sun/tools/javac/comp/Infer reportBoundError (Lcom/sun/tools/javac/code/Type$UndetVar;Lcom/sun/tools/javac/comp/Infer$BoundErrorKind;)V 1 9 orig 264 8 131 234 110 0 0 0 0 104 61 150 71 0 0 0 0 136 1 0 0 0 0 0 0 0 0 0 0 0 0 0 0 0 0 0 0 0 0 0 0 0 0 0 0 0 0 0 0 0 0 0 0 0 0 0 0 0 0 0 0 0 0 0 0 0 0 0 0 0 0 0 0 0 0 0 0 0 0 0 0 77 68 79 32 101 120 116 114 97 32 100 97 116 97 32 108 111 99 107 0 0 0 0 0 0 0 0 0 0 0 0 0 0 0 0 0 0 0 0 0 0 0 0 0 0 0 0 0 0 0 0 0 0 0 0 0 0 0 0 0 0 0 0 0 0 0 0 0 0 0 0 0 0 0 0 0 0 0 0 0 0 0 0 0 0 0 0 0 0 0 0 0 0 0 0 0 0 0 0 0 0 0 0 0 0 0 0 0 0 0 0 0 0 0 0 0 0 0 0 0 0 0 0 0 0 0 0 0 0 0 0 0 0 0 0 0 0 0 0 0 73 0 0 0 1 0 0 0 0 0 0 0 0 0 0 0 2 0 0 0 0 0 0 0 0 0 0 0 48 0 0 0 255 255 255 255 5 0 6 0 0 0 0 0 data 6 0x60005 0x0 0x4cd4bdf0 0x2 0x4cd4c4f0 0x7 oops 2 2 com/sun/tools/javac/comp/Infer$BoundErrorKind$5 4 com/sun/tools/javac/comp/Infer$BoundErrorKind$4
ciMethodData com/sun/tools/javac/comp/Infer$IncorporationStep isSameType (Lcom/sun/tools/javac/code/Type;Lcom/sun/tools/javac/code/Type;Lcom/sun/tools/javac/comp/Infer;)Z 1 784 orig 264 8 131 234 110 0 0 0 0 80 78 150 71 0 0 0 0 144 1 0 0 0 0 0 0 0 0 0 0 0 0 0 0 0 0 0 0 0 0 0 0 0 0 0 0 0 0 0 0 0 0 0 0 0 0 0 0 0 0 0 0 0 0 0 0 0 0 0 0 0 0 0 0 0 0 0 0 0 0 0 0 77 68 79 32 101 120 116 114 97 32 100 97 116 97 32 108 111 99 107 0 0 0 0 0 0 0 0 0 0 0 0 0 0 0 0 0 0 0 0 0 0 0 0 0 0 0 0 0 0 0 0 0 0 0 0 0 0 0 0 0 0 0 0 0 0 0 0 0 0 0 0 0 0 0 0 0 0 0 0 0 0 0 0 0 0 0 0 0 0 0 0 0 0 0 0 0 0 0 0 0 0 0 0 0 0 0 0 0 0 0 0 0 0 0 0 0 0 0 0 0 0 0 0 0 0 0 0 0 0 0 0 0 0 0 0 0 58 0 0 0 177 22 0 0 1 0 0 0 0 0 0 0 0 0 0 0 2 0 0 0 0 0 0 0 0 0 0 0 48 0 0 0 255 255 255 255 5 0 8 0 0 0 0 0 data 6 0x80005 0x0 0x5195cfe0 0x2cc 0x41ce6030 0xa oops 2 2 com/sun/tools/javac/comp/Infer$IncorporationStep$1 4 com/sun/tools/javac/comp/Infer$IncorporationStep$7
ciMethod com/sun/tools/javac/comp/Infer$BoundErrorKind setMessage (Lcom/sun/tools/javac/comp/Infer$InferenceException;Lcom/sun/tools/javac/code/Type$UndetVar;)Lcom/sun/tools/javac/comp/Resolve$InapplicableMethodException; 0 0 1 0 -1
instanceKlass com/sun/tools/javac/comp/Infer$1
instanceKlass com/sun/tools/javac/comp/Infer$InferenceContext$3
instanceKlass com/sun/tools/javac/comp/Resolve$4$1
instanceKlass com/sun/tools/javac/comp/Check$9
instanceKlass com/sun/tools/javac/tree/TreeInfo$1
instanceKlass com/sun/tools/javac/code/Types$MembersClosureCache$MembersScope$1
instanceKlass lombok/bytecode/ClassFileMetaData
instanceKlass lombok/bytecode/SneakyThrowsRemover
instanceKlass org/lombokweb/asm/ClassVisitor
instanceKlass lombok/bytecode/PreventNullAnalysisRemover
instanceKlass lombok/core/PostCompilerTransformation
instanceKlass com/sun/tools/javac/jvm/ClassFile$NameAndType
instanceKlass com/sun/tools/javac/jvm/ClassWriter$1
instanceKlass lombok/core/PostCompiler
instanceKlass lombok/javac/apt/InterceptingJavaFileObject
instanceKlass javax/tools/StandardLocation$2
instanceKlass com/sun/tools/javac/code/Kinds$1
instanceKlass com/sun/tools/javac/code/Kinds
instanceKlass com/sun/tools/javac/jvm/ClassWriter$StackMapTableFrame
instanceKlass com/sun/tools/javac/jvm/Code$StackMapFrame
instanceKlass com/sun/tools/javac/jvm/Code$Chain
instanceKlass com/sun/tools/javac/model/FilteredMemberList$1
instanceKlass com/sun/tools/javac/jvm/Code$LocalVar$Range
instanceKlass com/sun/tools/javac/jvm/Items
instanceKlass com/sun/tools/javac/jvm/Code$LocalVar
instanceKlass com/sun/tools/javac/jvm/Code$State
instanceKlass com/sun/tools/javac/jvm/Gen$GenContext
instanceKlass com/sun/tools/javac/jvm/Gen$3
instanceKlass com/sun/tools/javac/comp/Lower$7
instanceKlass com/sun/tools/javac/code/Types$UniqueType
instanceKlass com/sun/tools/javac/jvm/Pool$MethodHandle$2
instanceKlass com/sun/tools/javac/jvm/Pool$MethodHandle$1
instanceKlass com/sun/tools/javac/jvm/Pool$MethodHandle
instanceKlass com/sun/tools/javac/comp/LambdaToMethod$KlassInfo
instanceKlass com/sun/tools/javac/comp/LambdaToMethod$1
instanceKlass com/sun/tools/javac/comp/LambdaToMethod$LambdaAnalyzerPreprocessor$Frame
instanceKlass com/sun/tools/javac/comp/LambdaToMethod$LambdaAnalyzerPreprocessor$SyntheticMethodNameCounter
instanceKlass com/sun/tools/javac/comp/LambdaToMethod$LambdaAnalyzerPreprocessor$TranslationContext
instanceKlass com/sun/tools/javac/comp/Flow$2
instanceKlass com/sun/tools/javac/util/Bits$1
instanceKlass com/sun/tools/javac/util/Bits
instanceKlass com/sun/tools/javac/comp/Check$4
instanceKlass com/sun/tools/javac/comp/Infer$InferenceContext$5
instanceKlass com/sun/tools/javac/comp/Attr$9
instanceKlass com/sun/tools/javac/comp/Attr$1
instanceKlass com/sun/tools/javac/comp/Attr$10
instanceKlass com/sun/tools/javac/comp/DeferredAttr$DeferredType$SpeculativeCache$Entry
instanceKlass com/sun/tools/javac/comp/Flow$BaseAnalyzer$PendingExit
instanceKlass com/sun/tools/javac/comp/Check$3
instanceKlass com/sun/tools/javac/comp/DeferredAttr$DeferredAttrNode
instanceKlass com/sun/tools/javac/code/Types$DescriptorCache$Entry
instanceKlass com/sun/tools/javac/code/Types$MethodFilter
instanceKlass com/sun/tools/javac/code/Types$DescriptorFilter
instanceKlass com/sun/tools/javac/comp/DeferredAttr$DeferredType$SpeculativeCache
instanceKlass com/sun/tools/javac/comp/Resolve$MostSpecificCheck
instanceKlass com/sun/tools/javac/comp/Check$2
instanceKlass com/sun/tools/javac/comp/DeferredAttr$5
instanceKlass com/sun/tools/javac/tree/TreeCopier
instanceKlass com/sun/tools/javac/comp/DeferredAttr$6
instanceKlass com/sun/tools/javac/comp/Infer$IncorporationBinaryOp
instanceKlass java/util/EnumMap$EntryIterator$Entry
instanceKlass java/util/EnumMap$EnumMapIterator
instanceKlass com/sun/tools/javac/code/Type$UndetVar$2
instanceKlass com/sun/tools/javac/util/GraphUtils$Tarjan
instanceKlass com/sun/tools/javac/util/GraphUtils
instanceKlass com/sun/tools/javac/util/GraphUtils$DependencyKind
instanceKlass com/sun/tools/javac/util/GraphUtils$Node
instanceKlass com/sun/tools/javac/comp/Infer$InferenceContext$2
instanceKlass com/sun/tools/javac/comp/Infer$GraphSolver$InferenceGraph
instanceKlass com/sun/tools/javac/comp/Infer$BoundFilter
instanceKlass com/sun/tools/javac/comp/Infer$MultiUndetVarListener
instanceKlass com/sun/tools/javac/comp/Infer$GraphSolver
instanceKlass com/sun/tools/javac/comp/Infer$LeafSolver
instanceKlass com/sun/tools/javac/comp/Infer$InferenceContext$4
instanceKlass com/sun/tools/javac/code/Type$UndetVar$UndetVarListener
instanceKlass com/sun/tools/javac/comp/Resolve$MethodCheckContext
instanceKlass com/sun/tools/javac/comp/DeferredAttr$DeferredChecker$3
instanceKlass com/sun/tools/javac/comp/DeferredAttr$DeferredChecker$1
instanceKlass com/sun/tools/javac/comp/DeferredAttr$FilterScanner$1
instanceKlass com/sun/tools/javac/comp/DeferredAttr$MethodAnalyzer
instanceKlass com/sun/tools/javac/code/Scope$CompoundScope$2
instanceKlass com/sun/tools/javac/comp/Check$ClashFilter
instanceKlass com/sun/tools/javac/code/Scope$3$1
instanceKlass com/sun/tools/javac/code/Scope$3
instanceKlass com/sun/tools/javac/code/Scope$CompoundScope$CompoundScopeIterator
instanceKlass com/sun/tools/javac/code/Scope$CompoundScope$1
instanceKlass com/sun/tools/javac/comp/Check$DefaultMethodClashFilter
instanceKlass com/sun/tools/javac/main/JavaCompiler$2
instanceKlass sun/util/locale/provider/TimeZoneNameUtility$TimeZoneNameGetter
instanceKlass sun/util/locale/provider/TimeZoneNameUtility
instanceKlass sun/misc/VMSupport
instanceKlass com/sun/tools/javac/util/Log$2
instanceKlass com/sun/tools/javac/processing/JavacProcessingEnvironment$2
instanceKlass lombok/Setter$AnyAnnotation
instanceKlass lombok/Getter$AnyAnnotation
instanceKlass lombok/experimental/Tolerate
instanceKlass java/util/AbstractList$1
instanceKlass com/sun/tools/javac/code/TypeTag$1
instanceKlass lombok/javac/Javac$JavadocOps_8$1
instanceKlass lombok/AllArgsConstructor$AnyAnnotation
instanceKlass lombok/javac/handlers/JavacHandlerUtil$ClassSymbolMembersField
instanceKlass lombok/NoArgsConstructor$AnyAnnotation
instanceKlass lombok/core/handlers/InclusionExclusionUtils$1
instanceKlass lombok/ToString$Exclude
instanceKlass lombok/ToString$Include
instanceKlass lombok/javac/handlers/JavacHandlerUtil$JCAnnotatedTypeReflect
instanceKlass lombok/javac/handlers/JavacHandlerUtil$GetterMethod
instanceKlass lombok/EqualsAndHashCode$AnyAnnotation
instanceKlass lombok/core/handlers/InclusionExclusionUtils$2
instanceKlass lombok/core/handlers/InclusionExclusionUtils$Included
instanceKlass lombok/EqualsAndHashCode$Exclude
instanceKlass lombok/EqualsAndHashCode$Include
instanceKlass lombok/core/handlers/InclusionExclusionUtils
instanceKlass lombok/javac/handlers/JavacHandlerUtil$CopyJavadoc$6
instanceKlass com/sun/tools/javac/tree/TreeMaker$1
instanceKlass lombok/core/CleanupRegistry$CleanupKey
instanceKlass lombok/javac/handlers/JavacHandlerUtil$CopyJavadoc$2$1
instanceKlass lombok/javac/Javac$JavadocOps_8
instanceKlass lombok/core/CleanupTask
instanceKlass lombok/core/AnnotationValues$1
instanceKlass lombok/core/configuration/AllowHelper
instanceKlass lombok/javac/handlers/JavacHandlerUtil$EnterReflect
instanceKlass lombok/delombok/FormatPreferences
instanceKlass lombok/delombok/LombokOptionsFactory
instanceKlass lombok/javac/handlers/HandleLog
instanceKlass lombok/core/handlers/LoggingFramework
instanceKlass lombok/experimental/FieldDefaults
instanceKlass lombok/core/handlers/HandlerUtil
instanceKlass lombok/core/AnnotationValues
instanceKlass lombok/core/AnnotationValues$AnnotationValue
instanceKlass lombok/javac/handlers/JavacHandlerUtil
instanceKlass lombok/core/FieldAugment
instanceKlass lombok/javac/JavacAugments
instanceKlass java/util/IdentityHashMap$1
instanceKlass lombok/core/configuration/ConfigurationSource
instanceKlass lombok/core/TypeResolver
instanceKlass lombok/core/AST$FieldAccess
instanceKlass lombok/core/LombokImmutableList$1
instanceKlass lombok/javac/JavacImportList
instanceKlass lombok/javac/PackageName
instanceKlass lombok/core/configuration/FileSystemSourceCache$Content
instanceKlass lombok/core/configuration/ConfigurationFile
instanceKlass lombok/core/configuration/BubblingConfigurationResolver
instanceKlass lombok/core/LombokConfiguration$3
instanceKlass lombok/core/configuration/FileSystemSourceCache$1
instanceKlass lombok/core/configuration/ConfigurationProblemReporter$1
instanceKlass lombok/core/configuration/ConfigurationProblemReporter
instanceKlass lombok/core/configuration/ConfigurationParser
instanceKlass lombok/core/configuration/ConfigurationFileToSource
instanceKlass lombok/core/configuration/FileSystemSourceCache
instanceKlass lombok/core/LombokConfiguration$1
instanceKlass lombok/core/configuration/ConfigurationResolverFactory
instanceKlass lombok/core/configuration/ConfigurationResolver
instanceKlass lombok/core/LombokConfiguration
instanceKlass lombok/core/ImportList
instanceKlass lombok/core/AST
instanceKlass lombok/javac/JavacAST$ErrorLog
instanceKlass java/util/IdentityHashMap$EntryIterator$Entry
instanceKlass javax/annotation/processing/SupportedOptions
instanceKlass javax/annotation/processing/SupportedAnnotationTypes
instanceKlass com/sun/tools/javac/code/Source$1
instanceKlass lombok/javac/HandlerLibrary$VisitorContainer
instanceKlass lombok/experimental/WithBy
instanceKlass lombok/With
instanceKlass lombok/Value
instanceKlass lombok/javac/JavacASTAdapter
instanceKlass lombok/experimental/UtilityClass
instanceKlass lombok/ToString
instanceKlass lombok/Synchronized
instanceKlass lombok/experimental/SuperBuilder
instanceKlass lombok/javac/handlers/JavacSingularsRecipes$StatementMaker
instanceKlass lombok/javac/handlers/JavacSingularsRecipes$ExpressionMaker
instanceKlass lombok/javac/handlers/HandleBuilder$BuilderJob
instanceKlass lombok/experimental/StandardException
instanceKlass lombok/SneakyThrows
instanceKlass lombok/Singular
instanceKlass lombok/Setter
instanceKlass lombok/core/PrintAST
instanceKlass lombok/NonNull
instanceKlass lombok/extern/slf4j/XSlf4j
instanceKlass lombok/extern/slf4j/Slf4j
instanceKlass lombok/extern/log4j/Log4j
instanceKlass lombok/extern/log4j/Log4j2
instanceKlass lombok/extern/java/Log
instanceKlass lombok/extern/jbosslog/JBossLog
instanceKlass lombok/extern/flogger/Flogger
instanceKlass lombok/CustomLog
instanceKlass lombok/extern/apachecommons/CommonsLog
instanceKlass lombok/extern/jackson/Jacksonized
instanceKlass lombok/experimental/Helper
instanceKlass lombok/Getter
instanceKlass lombok/experimental/FieldNameConstants
instanceKlass lombok/core/LombokImmutableList
instanceKlass lombok/core/JavaIdentifiers
instanceKlass lombok/experimental/ExtensionMethod
instanceKlass lombok/EqualsAndHashCode
instanceKlass lombok/experimental/Delegate
instanceKlass lombok/Data
instanceKlass lombok/RequiredArgsConstructor
instanceKlass lombok/NoArgsConstructor
instanceKlass lombok/AllArgsConstructor
instanceKlass lombok/Cleanup
instanceKlass lombok/Builder$Default
instanceKlass lombok/Builder
instanceKlass lombok/javac/handlers/HandleConstructor
instanceKlass lombok/core/LombokInternalAliasing
instanceKlass lombok/core/AlreadyHandledAnnotations
instanceKlass lombok/javac/ResolutionResetNeeded
instanceKlass lombok/core/HandlerPriority
instanceKlass lombok/javac/HandlerLibrary$AnnotationHandlerContainer
instanceKlass lombok/experimental/Accessors
instanceKlass lombok/javac/JavacAnnotationHandler
instanceKlass lombok/core/SpiLoadUtil$1$1
instanceKlass lombok/core/SpiLoadUtil$1
instanceKlass java/util/Vector$1
instanceKlass java/util/Collections$EmptyEnumeration
instanceKlass lombok/core/SpiLoadUtil
instanceKlass lombok/core/configuration/ConfigurationKeysLoader
instanceKlass lombok/core/configuration/CheckerFrameworkVersion
instanceKlass lombok/core/configuration/TypeName
instanceKlass lombok/core/configuration/LogDeclaration
instanceKlass lombok/core/configuration/IdentifierName
instanceKlass lombok/core/configuration/ConfigurationDataType$6
instanceKlass lombok/core/configuration/ConfigurationDataType$7
instanceKlass lombok/core/configuration/NullAnnotationLibrary
instanceKlass lombok/core/configuration/ConfigurationValueType
instanceKlass lombok/core/configuration/ConfigurationDataType$5
instanceKlass lombok/core/configuration/ConfigurationDataType$4
instanceKlass lombok/core/configuration/ConfigurationDataType$3
instanceKlass lombok/core/configuration/ConfigurationDataType$2
instanceKlass lombok/core/configuration/ConfigurationDataType$1
instanceKlass lombok/core/configuration/ConfigurationValueParser
instanceKlass lombok/core/configuration/ConfigurationDataType
instanceKlass lombok/core/configuration/ConfigurationKey
instanceKlass lombok/ConfigurationKeys
instanceKlass lombok/core/configuration/ConfigurationKeysLoader$LoaderLoader
instanceKlass lombok/core/TypeLibrary
instanceKlass lombok/core/LombokNode
instanceKlass lombok/javac/HandlerLibrary
instanceKlass lombok/javac/JavacASTVisitor
instanceKlass lombok/javac/JavacTransformer
instanceKlass com/sun/source/util/DocTreePath
instanceKlass com/sun/tools/javac/api/JavacScope
instanceKlass com/sun/source/util/TreePath
instanceKlass com/sun/source/doctree/DocCommentTree
instanceKlass com/sun/source/doctree/DocTree
instanceKlass com/sun/source/util/DocSourcePositions
instanceKlass com/sun/source/doctree/DocTreeVisitor
instanceKlass com/sun/source/tree/Scope
instanceKlass com/sun/source/util/SourcePositions
instanceKlass com/sun/source/util/Trees
instanceKlass lombok/javac/JavacTreeMaker$FieldId
instanceKlass lombok/javac/JavacTreeMaker$MethodId
instanceKlass lombok/javac/JavacTreeMaker
instanceKlass javax/lang/model/type/TypeVisitor
instanceKlass lombok/javac/JavacTreeMaker$SchroedingerType
instanceKlass lombok/javac/Javac
instanceKlass lombok/javac/apt/LombokFileObjects$Compiler$2
instanceKlass lombok/javac/apt/LombokFileObjects$Compiler$1
instanceKlass lombok/javac/apt/LombokFileObjects$Compiler
instanceKlass lombok/javac/apt/LombokFileObject
instanceKlass lombok/javac/apt/LombokFileObjects
instanceKlass lombok/javac/apt/MessagerDiagnosticsReceiver
instanceKlass javax/tools/ForwardingJavaFileManager
instanceKlass lombok/core/CleanupRegistry
instanceKlass lombok/permit/Permit
instanceKlass lombok/core/DiagnosticsReceiver
instanceKlass lombok/launch/AnnotationProcessorHider$AstModificationNotifierData
instanceKlass lombok/core/AnnotationProcessor$ProcessorDescriptor
instanceKlass lombok/launch/ClassFileMetaData
instanceKlass java/util/zip/ZipFile$ZipEntryIterator
instanceKlass java/util/jar/JarFile$JarEntryIterator
instanceKlass java/util/WeakHashMap$HashIterator
instanceKlass java/net/URLEncoder
instanceKlass java/net/URLDecoder
instanceKlass lombok/launch/PackageShader
instanceKlass lombok/launch/Main
instanceKlass javax/annotation/processing/AbstractProcessor
instanceKlass com/sun/tools/javac/processing/JavacProcessingEnvironment$ProcessorState
instanceKlass com/sun/tools/javac/processing/JavacRoundEnvironment
instanceKlass javax/lang/model/util/AbstractElementVisitor6
instanceKlass javax/lang/model/element/ElementVisitor
instanceKlass com/sun/tools/javac/processing/JavacProcessingEnvironment$Round
instanceKlass com/sun/tools/javac/util/JCDiagnostic$1
instanceKlass com/sun/tools/javac/tree/Pretty$1
instanceKlass com/sun/tools/javac/code/TypeAnnotationPosition$TypePathEntry
instanceKlass com/sun/tools/javac/code/TypeAnnotations$3
instanceKlass com/sun/tools/javac/code/TypeAnnotationPosition
instanceKlass com/sun/tools/javac/code/Types$TypePair
instanceKlass com/sun/tools/javac/code/Flags
instanceKlass com/sun/tools/javac/comp/Annotate$AnnotateRepeatedContext
instanceKlass com/sun/tools/javac/code/Types$ImplementationCache$Entry
instanceKlass com/sun/tools/javac/comp/Resolve$MethodResolutionContext$Candidate
instanceKlass com/sun/tools/javac/code/Scope$4$1
instanceKlass com/sun/tools/javac/code/Scope$4
instanceKlass com/sun/tools/javac/comp/Resolve$LookupFilter
instanceKlass com/sun/tools/javac/comp/Resolve$5$1
instanceKlass com/sun/tools/javac/comp/Resolve$5
instanceKlass com/sun/tools/javac/comp/Resolve$MethodResolutionContext
instanceKlass com/sun/tools/javac/code/Symbol$VarSymbol$2
instanceKlass com/sun/tools/javac/code/Types$27
instanceKlass com/sun/tools/javac/code/TypeAnnotations$2
instanceKlass com/sun/tools/javac/code/TypeAnnotations$1
instanceKlass com/sun/tools/javac/comp/MemberEnter$6
instanceKlass com/sun/tools/javac/comp/MemberEnter$5
instanceKlass com/sun/tools/javac/code/SymbolMetadata
instanceKlass com/sun/tools/javac/code/Scope$1
instanceKlass com/sun/tools/javac/jvm/Code$1
instanceKlass com/sun/tools/javac/jvm/Code
instanceKlass com/sun/tools/javac/jvm/ClassReader$AnnotationDeproxy
instanceKlass com/sun/tools/javac/jvm/ClassReader$ProxyVisitor
instanceKlass com/sun/tools/javac/util/Pair
instanceKlass com/sun/tools/javac/comp/Attr$15
instanceKlass com/sun/tools/javac/comp/AttrContext
instanceKlass com/sun/tools/javac/jvm/ClassReader$25
instanceKlass com/sun/tools/javac/file/JavacFileManager$MissingArchive
instanceKlass java/io/RandomAccessFile$1
instanceKlass java/util/ComparableTimSort
instanceKlass com/sun/tools/javac/file/ZipFileIndex$Entry
instanceKlass com/sun/tools/javac/file/ZipFileIndex$DirectoryEntry
instanceKlass com/sun/tools/javac/file/ZipFileIndex$ZipDirectory
instanceKlass java/io/RandomAccessFile
instanceKlass com/sun/tools/javac/file/ZipFileIndex
instanceKlass com/sun/tools/javac/file/ZipFileIndexArchive
instanceKlass java/lang/Class$EnclosingMethodInfo
instanceKlass sun/misc/FloatingDecimal$ASCIIToBinaryBuffer
instanceKlass com/sun/tools/javac/tree/JCTree$1
instanceKlass com/sun/tools/javac/util/Position$LineMapImpl
instanceKlass com/sun/tools/javac/util/Position$LineMap
instanceKlass com/sun/tools/javac/util/Position
instanceKlass com/sun/tools/javac/parser/LazyDocCommentTable$Entry
instanceKlass com/sun/tools/javac/tree/TreeInfo$2
instanceKlass com/sun/tools/javac/parser/JavacParser$2
instanceKlass com/sun/tools/javac/parser/JavaTokenizer$BasicComment
instanceKlass com/sun/tools/javac/util/IntHashTable
instanceKlass com/sun/tools/javac/parser/LazyDocCommentTable
instanceKlass com/sun/tools/javac/parser/JavaTokenizer$1
instanceKlass com/sun/tools/javac/parser/JavacParser$1
instanceKlass com/sun/tools/javac/parser/JavacParser$ErrorRecoveryAction
instanceKlass com/sun/tools/javac/tree/DocCommentTable
instanceKlass com/sun/tools/javac/parser/JavacParser$AbstractEndPosTable
instanceKlass com/sun/tools/javac/tree/EndPosTable
instanceKlass com/sun/tools/javac/parser/JavacParser
instanceKlass com/sun/tools/javac/parser/UnicodeReader
instanceKlass sun/misc/FloatingDecimal$HexFloatPattern
instanceKlass com/sun/tools/javac/parser/Tokens$Comment
instanceKlass com/sun/tools/javac/parser/Scanner
instanceKlass com/sun/source/tree/LineMap
instanceKlass com/sun/tools/javac/util/BaseFileManager$ContentCacheEntry
instanceKlass com/sun/tools/javac/util/DiagnosticSource
instanceKlass com/sun/tools/javac/processing/JavacProcessingEnvironment$DiscoveredProcessors$ProcessorStateIterator
instanceKlass com/sun/tools/javac/processing/JavacProcessingEnvironment$DiscoveredProcessors
instanceKlass com/sun/tools/javac/util/ServiceLoader$1
instanceKlass com/sun/tools/javac/util/ServiceLoader$LazyIterator
instanceKlass com/sun/tools/javac/util/ServiceLoader
instanceKlass javax/annotation/processing/Processor
instanceKlass com/sun/tools/javac/processing/JavacProcessingEnvironment$ServiceIterator
instanceKlass com/sun/tools/javac/util/StringUtils
instanceKlass com/sun/tools/javac/util/ListBuffer$1
instanceKlass com/sun/tools/javac/model/JavacTypes
instanceKlass com/sun/tools/javac/model/JavacElements
instanceKlass com/sun/tools/javac/processing/JavacMessager
instanceKlass com/sun/tools/javac/processing/JavacFiler
instanceKlass java/util/regex/Pattern$CharPropertyNames$CharPropertyFactory
instanceKlass java/util/regex/Pattern$CharPropertyNames
instanceKlass javax/annotation/processing/Messager
instanceKlass javax/annotation/processing/Filer
instanceKlass javax/annotation/processing/RoundEnvironment
instanceKlass com/sun/tools/javac/processing/JavacProcessingEnvironment
instanceKlass com/sun/tools/javac/util/ForwardingDiagnosticFormatter$ForwardingConfiguration
instanceKlass com/sun/tools/javac/code/Types$DefaultSymbolVisitor
instanceKlass com/sun/tools/javac/util/ForwardingDiagnosticFormatter
instanceKlass com/sun/tools/javac/api/MultiTaskListener
instanceKlass com/sun/tools/javac/comp/TransTypes$1
instanceKlass com/sun/tools/javac/jvm/Pool
instanceKlass com/sun/tools/javac/comp/Lower$TreeBuilder
instanceKlass com/sun/tools/javac/jvm/Gen$GenFinalizer
instanceKlass com/sun/tools/javac/jvm/Items$Item
instanceKlass com/sun/tools/javac/parser/JavaTokenizer
instanceKlass com/sun/tools/javac/parser/ScannerFactory
instanceKlass com/sun/tools/javac/parser/Tokens$Token
instanceKlass com/sun/tools/javac/parser/Tokens
instanceKlass com/sun/tools/javac/tree/DocTreeMaker
instanceKlass com/sun/tools/javac/parser/Lexer
instanceKlass com/sun/tools/javac/parser/ParserFactory
instanceKlass com/sun/tools/javac/jvm/JNIWriter
instanceKlass com/sun/tools/javac/code/Types$SignatureGenerator
instanceKlass com/sun/tools/javac/jvm/ClassWriter$AttributeWriter
instanceKlass com/sun/tools/javac/util/ByteBuffer
instanceKlass com/sun/tools/javac/jvm/ClassFile
instanceKlass com/sun/tools/javac/jvm/ClassReader$AttributeReader
instanceKlass com/sun/tools/javac/util/MandatoryWarningHandler
instanceKlass com/sun/tools/javac/tree/TreeInfo
instanceKlass com/sun/tools/javac/comp/DeferredAttr$4
instanceKlass com/sun/tools/javac/comp/DeferredAttr$3
instanceKlass com/sun/tools/javac/comp/DeferredAttr$2
instanceKlass com/sun/tools/javac/comp/DeferredAttr$DeferredAttrContext
instanceKlass com/sun/tools/javac/comp/DeferredAttr$DeferredStuckPolicy
instanceKlass com/sun/tools/javac/comp/DeferredAttr$DeferredTypeCompleter
instanceKlass com/sun/tools/javac/comp/Infer$GraphStrategy
instanceKlass com/sun/tools/javac/comp/Infer$InferenceContext
instanceKlass javax/lang/model/element/TypeParameterElement
instanceKlass com/sun/tools/javac/comp/Infer
instanceKlass com/sun/tools/javac/code/DeferredLintHandler$1
instanceKlass com/sun/tools/javac/code/DeferredLintHandler
instanceKlass com/sun/tools/javac/code/TypeAnnotations
instanceKlass com/sun/tools/javac/comp/TypeEnvs
instanceKlass com/sun/tools/javac/comp/ConstFold
instanceKlass javax/lang/model/element/AnnotationMirror
instanceKlass com/sun/tools/javac/comp/Annotate
instanceKlass com/sun/tools/javac/tree/TreeMaker$AnnotationBuilder
instanceKlass com/sun/tools/javac/tree/TreeMaker
instanceKlass com/sun/tools/javac/tree/JCTree$Factory
instanceKlass com/sun/tools/javac/comp/Env
instanceKlass com/sun/tools/javac/comp/Flow
instanceKlass com/sun/source/util/SimpleTreeVisitor
instanceKlass com/sun/tools/javac/comp/Attr$14
instanceKlass javax/lang/model/type/UnionType
instanceKlass com/sun/tools/javac/comp/Check$NestedCheckContext
instanceKlass com/sun/source/tree/SynchronizedTree
instanceKlass com/sun/source/tree/TypeParameterTree
instanceKlass com/sun/source/tree/AnnotatedTypeTree
instanceKlass com/sun/source/tree/VariableTree
instanceKlass com/sun/source/tree/ArrayTypeTree
instanceKlass com/sun/source/tree/InstanceOfTree
instanceKlass com/sun/source/tree/EmptyStatementTree
instanceKlass com/sun/source/tree/MemberReferenceTree
instanceKlass com/sun/source/tree/PrimitiveTypeTree
instanceKlass com/sun/source/tree/ParenthesizedTree
instanceKlass com/sun/source/tree/UnionTypeTree
instanceKlass com/sun/source/tree/ParameterizedTypeTree
instanceKlass com/sun/source/tree/LabeledStatementTree
instanceKlass com/sun/source/tree/DoWhileLoopTree
instanceKlass com/sun/source/tree/ArrayAccessTree
instanceKlass com/sun/source/tree/LambdaExpressionTree
instanceKlass com/sun/source/tree/EnhancedForLoopTree
instanceKlass com/sun/source/tree/ExpressionStatementTree
instanceKlass com/sun/source/tree/ConditionalExpressionTree
instanceKlass com/sun/source/tree/CompoundAssignmentTree
instanceKlass com/sun/source/tree/AssignmentTree
instanceKlass com/sun/source/tree/MethodInvocationTree
instanceKlass com/sun/source/tree/UnaryTree
instanceKlass com/sun/source/tree/WhileLoopTree
instanceKlass com/sun/source/tree/AssertTree
instanceKlass com/sun/source/tree/ImportTree
instanceKlass com/sun/source/tree/TypeCastTree
instanceKlass com/sun/source/tree/TryTree
instanceKlass com/sun/source/tree/ThrowTree
instanceKlass com/sun/source/tree/SwitchTree
instanceKlass com/sun/source/tree/ReturnTree
instanceKlass com/sun/source/tree/ErroneousTree
instanceKlass com/sun/source/tree/ContinueTree
instanceKlass com/sun/source/tree/BreakTree
instanceKlass com/sun/source/tree/NewArrayTree
instanceKlass com/sun/source/tree/ModifiersTree
instanceKlass com/sun/source/tree/LiteralTree
instanceKlass com/sun/source/tree/IfTree
instanceKlass com/sun/source/tree/CaseTree
instanceKlass com/sun/source/tree/BlockTree
instanceKlass com/sun/source/tree/BinaryTree
instanceKlass com/sun/source/tree/ForLoopTree
instanceKlass com/sun/source/tree/CatchTree
instanceKlass com/sun/source/tree/IntersectionTypeTree
instanceKlass com/sun/source/tree/WildcardTree
instanceKlass com/sun/tools/javac/api/Formattable$LocalizedString
instanceKlass com/sun/tools/javac/api/Formattable
instanceKlass com/sun/tools/javac/comp/Resolve$7
instanceKlass com/sun/tools/javac/comp/Resolve$6
instanceKlass com/sun/tools/javac/comp/Attr$ResultInfo
instanceKlass com/sun/tools/javac/comp/Resolve$AbstractMethodCheck
instanceKlass com/sun/tools/javac/comp/Resolve$2
instanceKlass com/sun/tools/javac/comp/Resolve$LookupHelper
instanceKlass com/sun/tools/javac/comp/Resolve$LogResolveHelper
instanceKlass com/sun/tools/javac/comp/Resolve$MethodCheck
instanceKlass com/sun/tools/javac/comp/Resolve
instanceKlass com/sun/tools/javac/comp/Check$6
instanceKlass com/sun/tools/javac/comp/Check$1
instanceKlass com/sun/source/tree/MethodTree
instanceKlass com/sun/source/tree/NewClassTree
instanceKlass com/sun/tools/javac/util/Warner
instanceKlass com/sun/source/tree/AnnotationTree
instanceKlass com/sun/tools/javac/tree/JCTree$Visitor
instanceKlass com/sun/tools/javac/code/DeferredLintHandler$LintLogger
instanceKlass com/sun/tools/javac/comp/Infer$FreeTypeListener
instanceKlass com/sun/tools/javac/comp/Check$CheckContext
instanceKlass com/sun/tools/javac/comp/Check
instanceKlass com/sun/tools/javac/code/Types$ImplementationCache
instanceKlass com/sun/tools/javac/code/Types$3
instanceKlass com/sun/tools/javac/util/JCDiagnostic
instanceKlass com/sun/tools/javac/code/Types$DescriptorCache$FunctionDescriptor
instanceKlass com/sun/tools/javac/code/Types$DescriptorCache
instanceKlass com/sun/tools/javac/code/Scope$ScopeListener
instanceKlass javax/lang/model/type/IntersectionType
instanceKlass com/sun/tools/javac/code/Type$Mapping
instanceKlass com/sun/tools/javac/code/Types$DefaultTypeVisitor
instanceKlass com/sun/tools/javac/code/Types
instanceKlass com/sun/tools/javac/code/Symtab$2
instanceKlass com/sun/tools/javac/code/Symtab$1
instanceKlass com/sun/tools/javac/code/Symbol$MethodSymbol$2
instanceKlass com/sun/tools/javac/code/Scope$2
instanceKlass com/sun/tools/javac/code/Scope$Entry
instanceKlass com/sun/tools/javac/util/Filter
instanceKlass com/sun/tools/javac/util/Assert
instanceKlass java/lang/annotation/Repeatable
instanceKlass javax/lang/model/type/NullType
instanceKlass com/sun/tools/javac/code/Symtab
instanceKlass com/sun/tools/javac/jvm/ClassReader$1
instanceKlass com/sun/tools/javac/code/Attribute
instanceKlass javax/lang/model/element/AnnotationValue
instanceKlass com/sun/tools/javac/comp/Annotate$Worker
instanceKlass javax/lang/model/type/ExecutableType
instanceKlass javax/lang/model/type/NoType
instanceKlass com/sun/tools/javac/code/Scope
instanceKlass com/sun/tools/javac/code/Symbol$Completer
instanceKlass com/sun/tools/javac/jvm/ClassReader
instanceKlass com/sun/tools/javac/util/Convert
instanceKlass com/sun/tools/javac/util/ArrayUtils
instanceKlass com/sun/tools/javac/util/Name
instanceKlass javax/lang/model/element/Name
instanceKlass com/sun/tools/javac/util/Name$Table
instanceKlass com/sun/tools/javac/util/Names
instanceKlass com/sun/tools/javac/main/JavaCompiler$1
instanceKlass com/sun/source/tree/ClassTree
instanceKlass com/sun/source/tree/StatementTree
instanceKlass com/sun/source/tree/MemberSelectTree
instanceKlass com/sun/source/tree/IdentifierTree
instanceKlass javax/lang/model/element/PackageElement
instanceKlass javax/lang/model/element/TypeElement
instanceKlass javax/lang/model/element/QualifiedNameable
instanceKlass com/sun/source/tree/CompilationUnitTree
instanceKlass com/sun/tools/javac/jvm/ClassReader$SourceCompleter
instanceKlass com/sun/tools/javac/main/JavaCompiler
instanceKlass com/sun/tools/javac/file/CacheFSInfo$1
instanceKlass com/sun/tools/javac/main/CommandLine
instanceKlass com/sun/tools/javac/parser/Parser
instanceKlass com/sun/tools/javac/api/JavacTaskImpl$Filter
instanceKlass javax/lang/model/util/Types
instanceKlass javax/lang/model/util/Elements
instanceKlass javax/annotation/processing/ProcessingEnvironment
instanceKlass com/sun/tools/javac/main/Main
instanceKlass com/sun/source/util/TreeScanner
instanceKlass com/sun/source/tree/TreeVisitor
instanceKlass com/sun/tools/doclint/DocLint
instanceKlass com/sun/source/util/Plugin
instanceKlass com/sun/tools/javac/api/ClientCodeWrapper$WrappedDiagnosticListener
instanceKlass com/sun/tools/javac/api/ClientCodeWrapper$Trusted
instanceKlass com/sun/source/util/TaskListener
instanceKlass com/sun/tools/javac/api/ClientCodeWrapper
instanceKlass com/sun/tools/javac/file/BaseFileObject
instanceKlass com/sun/tools/javac/file/ZipFileIndexCache
instanceKlass com/sun/tools/javac/file/FSInfo
instanceKlass com/sun/tools/javac/code/Lint$AugmentVisitor
instanceKlass com/sun/tools/javac/code/Attribute$Visitor
instanceKlass java/util/concurrent/ConcurrentHashMap$MapEntry
instanceKlass com/sun/tools/javac/util/Log$1
instanceKlass com/sun/tools/javac/util/JCDiagnostic$Factory$1
instanceKlass com/sun/tools/javac/util/Options
instanceKlass javax/lang/model/element/ExecutableElement
instanceKlass javax/lang/model/element/Parameterizable
instanceKlass javax/lang/model/type/WildcardType
instanceKlass javax/lang/model/type/PrimitiveType
instanceKlass javax/lang/model/type/TypeVariable
instanceKlass javax/lang/model/element/VariableElement
instanceKlass javax/lang/model/type/ErrorType
instanceKlass javax/lang/model/type/DeclaredType
instanceKlass javax/lang/model/type/ArrayType
instanceKlass javax/lang/model/type/ReferenceType
instanceKlass javax/lang/model/type/TypeMirror
instanceKlass com/sun/tools/javac/code/AnnoConstruct
instanceKlass javax/lang/model/element/Element
instanceKlass javax/lang/model/AnnotatedConstruct
instanceKlass com/sun/tools/javac/util/AbstractDiagnosticFormatter$SimpleConfiguration
instanceKlass com/sun/source/tree/ExpressionTree
instanceKlass com/sun/tools/javac/tree/JCTree
instanceKlass com/sun/source/tree/Tree
instanceKlass com/sun/tools/javac/api/DiagnosticFormatter$Configuration
instanceKlass com/sun/tools/javac/code/Printer
instanceKlass com/sun/tools/javac/code/Symbol$Visitor
instanceKlass com/sun/tools/javac/code/Type$Visitor
instanceKlass com/sun/tools/javac/util/AbstractDiagnosticFormatter
instanceKlass java/util/ResourceBundle$Control$1
instanceKlass com/sun/tools/javac/util/List$3
instanceKlass com/sun/tools/javac/util/List$2
instanceKlass com/sun/tools/javac/util/JavacMessages
instanceKlass com/sun/tools/javac/api/Messages
instanceKlass com/sun/tools/javac/util/JCDiagnostic$Factory
instanceKlass java/util/RegularEnumSet$EnumSetIterator
instanceKlass com/sun/tools/javac/file/Locations$LocationHandler
instanceKlass com/sun/tools/javac/file/Locations
instanceKlass com/sun/tools/javac/util/BaseFileManager$ByteBufferCache
instanceKlass com/sun/tools/javac/code/Lint
instanceKlass com/sun/tools/javac/file/JavacFileManager$Archive
instanceKlass javax/tools/JavaFileManager$Location
instanceKlass com/sun/tools/javac/file/RelativePath
instanceKlass javax/tools/JavaFileObject
instanceKlass javax/tools/FileObject
instanceKlass com/sun/tools/javac/util/BaseFileManager
instanceKlass javax/tools/Diagnostic
instanceKlass com/sun/tools/javac/api/DiagnosticFormatter
instanceKlass com/sun/tools/javac/util/Log$DiagnosticHandler
instanceKlass com/sun/tools/javac/util/JCDiagnostic$DiagnosticPosition
instanceKlass com/sun/tools/javac/util/AbstractLog
instanceKlass com/sun/tools/javac/util/Context$Factory
instanceKlass com/sun/tools/javac/util/Context$Key
instanceKlass com/sun/tools/javac/util/Context
instanceKlass javax/tools/DiagnosticCollector
instanceKlass org/codehaus/plexus/compiler/javac/JavaxToolsCompiler$1
instanceKlass javax/tools/StandardJavaFileManager
instanceKlass com/sun/tools/javac/main/OptionHelper
instanceKlass com/sun/source/util/JavacTask
instanceKlass javax/tools/JavaCompiler$CompilationTask
instanceKlass com/sun/tools/javac/api/JavacTool
instanceKlass java/net/URLClassLoader$6
instanceKlass javax/tools/JavaCompiler
instanceKlass javax/tools/Tool
instanceKlass javax/tools/JavaFileManager
instanceKlass javax/tools/OptionChecker
instanceKlass javax/tools/DiagnosticListener
instanceKlass org/codehaus/plexus/compiler/javac/JavaxToolsCompiler
instanceKlass org/codehaus/plexus/util/StringUtils
instanceKlass javax/tools/ToolProvider
instanceKlass org/apache/maven/shared/utils/io/SelectorUtils
instanceKlass org/apache/maven/shared/utils/io/MatchPattern
instanceKlass org/apache/maven/shared/utils/io/MatchPatterns
instanceKlass org/apache/maven/shared/utils/io/DirectoryScanner
instanceKlass org/apache/maven/shared/utils/io/FileUtils
instanceKlass org/apache/maven/monitor/event/EventDispatcher
instanceKlass org/apache/maven/artifact/repository/RepositoryCache
instanceKlass org/apache/maven/shared/incremental/IncrementalBuildHelperRequest
instanceKlass org/codehaus/plexus/util/SelectorUtils
instanceKlass org/codehaus/plexus/util/AbstractScanner
instanceKlass org/codehaus/plexus/util/Scanner
instanceKlass org/codehaus/plexus/compiler/util/scan/mapping/SuffixMapping
instanceKlass org/codehaus/plexus/compiler/util/scan/AbstractSourceInclusionScanner
instanceKlass org/apache/maven/shared/incremental/IncrementalBuildHelper
instanceKlass java/util/concurrent/CountDownLatch
instanceKlass org/apache/maven/project/artifact/DefaultMavenMetadataCache$CacheRecord
instanceKlass org/apache/maven/project/artifact/ArtifactWithDependencies
instanceKlass org/apache/maven/artifact/repository/DefaultRepositoryRequest
instanceKlass org/apache/maven/repository/legacy/metadata/DefaultMetadataResolutionRequest
instanceKlass org/apache/maven/shared/utils/StringUtils
instanceKlass org/codehaus/plexus/compiler/javac/JavacCompiler$$FastClassByGuice$$214974226
instanceKlass org/apache/maven/plugin/compiler/DependencyCoordinate
instanceKlass org/apache/maven/plugin/internal/AbstractMavenPluginDescriptorSourcedParametersValidator$$Lambda$168
instanceKlass org/objectweb/asm/ClassVisitor
instanceKlass org/codehaus/plexus/languages/java/jpms/AbstractBinaryModuleInfoParser
instanceKlass org/codehaus/plexus/compiler/manager/DefaultCompilerManager$$FastClassByGuice$$214761397
instanceKlass org/apache/maven/toolchain/DefaultToolchainManager$$FastClassByGuice$$213408390
instanceKlass org/apache/maven/plugin/compiler/CompilerMojo$$FastClassByGuice$$212627236
instanceKlass org/codehaus/plexus/languages/java/jpms/LocationManager$$FastClassByGuice$$211159517
instanceKlass org/sonatype/plexus/components/sec/dispatcher/model/SettingsSecurity
instanceKlass org/codehaus/plexus/languages/java/jpms/ResolvePathsRequest
instanceKlass org/codehaus/plexus/languages/java/jpms/SourceModuleInfoParser
instanceKlass org/codehaus/plexus/languages/java/jpms/ModuleInfoParser
instanceKlass org/codehaus/plexus/compiler/CompilerMessage
instanceKlass org/codehaus/plexus/util/cli/StreamConsumer
instanceKlass org/codehaus/plexus/compiler/CompilerOutputStyle
instanceKlass org/sonatype/plexus/components/cipher/PBECipher
instanceKlass org/codehaus/plexus/languages/java/jpms/JavaModuleDescriptor
instanceKlass org/codehaus/plexus/languages/java/jpms/ResolvePathsResult
instanceKlass org/codehaus/plexus/compiler/CompilerResult
instanceKlass org/codehaus/plexus/compiler/util/scan/SourceInclusionScanner
instanceKlass org/apache/maven/shared/utils/logging/MessageBuilder
instanceKlass org/codehaus/plexus/compiler/CompilerConfiguration
instanceKlass org/codehaus/plexus/compiler/util/scan/mapping/SourceMapping
instanceKlass org/codehaus/plexus/compiler/Compiler
instanceKlass org/codehaus/plexus/compiler/manager/CompilerManager
instanceKlass org/codehaus/plexus/languages/java/jpms/LocationManager
instanceKlass org/sonatype/plexus/components/cipher/PlexusCipher
instanceKlass org/sonatype/plexus/components/sec/dispatcher/SecDispatcher
instanceKlass java/util/Collections$UnmodifiableList$1
instanceKlass org/apache/maven/model/merge/ModelMerger$1
instanceKlass org/apache/maven/artifact/resolver/filter/AbstractScopeArtifactFilter
instanceKlass org/sonatype/plexus/build/incremental/EmptyScanner
instanceKlass java/nio/file/attribute/PosixFileAttributes
instanceKlass sun/nio/fs/WindowsFileCopy
instanceKlass org/apache/maven/shared/filtering/FilteringUtils
instanceKlass org/apache/commons/io/FilenameUtils
instanceKlass org/codehaus/plexus/util/SelectorUtils
instanceKlass org/codehaus/plexus/util/MatchPatterns
instanceKlass org/codehaus/plexus/util/MatchPattern
instanceKlass org/codehaus/plexus/util/AbstractScanner
instanceKlass org/codehaus/plexus/interpolation/RecursionInterceptor
instanceKlass org/codehaus/plexus/interpolation/AbstractValueSource
instanceKlass org/apache/maven/plugins/resources/MavenBuildTimestamp
instanceKlass org/apache/maven/shared/filtering/FilterWrapper
instanceKlass java/lang/Character$Subset
instanceKlass org/apache/commons/lang3/StringUtils
instanceKlass org/eclipse/sisu/plexus/TypeArguments
instanceKlass org/sonatype/plexus/build/incremental/DefaultBuildContext$$FastClassByGuice$$210226680
instanceKlass org/apache/maven/plugins/resources/ResourcesMojo$$FastClassByGuice$$209056237
instanceKlass org/apache/maven/shared/filtering/DefaultMavenResourcesFiltering$$FastClassByGuice$$207812601
instanceKlass org/apache/maven/shared/filtering/DefaultMavenReaderFilter$$FastClassByGuice$$207074402
instanceKlass org/apache/maven/shared/filtering/DefaultMavenFileFilter$$FastClassByGuice$$205864820
instanceKlass org/codehaus/plexus/interpolation/Interpolator
instanceKlass org/codehaus/plexus/interpolation/BasicInterpolator
instanceKlass org/codehaus/plexus/interpolation/ValueSource
instanceKlass org/codehaus/plexus/util/Scanner
instanceKlass org/apache/maven/shared/filtering/AbstractMavenFilteringRequest
instanceKlass org/apache/maven/shared/filtering/DefaultMavenResourcesFiltering
instanceKlass org/apache/maven/shared/filtering/MavenResourcesFiltering
instanceKlass org/apache/maven/shared/filtering/MavenReaderFilter
instanceKlass org/apache/maven/shared/filtering/BaseFilter
instanceKlass org/apache/maven/shared/filtering/MavenFileFilter
instanceKlass org/apache/maven/shared/filtering/DefaultFilterInfo
instanceKlass org/sonatype/plexus/build/incremental/BuildContext
instanceKlass org/eclipse/sisu/plexus/ComponentDescriptorBeanModule$ComponentMetadata
instanceKlass org/apache/maven/plugins/clean/Cleaner$Result
instanceKlass org/apache/maven/plugins/clean/Cleaner$$Lambda$167
instanceKlass org/apache/maven/plugins/clean/Cleaner$$Lambda$166
instanceKlass org/apache/maven/plugins/clean/Cleaner$Logger
instanceKlass java/lang/invoke/LambdaForm$DMH
instanceKlass org/apache/maven/shared/utils/Os
instanceKlass org/apache/maven/plugins/clean/Cleaner
instanceKlass org/eclipse/sisu/plexus/CompositeBeanHelper$1
instanceKlass org/codehaus/plexus/util/introspection/MethodMap
instanceKlass org/codehaus/plexus/util/introspection/ClassMap$CacheMiss
instanceKlass org/codehaus/plexus/util/introspection/ClassMap
instanceKlass org/codehaus/plexus/util/introspection/ReflectionValueExtractor$Tokenizer
instanceKlass org/codehaus/plexus/util/introspection/ReflectionValueExtractor
instanceKlass org/eclipse/sisu/plexus/CompositeBeanHelper
instanceKlass org/apache/maven/plugin/internal/ValidatingConfigurationListener
instanceKlass org/apache/maven/plugin/DebugConfigurationListener
instanceKlass org/eclipse/sisu/inject/MildKeys
instanceKlass java/time/LocalTime
instanceKlass java/time/LocalDate
instanceKlass java/time/zone/ZoneOffsetTransition
instanceKlass java/time/LocalDateTime
instanceKlass java/time/zone/ZoneOffsetTransitionRule
instanceKlass java/time/zone/ZoneRules
instanceKlass java/time/zone/Ser
instanceKlass java/io/Externalizable
instanceKlass java/time/zone/ZoneRulesProvider$1
instanceKlass java/time/zone/ZoneRulesProvider
instanceKlass java/time/format/DateTimeFormatter$$Lambda$165
instanceKlass java/time/format/DateTimeFormatter$$Lambda$164
instanceKlass java/time/Period
instanceKlass java/time/chrono/ChronoPeriod
instanceKlass java/time/format/DateTimeFormatterBuilder$TextPrinterParser
instanceKlass java/time/format/DateTimeTextProvider$1
instanceKlass java/time/format/DateTimeTextProvider
instanceKlass java/time/format/DateTimeTextProvider$LocaleStore
instanceKlass java/time/format/DateTimeFormatterBuilder$InstantPrinterParser
instanceKlass java/time/format/DateTimeFormatterBuilder$StringLiteralPrinterParser
instanceKlass java/time/format/DateTimeFormatterBuilder$ZoneIdPrinterParser
instanceKlass java/time/format/DateTimeFormatterBuilder$FractionPrinterParser
instanceKlass java/time/format/DateTimeFormatterBuilder$OffsetIdPrinterParser
instanceKlass java/time/format/DecimalStyle
instanceKlass java/time/format/DateTimeFormatterBuilder$CompositePrinterParser
instanceKlass java/time/chrono/AbstractChronology$$Lambda$163
instanceKlass java/time/chrono/ChronoZonedDateTime
instanceKlass java/time/chrono/AbstractChronology$$Lambda$162
instanceKlass java/time/chrono/ChronoLocalDateTime
instanceKlass java/time/chrono/AbstractChronology$$Lambda$161
instanceKlass java/lang/invoke/LambdaForm$DMH
instanceKlass java/time/chrono/ChronoLocalDate
instanceKlass java/time/temporal/TemporalAdjuster
instanceKlass java/time/chrono/AbstractChronology
instanceKlass java/time/chrono/Chronology
instanceKlass java/time/format/DateTimeFormatterBuilder$CharLiteralPrinterParser
instanceKlass java/time/format/DateTimeFormatterBuilder$NumberPrinterParser
instanceKlass java/time/format/DateTimeFormatterBuilder$DateTimePrinterParser
instanceKlass java/time/format/DateTimeFormatterBuilder$2
instanceKlass java/time/temporal/IsoFields
instanceKlass java/time/temporal/ValueRange
instanceKlass java/time/Duration
instanceKlass java/time/temporal/TemporalAmount
instanceKlass java/time/temporal/TemporalUnit
instanceKlass java/time/temporal/TemporalField
instanceKlass java/time/format/DateTimeFormatterBuilder$$Lambda$160
instanceKlass java/time/temporal/TemporalQuery
instanceKlass java/time/ZoneId
instanceKlass java/time/format/DateTimeFormatterBuilder
instanceKlass java/time/format/DateTimeFormatter
instanceKlass java/time/temporal/Temporal
instanceKlass java/time/temporal/TemporalAccessor
instanceKlass org/codehaus/plexus/component/configurator/converters/ParameterizedConfigurationConverter
instanceKlass org/codehaus/plexus/component/configurator/converters/AbstractConfigurationConverter
instanceKlass org/codehaus/plexus/component/configurator/converters/ConfigurationConverter
instanceKlass org/codehaus/plexus/component/configurator/converters/lookup/DefaultConverterLookup
instanceKlass org/codehaus/plexus/component/configurator/expression/DefaultExpressionEvaluator
instanceKlass org/apache/maven/plugin/internal/ReadOnlyPluginParametersValidator$$Lambda$159
instanceKlass org/apache/maven/plugin/internal/ReadOnlyPluginParametersValidator$$Lambda$158
instanceKlass org/apache/maven/plugin/internal/DeprecatedPluginValidator$$Lambda$157
instanceKlass java/lang/invoke/LambdaForm$DMH
instanceKlass org/apache/maven/plugin/internal/DeprecatedPluginValidator$$Lambda$156
instanceKlass java/lang/invoke/LambdaForm$DMH
instanceKlass org/apache/maven/plugin/internal/DeprecatedPluginValidator$$Lambda$155
instanceKlass org/apache/maven/plugin/internal/DeprecatedCoreExpressionValidator$$Lambda$154
instanceKlass org/apache/maven/plugin/internal/DeprecatedCoreExpressionValidator$$Lambda$153
instanceKlass org/apache/maven/plugin/internal/DeprecatedCoreExpressionValidator$$Lambda$152
instanceKlass org/apache/maven/plugin/PluginParameterExpressionEvaluator
instanceKlass org/codehaus/plexus/component/configurator/expression/TypeAwareExpressionEvaluator
instanceKlass org/apache/maven/monitor/logging/DefaultLog
instanceKlass org/apache/maven/plugins/clean/CleanMojo$$FastClassByGuice$$205489063
instanceKlass com/google/inject/internal/Messages$Converter
instanceKlass com/google/inject/internal/Messages
instanceKlass org/w3c/dom/Element
instanceKlass org/w3c/dom/Document
instanceKlass org/w3c/dom/Node
instanceKlass org/apache/maven/plugins/clean/Fileset
instanceKlass org/apache/maven/plugins/clean/Selector
instanceKlass java/util/jar/JarVerifier$3
instanceKlass java/security/CodeSigner
instanceKlass java/util/jar/JarVerifier
instanceKlass org/eclipse/sisu/space/FileEntryIterator
instanceKlass org/eclipse/sisu/space/ResourceEnumeration
instanceKlass org/eclipse/sisu/plexus/ComponentDescriptorBeanModule$PlexusDescriptorBeanSource
instanceKlass org/apache/maven/plugin/AbstractMojo
instanceKlass org/apache/maven/plugin/ContextEnabled
instanceKlass org/apache/maven/plugin/Mojo
instanceKlass org/eclipse/sisu/plexus/ComponentDescriptorBeanModule
instanceKlass org/apache/maven/classrealm/ArtifactClassRealmConstituent
instanceKlass org/apache/maven/RepositoryUtils$$Lambda$151
instanceKlass org/apache/maven/plugin/internal/WagonExcluder
instanceKlass org/apache/maven/plugin/DefaultPluginRealmCache$$Lambda$150
instanceKlass java/lang/invoke/LambdaForm$MH
instanceKlass org/apache/maven/plugin/internal/DefaultMavenPluginManager$$Lambda$149
instanceKlass org/apache/maven/plugin/CacheUtils
instanceKlass org/apache/maven/plugin/DefaultPluginRealmCache$CacheKey
instanceKlass org/apache/maven/lifecycle/internal/MojoExecutor$ProjectLock
instanceKlass org/eclipse/aether/util/graph/visitor/TreeDependencyVisitor
instanceKlass org/eclipse/aether/util/graph/visitor/FilteringDependencyVisitor
instanceKlass org/eclipse/aether/internal/impl/ArtifactRequestBuilder
instanceKlass org/eclipse/aether/util/graph/transformer/NearestVersionSelector$ConflictGroup
instanceKlass org/eclipse/aether/util/graph/transformer/ConflictResolver$ConflictItem
instanceKlass org/eclipse/aether/util/graph/transformer/ConflictResolver$NodeInfo
instanceKlass org/eclipse/aether/util/graph/transformer/ConflictResolver$ScopeContext
instanceKlass org/eclipse/aether/util/graph/transformer/ConflictResolver$ConflictContext
instanceKlass org/eclipse/aether/util/graph/transformer/ConflictResolver$State
instanceKlass org/eclipse/aether/util/graph/transformer/ConflictIdSorter$RootQueue
instanceKlass org/eclipse/aether/util/graph/transformer/ConflictIdSorter$ConflictId
instanceKlass java/util/IdentityHashMap$IdentityHashMapIterator
instanceKlass org/eclipse/aether/util/graph/transformer/ConflictMarker$ConflictGroup
instanceKlass org/eclipse/aether/util/graph/transformer/ConflictMarker$Key
instanceKlass org/eclipse/aether/util/graph/transformer/ConflictMarker
instanceKlass org/eclipse/aether/util/graph/transformer/ConflictIdSorter
instanceKlass org/eclipse/aether/util/graph/transformer/TransformationContextKeys
instanceKlass org/eclipse/aether/internal/impl/collect/DefaultDependencyGraphTransformationContext
instanceKlass org/apache/maven/utils/Os$$Lambda$148
instanceKlass org/apache/maven/utils/Os
instanceKlass org/apache/maven/model/building/DefaultModelBuilder$$Lambda$147
instanceKlass org/apache/maven/model/building/DefaultModelBuilder$$Lambda$146
instanceKlass org/apache/maven/model/building/DefaultModelBuilder$$Lambda$145
instanceKlass org/apache/maven/model/building/DefaultModelBuilder$$Lambda$144
instanceKlass org/apache/maven/model/building/DefaultModelBuilder$$Lambda$143
instanceKlass org/eclipse/aether/util/graph/selector/ExclusionDependencySelector$ExclusionComparator
instanceKlass org/apache/maven/artifact/handler/DefaultArtifactHandler$__sisu12$$FastClassByGuice$$203622598
instanceKlass org/eclipse/aether/collection/DependencyManagement
instanceKlass org/eclipse/aether/internal/impl/collect/DataPool$GraphKey
instanceKlass org/eclipse/aether/internal/impl/collect/DefaultDependencyCycle
instanceKlass org/eclipse/aether/internal/impl/collect/DataPool$Descriptor
instanceKlass org/eclipse/aether/internal/impl/collect/DataPool$HardInternPool$$Lambda$142
instanceKlass org/eclipse/aether/internal/impl/collect/DataPool$DescriptorKey
instanceKlass org/eclipse/aether/internal/impl/collect/DataPool$Constraint$VersionRepo
instanceKlass org/eclipse/aether/internal/impl/collect/DataPool$Constraint
instanceKlass org/eclipse/aether/internal/impl/collect/DataPool$ConstraintKey
instanceKlass org/eclipse/aether/internal/impl/collect/CollectStepDataImpl
instanceKlass org/eclipse/aether/collection/CollectStepData
instanceKlass org/eclipse/aether/graph/Dependency$Exclusions$1
instanceKlass org/eclipse/aether/util/graph/manager/ClassicDependencyManager$$Lambda$141
instanceKlass org/eclipse/aether/util/graph/manager/ClassicDependencyManager$Key
instanceKlass org/eclipse/aether/internal/impl/collect/df/NodeStack
instanceKlass org/eclipse/aether/graph/DependencyCycle
instanceKlass org/eclipse/aether/internal/impl/collect/DataPool$HardInternPool
instanceKlass org/eclipse/aether/internal/impl/collect/DataPool$WeakInternPool
instanceKlass org/eclipse/aether/internal/impl/collect/DataPool$InternPool
instanceKlass org/eclipse/aether/internal/impl/collect/CachingArtifactTypeRegistry
instanceKlass org/apache/maven/artifact/handler/DefaultArtifactHandler$__sisu16$$FastClassByGuice$$202403666
instanceKlass org/apache/maven/artifact/handler/DefaultArtifactHandler$$FastClassByGuice$$202044793
instanceKlass org/apache/maven/RepositoryUtils$$Lambda$140
instanceKlass org/apache/maven/RepositoryUtils$$Lambda$139
instanceKlass org/eclipse/aether/util/artifact/ArtifactIdUtils
instanceKlass org/apache/maven/project/DefaultDependencyResolutionRequest
instanceKlass org/apache/maven/lifecycle/internal/LifecycleDependencyResolver$ReactorDependencyFilter
instanceKlass org/eclipse/aether/util/filter/AndDependencyFilter
instanceKlass org/eclipse/aether/util/filter/ScopeDependencyFilter
instanceKlass org/apache/maven/project/artifact/DefaultProjectArtifactsCache$CacheKey
instanceKlass org/apache/maven/lifecycle/internal/MojoExecutor$1
instanceKlass org/apache/maven/lifecycle/internal/ExecutionPlanItem
instanceKlass org/apache/maven/lifecycle/internal/DefaultMojoExecutionConfigurator$$Lambda$138
instanceKlass org/apache/maven/lifecycle/internal/DefaultMojoExecutionConfigurator$$Lambda$137
instanceKlass java/util/stream/Streams$AbstractStreamBuilderImpl
instanceKlass java/util/stream/Stream$Builder
instanceKlass org/apache/maven/lifecycle/internal/DefaultMojoExecutionConfigurator$$Lambda$136
instanceKlass org/apache/maven/lifecycle/internal/DefaultMojoExecutionConfigurator$$Lambda$135
instanceKlass org/apache/maven/plugin/internal/DefaultPluginValidationManager$PluginValidationIssues$$Lambda$134
instanceKlass org/apache/maven/plugin/internal/DefaultPluginValidationManager$$Lambda$133
instanceKlass org/apache/maven/plugin/internal/DefaultPluginValidationManager$$Lambda$132
instanceKlass org/apache/maven/lifecycle/internal/DefaultMojoExecutionConfigurator$$FastClassByGuice$$200350036
instanceKlass org/codehaus/plexus/component/repository/ComponentDependency
instanceKlass org/apache/maven/plugin/MavenPluginValidator
instanceKlass org/codehaus/plexus/component/repository/ComponentRequirement
instanceKlass org/codehaus/plexus/configuration/DefaultPlexusConfiguration
instanceKlass java/util/stream/MatchOps$$Lambda$131
instanceKlass java/lang/invoke/LambdaForm$BMH
instanceKlass java/util/stream/MatchOps$BooleanTerminalSink
instanceKlass java/util/stream/MatchOps$MatchOp
instanceKlass java/util/stream/MatchOps
instanceKlass org/apache/maven/plugin/internal/PlexusContainerDefaultDependenciesValidator$$Lambda$130
instanceKlass org/apache/maven/plugin/internal/PlexusContainerDefaultDependenciesValidator$$Lambda$129
instanceKlass org/apache/maven/plugin/internal/MavenScopeDependenciesValidator$$Lambda$128
instanceKlass org/apache/maven/plugin/internal/MavenScopeDependenciesValidator$$Lambda$127
instanceKlass org/apache/maven/plugin/internal/MavenScopeDependenciesValidator$$Lambda$126
instanceKlass org/apache/maven/plugin/internal/MavenScopeDependenciesValidator$$Lambda$125
instanceKlass org/apache/maven/plugin/internal/MavenScopeDependenciesValidator$$Lambda$124
instanceKlass org/apache/maven/plugin/internal/MavenScopeDependenciesValidator$$Lambda$123
instanceKlass org/apache/maven/plugin/internal/MavenMixedDependenciesValidator$$Lambda$122
instanceKlass org/apache/maven/plugin/internal/MavenMixedDependenciesValidator$$Lambda$121
instanceKlass org/apache/maven/plugin/internal/MavenMixedDependenciesValidator$$Lambda$120
instanceKlass org/apache/maven/plugin/internal/MavenMixedDependenciesValidator$$Lambda$119
instanceKlass java/util/stream/Collectors$$Lambda$118
instanceKlass java/util/stream/Collectors$$Lambda$117
instanceKlass java/util/stream/Collectors$$Lambda$116
instanceKlass org/apache/maven/plugin/internal/Maven2DependenciesValidator$$Lambda$115
instanceKlass org/apache/maven/plugin/internal/Maven2DependenciesValidator$$Lambda$114
instanceKlass org/apache/maven/plugin/internal/Maven2DependenciesValidator$$Lambda$113
instanceKlass org/apache/maven/plugin/internal/Maven2DependenciesValidator$$Lambda$112
instanceKlass org/apache/maven/plugin/internal/Maven2DependenciesValidator$$Lambda$111
instanceKlass org/apache/maven/model/io/xpp3/MavenXpp3Reader$1
instanceKlass org/apache/maven/model/io/xpp3/MavenXpp3Reader$ContentTransformer
instanceKlass org/apache/maven/model/io/xpp3/MavenXpp3Reader
instanceKlass org/apache/maven/repository/internal/DefaultModelResolver
instanceKlass org/apache/maven/plugin/DefaultPluginDescriptorCache$$Lambda$110
instanceKlass org/apache/maven/plugin/internal/DefaultMavenPluginManager$$Lambda$109
instanceKlass org/apache/maven/plugin/DefaultPluginDescriptorCache$CacheKey
instanceKlass org/apache/maven/lifecycle/internal/GoalTask
instanceKlass org/apache/maven/execution/ProjectExecutionEvent
instanceKlass org/apache/maven/lifecycle/internal/CompoundProjectExecutionListener
instanceKlass org/apache/maven/lifecycle/internal/DefaultLifecycleMappingDelegate$$FastClassByGuice$$199564504
instanceKlass org/apache/maven/lifecycle/internal/DefaultLifecycleExecutionPlanCalculator$$FastClassByGuice$$198949206
instanceKlass org/apache/maven/project/artifact/DefaultProjectArtifactsCache$$FastClassByGuice$$197629383
instanceKlass org/apache/maven/lifecycle/internal/builder/singlethreaded/SingleThreadedBuilder$$FastClassByGuice$$196370474
instanceKlass org/apache/maven/graph/DefaultProjectDependencyGraph$MavenProjectComparator
instanceKlass org/apache/maven/lifecycle/internal/LifecycleTask
instanceKlass org/apache/maven/plugin/internal/DefaultPluginValidationManager$$Lambda$108
instanceKlass org/apache/maven/plugin/internal/DefaultPluginValidationManager$$Lambda$107
instanceKlass org/apache/maven/internal/aether/MavenChainedWorkspaceReader
instanceKlass java/util/stream/Collectors$$Lambda$106
instanceKlass java/util/stream/Collectors$$Lambda$105
instanceKlass java/util/stream/Collectors$$Lambda$104
instanceKlass org/apache/maven/ReactorReader$$Lambda$103
instanceKlass org/apache/maven/ReactorReader$$Lambda$102
instanceKlass org/apache/maven/session/scope/internal/SessionScope$ScopeState$$Lambda$101
instanceKlass java/util/stream/FindOps$$Lambda$100
instanceKlass java/util/stream/FindOps$FindSink
instanceKlass java/util/stream/FindOps$$Lambda$99
instanceKlass java/lang/invoke/LambdaForm$DMH
instanceKlass java/util/stream/FindOps$FindOp
instanceKlass java/util/stream/FindOps
instanceKlass org/apache/maven/execution/MavenSession$$Lambda$98
instanceKlass org/apache/maven/execution/MavenSession$$Lambda$97
instanceKlass org/codehaus/plexus/util/dag/TopologicalSorter
instanceKlass org/codehaus/plexus/util/dag/Vertex
instanceKlass org/codehaus/plexus/util/dag/DAG
instanceKlass org/apache/maven/project/ProjectSorter
instanceKlass org/apache/maven/graph/DefaultProjectDependencyGraph
instanceKlass org/apache/maven/project/DefaultProjectBuildingResult
instanceKlass org/apache/maven/model/Site
instanceKlass java/util/stream/Streams$RangeIntSpliterator
instanceKlass org/apache/maven/model/merge/ModelMerger$NotifierKeyComputer
instanceKlass org/apache/maven/model/building/DefaultModelBuilder$$Lambda$96
instanceKlass org/apache/maven/model/building/DefaultModelBuilder$$Lambda$95
instanceKlass org/apache/maven/model/building/DefaultModelBuilder$$Lambda$94
instanceKlass org/apache/maven/model/Notifier
instanceKlass org/apache/maven/model/building/DefaultModelBuilder$$Lambda$93
instanceKlass org/apache/maven/model/building/DefaultModelBuilder$$Lambda$92
instanceKlass org/eclipse/aether/util/version/GenericVersion$Item
instanceKlass org/eclipse/aether/util/version/GenericVersion$Tokenizer
instanceKlass org/eclipse/aether/util/version/GenericVersion
instanceKlass org/eclipse/aether/util/version/GenericVersionConstraint
instanceKlass org/eclipse/aether/version/VersionRange
instanceKlass org/eclipse/aether/version/VersionConstraint
instanceKlass org/eclipse/aether/util/version/GenericVersionScheme
instanceKlass java/util/Formattable
instanceKlass java/util/Formatter$Conversion
instanceKlass java/util/Formatter$Flags
instanceKlass java/util/Formatter$FormatSpecifier
instanceKlass java/util/Formatter$FixedString
instanceKlass java/util/Formatter$FormatString
instanceKlass java/util/Formatter
instanceKlass org/apache/maven/model/Exclusion
instanceKlass org/eclipse/aether/named/support/NamedLockFactorySupport$$Lambda$91
instanceKlass java/util/AbstractMap$2$1
instanceKlass sun/nio/ch/FileKey
instanceKlass sun/nio/ch/FileLockTable
instanceKlass sun/nio/fs/WindowsFileSystemProvider$1
instanceKlass org/eclipse/aether/repository/LocalArtifactRequest
instanceKlass org/apache/maven/repository/internal/DefaultVersionResolver$Key
instanceKlass org/eclipse/aether/internal/impl/DefaultRepositoryEventDispatcher$1
instanceKlass org/eclipse/aether/RepositoryEvent$Builder
instanceKlass org/eclipse/aether/internal/impl/filter/RemoteRepositoryFilterSourceSupport$SimpleResult
instanceKlass org/eclipse/aether/internal/impl/filter/DefaultRemoteRepositoryFilterManager$$Lambda$90
instanceKlass org/eclipse/aether/named/support/ReadWriteLockNamedLock$$Lambda$89
instanceKlass org/eclipse/aether/named/support/Retry$DoNotRetry
instanceKlass org/eclipse/aether/named/support/NamedLockFactorySupport$$Lambda$88
instanceKlass org/eclipse/aether/internal/impl/synccontext/named/NamedLockFactoryAdapter$AdaptedLockSyncContext
instanceKlass org/eclipse/aether/internal/impl/synccontext/named/GAVNameMapper
instanceKlass org/eclipse/aether/internal/impl/synccontext/named/NameMappers
instanceKlass org/eclipse/sisu/wire/NamedIterableAdapter$NamedEntry
instanceKlass org/eclipse/sisu/wire/NamedIterableAdapter$NamedIterator
instanceKlass org/eclipse/aether/DefaultSessionData$$Lambda$87
instanceKlass org/eclipse/aether/internal/impl/synccontext/DefaultSyncContextFactory$$Lambda$86
instanceKlass org/eclipse/aether/artifact/AbstractArtifact
instanceKlass org/apache/maven/repository/internal/DefaultModelCache$Key
instanceKlass org/apache/maven/model/building/ModelCacheTag$2
instanceKlass org/apache/maven/model/building/ModelCacheTag$1
instanceKlass org/apache/maven/lifecycle/Lifecycle$__sisu8$$FastClassByGuice$$195174699
instanceKlass org/apache/maven/lifecycle/Lifecycle$__sisu7$$FastClassByGuice$$194650074
instanceKlass org/apache/maven/lifecycle/mapping/LifecycleMojo
instanceKlass org/apache/maven/lifecycle/mapping/DefaultLifecycleMapping$__sisu1$$FastClassByGuice$$193120216
instanceKlass org/apache/maven/lifecycle/mapping/Lifecycle
instanceKlass org/apache/maven/model/building/DefaultModelBuildingEvent
instanceKlass org/apache/maven/model/building/ModelBuildingEventCatapult$1
instanceKlass org/apache/maven/project/ReactorModelPool$CacheKey
instanceKlass org/apache/maven/project/DefaultProjectBuilder$InterimResult
instanceKlass org/apache/maven/artifact/handler/DefaultArtifactHandler$__sisu13$$FastClassByGuice$$192543425
instanceKlass org/apache/maven/artifact/versioning/Restriction
instanceKlass org/apache/maven/artifact/ArtifactUtils
instanceKlass org/apache/maven/artifact/DefaultArtifact
instanceKlass org/apache/maven/artifact/handler/DefaultArtifactHandler$__sisu9$$FastClassByGuice$$191091757
instanceKlass org/apache/maven/artifact/versioning/ComparableVersion$StringItem
instanceKlass org/apache/maven/artifact/versioning/ComparableVersion$IntItem
instanceKlass org/apache/maven/artifact/versioning/ComparableVersion$Item
instanceKlass org/apache/maven/artifact/versioning/ComparableVersion
instanceKlass org/apache/maven/artifact/versioning/DefaultArtifactVersion
instanceKlass java/util/Collections$1
instanceKlass org/apache/maven/repository/internal/ArtifactDescriptorUtils
instanceKlass org/apache/maven/model/building/DefaultModelBuilder$$Lambda$85
instanceKlass java/util/function/IntConsumer
instanceKlass java/lang/invoke/LambdaForm$DMH
instanceKlass java/util/stream/IntStream
instanceKlass org/apache/maven/model/Extension
instanceKlass org/codehaus/plexus/interpolation/util/StringUtils
instanceKlass org/apache/maven/model/DistributionManagement
instanceKlass org/apache/maven/model/IssueManagement
instanceKlass org/apache/maven/model/License
instanceKlass org/apache/maven/model/MailingList
instanceKlass org/apache/maven/model/Prerequisites
instanceKlass org/apache/maven/model/Scm
instanceKlass org/apache/maven/model/Organization
instanceKlass org/apache/maven/model/CiManagement
instanceKlass org/apache/maven/model/Parent
instanceKlass org/codehaus/plexus/interpolation/reflection/MethodMap
instanceKlass org/codehaus/plexus/interpolation/reflection/ClassMap$CacheMiss
instanceKlass org/codehaus/plexus/interpolation/reflection/ClassMap
instanceKlass org/codehaus/plexus/interpolation/reflection/ReflectionValueExtractor$Tokenizer
instanceKlass org/codehaus/plexus/interpolation/reflection/ReflectionValueExtractor
instanceKlass org/codehaus/plexus/interpolation/util/ValueSourceUtils
instanceKlass org/apache/maven/model/interpolation/StringVisitorModelInterpolator$ModelVisitor
instanceKlass org/apache/maven/model/interpolation/StringVisitorModelInterpolator$1
instanceKlass org/codehaus/plexus/interpolation/PrefixAwareRecursionInterceptor
instanceKlass org/apache/maven/model/interpolation/UrlNormalizingPostProcessor
instanceKlass org/apache/maven/model/interpolation/PathTranslatingPostProcessor
instanceKlass java/text/DontCareFieldPosition$1
instanceKlass java/text/Format$FieldDelegate
instanceKlass org/apache/maven/model/interpolation/MavenBuildTimestamp
instanceKlass org/apache/maven/model/interpolation/ProblemDetectingValueSource
instanceKlass org/codehaus/plexus/interpolation/PrefixedValueSourceWrapper
instanceKlass org/codehaus/plexus/interpolation/FeedbackEnabledValueSource
instanceKlass org/codehaus/plexus/interpolation/AbstractDelegatingValueSource
instanceKlass org/codehaus/plexus/interpolation/QueryEnabledValueSource
instanceKlass org/apache/maven/model/merge/ModelMerger$ExtensionKeyComputer
instanceKlass org/apache/maven/model/merge/ModelMerger$ResourceKeyComputer
instanceKlass org/apache/maven/model/merge/ModelMerger$SourceDominant
instanceKlass org/apache/maven/model/merge/ModelMerger$DependencyKeyComputer
instanceKlass java/lang/invoke/LambdaForm$MH
instanceKlass org/apache/maven/model/building/DefaultModelBuilder$$Lambda$84
instanceKlass java/lang/invoke/LambdaForm$DMH
instanceKlass org/apache/maven/model/building/DefaultModelBuilder$$Lambda$83
instanceKlass org/apache/maven/model/building/DefaultModelBuilder$$Lambda$82
instanceKlass org/apache/maven/model/building/DefaultModelBuilder$$Lambda$81
instanceKlass java/lang/invoke/LambdaForm$DMH
instanceKlass org/apache/maven/model/building/DefaultModelBuilder$$Lambda$80
instanceKlass org/apache/maven/model/building/DefaultModelBuilder$InterpolateString
instanceKlass org/apache/maven/model/building/DefaultModelBuilder$1Interpolation
instanceKlass org/apache/maven/model/building/DefaultModelBuilder$$Lambda$79
instanceKlass org/apache/maven/model/building/DefaultModelBuilder$$Lambda$78
instanceKlass org/apache/maven/model/building/DefaultModelBuilder$$Lambda$77
instanceKlass org/apache/maven/model/building/DefaultModelBuilder$$Lambda$76
instanceKlass org/apache/maven/model/building/DefaultModelBuilder$$Lambda$75
instanceKlass java/lang/invoke/LambdaForm$DMH
instanceKlass org/apache/maven/model/building/DefaultModelBuilder$$Lambda$74
instanceKlass org/apache/maven/model/profile/DefaultProfileActivationContext$$Lambda$73
instanceKlass org/apache/maven/model/profile/DefaultProfileActivationContext$$Lambda$72
instanceKlass org/apache/maven/model/profile/DefaultProfileActivationContext$$Lambda$71
instanceKlass java/util/Spliterators$IteratorSpliterator
instanceKlass org/apache/maven/model/building/DefaultModelBuilder$$Lambda$70
instanceKlass org/apache/maven/model/building/ModelProblemUtils
instanceKlass org/apache/maven/model/io/xpp3/MavenXpp3ReaderEx$Xpp3DomBuilderInputLocationBuilder
instanceKlass org/apache/maven/model/DependencyManagement
instanceKlass org/apache/maven/model/io/xpp3/MavenXpp3ReaderEx$1
instanceKlass org/codehaus/plexus/util/xml/Xpp3DomBuilder$InputLocationBuilder
instanceKlass org/apache/maven/model/io/xpp3/MavenXpp3ReaderEx$ContentTransformer
instanceKlass org/apache/maven/model/io/xpp3/MavenXpp3ReaderEx
instanceKlass org/apache/maven/model/building/ModelSource2
instanceKlass org/apache/maven/model/building/DefaultModelBuildingResult
instanceKlass org/apache/maven/model/building/AbstractModelBuildingListener
instanceKlass org/apache/maven/project/ProjectModelResolver
instanceKlass org/apache/maven/model/building/DefaultModelBuildingRequest
instanceKlass org/apache/maven/artifact/repository/LegacyLocalRepositoryManager
instanceKlass org/apache/maven/repository/internal/DefaultModelCache
instanceKlass org/apache/maven/project/DefaultProjectBuildingRequest
instanceKlass org/apache/maven/shared/utils/logging/AnsiMessageBuilder
instanceKlass org/apache/maven/lifecycle/internal/DefaultExecutionEventCatapult$1
instanceKlass org/apache/maven/lifecycle/internal/DefaultExecutionEvent
instanceKlass org/apache/maven/AbstractMavenLifecycleParticipant
instanceKlass java/util/concurrent/atomic/AtomicReference
instanceKlass org/apache/maven/session/scope/internal/SessionScope$CachingProvider
instanceKlass org/apache/maven/session/scope/internal/SessionScope$$Lambda$69
instanceKlass org/apache/maven/settings/RuntimeInfo
instanceKlass org/eclipse/aether/internal/impl/LocalPathPrefixComposerFactorySupport$LocalPathPrefixComposerSupport
instanceKlass org/eclipse/aether/internal/impl/SimpleLocalRepositoryManager
instanceKlass org/eclipse/aether/internal/impl/PrioritizedComponent
instanceKlass org/eclipse/sisu/wire/EntrySetAdapter$ValueIterator
instanceKlass org/eclipse/aether/internal/impl/PrioritizedComponents
instanceKlass org/apache/maven/RepositoryUtils$$Lambda$68
instanceKlass java/util/Collections$2
instanceKlass org/eclipse/aether/repository/RemoteRepository$Builder
instanceKlass java/util/ArrayList$SubList$1
instanceKlass org/eclipse/aether/util/ConfigUtils
instanceKlass org/eclipse/aether/AbstractRepositoryListener
instanceKlass org/eclipse/aether/util/repository/DefaultAuthenticationSelector
instanceKlass org/eclipse/aether/util/repository/DefaultProxySelector
instanceKlass org/eclipse/aether/util/repository/DefaultMirrorSelector$MirrorDef
instanceKlass org/eclipse/aether/util/repository/DefaultMirrorSelector
instanceKlass org/apache/maven/settings/crypto/DefaultSettingsDecryptionResult
instanceKlass org/apache/maven/settings/crypto/DefaultSettingsDecryptionRequest
instanceKlass org/apache/maven/RepositoryUtils$MavenArtifactTypeRegistry
instanceKlass org/apache/maven/RepositoryUtils
instanceKlass org/eclipse/aether/util/repository/SimpleResolutionErrorPolicy
instanceKlass java/util/stream/Collectors$$Lambda$67
instanceKlass org/apache/maven/internal/aether/DefaultRepositorySystemSessionFactory$$Lambda$66
instanceKlass org/apache/maven/internal/aether/DefaultRepositorySystemSessionFactory$$Lambda$65
instanceKlass org/apache/maven/internal/aether/DefaultRepositorySystemSessionFactory$$Lambda$64
instanceKlass org/apache/maven/internal/aether/DefaultRepositorySystemSessionFactory$$Lambda$63
instanceKlass org/apache/maven/internal/aether/DefaultRepositorySystemSessionFactory$$Lambda$62
instanceKlass org/apache/maven/internal/aether/DefaultRepositorySystemSessionFactory$$Lambda$61
instanceKlass java/lang/invoke/LambdaForm$DMH
instanceKlass org/eclipse/aether/util/repository/SimpleArtifactDescriptorPolicy
instanceKlass org/eclipse/aether/artifact/DefaultArtifactType
instanceKlass org/eclipse/aether/util/artifact/SimpleArtifactTypeRegistry
instanceKlass org/eclipse/aether/util/graph/transformer/JavaDependencyContextRefiner
instanceKlass org/eclipse/aether/util/graph/transformer/ChainedDependencyGraphTransformer
instanceKlass org/eclipse/aether/util/graph/transformer/ConflictResolver
instanceKlass org/eclipse/aether/graph/Exclusion
instanceKlass org/eclipse/aether/util/graph/selector/ExclusionDependencySelector
instanceKlass org/eclipse/aether/util/graph/selector/OptionalDependencySelector
instanceKlass org/eclipse/aether/util/graph/selector/ScopeDependencySelector
instanceKlass org/eclipse/aether/util/graph/selector/AndDependencySelector
instanceKlass org/eclipse/aether/util/graph/manager/ClassicDependencyManager
instanceKlass org/eclipse/aether/util/graph/traverser/FatArtifactTraverser
instanceKlass org/eclipse/aether/DefaultSessionData
instanceKlass org/eclipse/aether/DefaultRepositorySystemSession$NullFileTransformerManager
instanceKlass org/eclipse/aether/transform/FileTransformerManager
instanceKlass org/eclipse/aether/DefaultRepositorySystemSession$NullArtifactTypeRegistry
instanceKlass org/eclipse/aether/DefaultRepositorySystemSession$NullAuthenticationSelector
instanceKlass org/eclipse/aether/DefaultRepositorySystemSession$NullProxySelector
instanceKlass org/eclipse/aether/DefaultRepositorySystemSession$NullMirrorSelector
instanceKlass org/eclipse/aether/SessionData
instanceKlass org/eclipse/aether/artifact/ArtifactTypeRegistry
instanceKlass org/eclipse/aether/collection/DependencyGraphTransformer
instanceKlass org/eclipse/aether/util/graph/transformer/ConflictResolver$VersionSelector
instanceKlass org/eclipse/aether/util/graph/transformer/ConflictResolver$ScopeSelector
instanceKlass org/eclipse/aether/util/graph/transformer/ConflictResolver$OptionalitySelector
instanceKlass org/eclipse/aether/util/graph/transformer/ConflictResolver$ScopeDeriver
instanceKlass org/apache/maven/repository/internal/MavenRepositorySystemUtils
instanceKlass org/apache/maven/execution/DefaultMavenExecutionResult
instanceKlass org/apache/maven/artifact/repository/MavenArtifactRepository
instanceKlass org/apache/maven/artifact/repository/layout/ArtifactRepositoryLayout2
instanceKlass org/apache/maven/artifact/repository/layout/DefaultRepositoryLayout$$FastClassByGuice$$190660583
instanceKlass org/apache/maven/execution/AbstractExecutionListener
instanceKlass org/apache/maven/cli/transfer/SimplexTransferListener$$Lambda$60
instanceKlass java/lang/invoke/LambdaForm$DMH
instanceKlass java/util/Collections$SynchronizedMap
instanceKlass org/apache/maven/cli/transfer/SimplexTransferListener$Exchange
instanceKlass org/eclipse/aether/transfer/AbstractTransferListener
instanceKlass org/apache/maven/toolchain/building/DefaultToolchainsBuildingResult
instanceKlass org/apache/maven/toolchain/building/DefaultToolchainsBuilder$1
instanceKlass org/apache/maven/toolchain/model/io/xpp3/MavenToolchainsXpp3Writer
instanceKlass org/apache/maven/toolchain/model/io/xpp3/MavenToolchainsXpp3Reader$1
instanceKlass org/apache/maven/toolchain/model/io/xpp3/MavenToolchainsXpp3Reader$ContentTransformer
instanceKlass org/apache/maven/toolchain/model/io/xpp3/MavenToolchainsXpp3Reader
instanceKlass org/apache/maven/building/DefaultProblemCollector
instanceKlass org/apache/maven/building/ProblemCollectorFactory
instanceKlass org/apache/maven/toolchain/building/DefaultToolchainsBuildingRequest
instanceKlass org/apache/maven/settings/building/DefaultSettingsBuildingResult
instanceKlass org/apache/maven/settings/building/DefaultSettingsBuilder$1
instanceKlass org/codehaus/plexus/interpolation/os/OperatingSystemUtils$DefaultEnvVarSource
instanceKlass org/codehaus/plexus/interpolation/os/OperatingSystemUtils$EnvVarSource
instanceKlass org/codehaus/plexus/interpolation/os/OperatingSystemUtils
instanceKlass org/codehaus/plexus/util/xml/pull/MXSerializer
instanceKlass org/codehaus/plexus/util/xml/pull/XmlSerializer
instanceKlass org/apache/maven/settings/io/xpp3/SettingsXpp3Writer
instanceKlass org/codehaus/plexus/util/xml/pull/EntityReplacementMap
instanceKlass org/apache/maven/settings/io/xpp3/SettingsXpp3Reader$1
instanceKlass org/apache/maven/settings/io/xpp3/SettingsXpp3Reader$ContentTransformer
instanceKlass org/apache/maven/settings/io/xpp3/SettingsXpp3Reader
instanceKlass org/apache/maven/building/FileSource
instanceKlass org/apache/maven/settings/building/DefaultSettingsBuildingRequest
instanceKlass org/apache/maven/graph/DefaultGraphBuilder$$FastClassByGuice$$189299780
instanceKlass org/apache/maven/plugin/prefix/internal/DefaultPluginPrefixResolver$$FastClassByGuice$$188122998
instanceKlass org/apache/maven/plugin/CompoundMojoExecutionListener
instanceKlass org/apache/maven/plugin/DefaultBuildPluginManager$$FastClassByGuice$$187416920
instanceKlass org/apache/maven/lifecycle/internal/DefaultLifecycleTaskSegmentCalculator$$FastClassByGuice$$185912073
instanceKlass org/apache/maven/lifecycle/internal/DefaultExecutionEventCatapult$$FastClassByGuice$$184583089
instanceKlass org/apache/maven/project/DefaultProjectDependenciesResolver$$FastClassByGuice$$183507632
instanceKlass org/apache/maven/project/RepositorySessionDecorator
instanceKlass org/apache/maven/plugin/DefaultPluginArtifactsCache$$FastClassByGuice$$182968324
instanceKlass com/google/inject/internal/DelegatingInvocationHandler
instanceKlass org/apache/maven/artifact/repository/metadata/io/DefaultMetadataReader$$FastClassByGuice$$182082972
instanceKlass org/apache/maven/plugin/version/internal/DefaultPluginVersionResolver$$FastClassByGuice$$181054928
instanceKlass org/apache/maven/plugin/DefaultExtensionRealmCache$$FastClassByGuice$$179887902
instanceKlass org/apache/maven/rtinfo/internal/DefaultRuntimeInformation$$FastClassByGuice$$178656979
instanceKlass org/apache/maven/plugin/DefaultPluginRealmCache$$FastClassByGuice$$177568733
instanceKlass org/apache/maven/plugin/DefaultPluginDescriptorCache$$FastClassByGuice$$176609295
instanceKlass org/apache/maven/plugin/internal/DefaultMavenPluginManager$$FastClassByGuice$$175490546
instanceKlass sun/security/jca/GetInstance$Instance
instanceKlass java/security/MessageDigestSpi
instanceKlass sun/security/jca/GetInstance
instanceKlass java/security/SecureRandomSpi
instanceKlass java/security/Provider$UString
instanceKlass java/security/Provider$Service
instanceKlass sun/security/provider/NativePRNG$NonBlocking
instanceKlass sun/security/provider/NativePRNG$Blocking
instanceKlass sun/security/provider/NativePRNG
instanceKlass sun/security/provider/SunEntries$1
instanceKlass sun/security/provider/SunEntries
instanceKlass sun/security/jca/ProviderConfig$2
instanceKlass java/security/Security$1
instanceKlass java/security/Security
instanceKlass sun/security/jca/ProviderList$2
instanceKlass sun/misc/FDBigInteger
instanceKlass sun/misc/FloatingDecimal$PreparedASCIIToBinaryBuffer
instanceKlass sun/misc/FloatingDecimal$ASCIIToBinaryConverter
instanceKlass sun/misc/FloatingDecimal$BinaryToASCIIBuffer
instanceKlass sun/misc/FloatingDecimal$ExceptionalBinaryToASCIIBuffer
instanceKlass sun/misc/FloatingDecimal$BinaryToASCIIConverter
instanceKlass sun/misc/FloatingDecimal
instanceKlass java/security/Provider$EngineDescription
instanceKlass java/security/Provider$ServiceKey
instanceKlass sun/security/jca/ProviderConfig
instanceKlass sun/security/jca/ProviderList
instanceKlass sun/security/jca/Providers
instanceKlass java/security/Key
instanceKlass java/security/spec/AlgorithmParameterSpec
instanceKlass org/apache/maven/repository/DefaultMirrorSelector$$FastClassByGuice$$174437991
instanceKlass org/apache/maven/repository/legacy/repository/DefaultArtifactRepositoryFactory$$FastClassByGuice$$173823098
instanceKlass org/eclipse/aether/artifact/ArtifactType
instanceKlass org/eclipse/aether/internal/impl/synccontext/named/NamedLockFactoryAdapterFactoryImpl$$Lambda$59
instanceKlass java/lang/invoke/LambdaForm$DMH
instanceKlass org/eclipse/sisu/wire/NamedIterableAdapter
instanceKlass org/eclipse/aether/internal/impl/DefaultUpdateCheckManager$1
instanceKlass org/apache/maven/project/artifact/DefaultMavenMetadataCache$$FastClassByGuice$$171974215
instanceKlass org/apache/maven/repository/legacy/DefaultUpdateCheckManager$$FastClassByGuice$$171470200
instanceKlass org/apache/maven/repository/legacy/DefaultWagonManager$$FastClassByGuice$$170049750
instanceKlass org/apache/maven/artifact/repository/metadata/DefaultRepositoryMetadataManager$$FastClassByGuice$$169092277
instanceKlass org/apache/maven/project/artifact/DefaultMetadataSource$$FastClassByGuice$$167863978
instanceKlass org/apache/maven/artifact/resolver/DefaultResolutionErrorHandler$$FastClassByGuice$$166796544
instanceKlass org/apache/maven/plugin/internal/DefaultLegacySupport$$FastClassByGuice$$166576488
instanceKlass org/apache/maven/repository/legacy/resolver/conflict/NearestConflictResolver$$FastClassByGuice$$165469232
instanceKlass org/apache/maven/artifact/resolver/DefaultArtifactCollector$$FastClassByGuice$$164616491
instanceKlass org/apache/maven/artifact/resolver/DefaultArtifactResolver$DaemonThreadCreator
instanceKlass java/util/concurrent/ThreadPoolExecutor$AbortPolicy
instanceKlass java/util/concurrent/RejectedExecutionHandler
instanceKlass java/util/concurrent/AbstractExecutorService
instanceKlass java/util/concurrent/ExecutorService
instanceKlass org/apache/maven/artifact/resolver/DefaultArtifactResolver$$FastClassByGuice$$162892194
instanceKlass org/apache/maven/artifact/handler/manager/DefaultArtifactHandlerManager$$FastClassByGuice$$161969577
instanceKlass org/apache/maven/artifact/factory/DefaultArtifactFactory$$FastClassByGuice$$160433470
instanceKlass org/apache/maven/repository/legacy/LegacyRepositorySystem$$FastClassByGuice$$159748282
instanceKlass org/apache/maven/project/DefaultProjectRealmCache$$FastClassByGuice$$158556585
instanceKlass org/codehaus/plexus/classworlds/realm/Entry
instanceKlass java/util/Random
instanceKlass org/eclipse/sisu/inject/Guice4$2
instanceKlass org/apache/maven/project/DefaultProjectBuildingHelper$$FastClassByGuice$$157619160
instanceKlass org/apache/maven/lifecycle/internal/DefaultLifecyclePluginAnalyzer$$FastClassByGuice$$156616529
instanceKlass org/apache/maven/model/plugin/DefaultLifecycleBindingsInjector$$FastClassByGuice$$155835162
instanceKlass org/apache/maven/model/PatternSet
instanceKlass org/apache/maven/model/Contributor
instanceKlass org/apache/maven/model/merge/ModelMerger$KeyComputer
instanceKlass org/apache/maven/model/merge/ModelMerger$Remapping
instanceKlass org/apache/maven/project/DefaultProjectBuilder$$FastClassByGuice$$154364785
instanceKlass org/apache/maven/DefaultMaven$$FastClassByGuice$$153467781
instanceKlass org/apache/maven/cli/event/DefaultEventSpyContext
instanceKlass org/eclipse/sisu/wire/EntryListAdapter$ValueIterator
instanceKlass org/apache/maven/cli/logging/Slf4jLogger
instanceKlass org/eclipse/sisu/inject/LazyBeanEntry$JsrNamed
instanceKlass org/eclipse/sisu/inject/LazyBeanEntry
instanceKlass javax/annotation/Priority
instanceKlass java/lang/Package$1
instanceKlass org/eclipse/sisu/inject/Implementations
instanceKlass org/eclipse/sisu/plexus/LazyPlexusBean
instanceKlass org/eclipse/sisu/inject/RankedSequence$Itr
instanceKlass org/eclipse/sisu/inject/RankedBindings$Itr
instanceKlass org/eclipse/sisu/inject/LocatedBeans$Itr
instanceKlass org/eclipse/sisu/plexus/RealmFilteredBeans$FilteredItr
instanceKlass org/eclipse/sisu/plexus/DefaultPlexusBeans$Itr
instanceKlass org/eclipse/sisu/plexus/DefaultPlexusBeans
instanceKlass org/eclipse/sisu/plexus/RealmFilteredBeans
instanceKlass org/eclipse/sisu/inject/BeanCache
instanceKlass org/eclipse/sisu/inject/LocatedBeans
instanceKlass org/eclipse/sisu/inject/MildElements$Indexable
instanceKlass com/google/inject/internal/ProviderInternalFactory$1
instanceKlass com/google/inject/internal/ConstructorInjector$1
instanceKlass org/eclipse/sisu/inject/WatchedBeans
instanceKlass java/util/concurrent/ConcurrentHashMap$Traverser
instanceKlass org/eclipse/sisu/inject/MildValues$ValueItr
instanceKlass org/eclipse/sisu/inject/InjectorBindings
instanceKlass com/google/inject/spi/ProvisionListener$ProvisionInvocation
instanceKlass com/google/inject/internal/MembersInjectorImpl$1
instanceKlass com/google/inject/internal/InternalContext
instanceKlass com/google/inject/internal/Initializer$1
instanceKlass com/google/common/collect/AbstractMapBasedMultimap$AsMap$AsMapIterator
instanceKlass org/codehaus/plexus/DefaultPlexusContainer$$FastClassByGuice$$152742105
instanceKlass org/eclipse/sisu/wire/TypeConverterCache$$FastClassByGuice$$151108151
instanceKlass com/google/inject/internal/SingleMethodInjector$1
instanceKlass org/eclipse/sisu/inject/DefaultBeanLocator$$FastClassByGuice$$150882662
instanceKlass com/google/inject/internal/InjectorImpl$MethodInvoker
instanceKlass com/google/inject/internal/SingleMethodInjector
instanceKlass org/eclipse/sisu/plexus/PlexusXmlBeanConverter$$FastClassByGuice$$149858940
instanceKlass org/sonatype/plexus/components/sec/dispatcher/DefaultSecDispatcher$$FastClassByGuice$$147874514
instanceKlass org/sonatype/plexus/components/cipher/DefaultPlexusCipher$$FastClassByGuice$$147066091
instanceKlass org/codehaus/plexus/component/configurator/MapOrientedComponentConfigurator$$FastClassByGuice$$146560039
instanceKlass org/codehaus/plexus/component/configurator/BasicComponentConfigurator$$FastClassByGuice$$145156447
instanceKlass org/apache/maven/settings/validation/DefaultSettingsValidator$$FastClassByGuice$$143807746
instanceKlass org/apache/maven/settings/io/DefaultSettingsWriter$$FastClassByGuice$$143312891
instanceKlass org/apache/maven/settings/io/DefaultSettingsReader$$FastClassByGuice$$141765049
instanceKlass org/apache/maven/settings/crypto/DefaultSettingsDecrypter$$FastClassByGuice$$140643275
instanceKlass org/apache/maven/settings/building/DefaultSettingsBuilder$$FastClassByGuice$$140371807
instanceKlass org/eclipse/aether/transport/wagon/WagonTransporterFactory$$FastClassByGuice$$139166628
instanceKlass org/eclipse/aether/internal/transport/wagon/PlexusWagonProvider$$FastClassByGuice$$137754066
instanceKlass org/eclipse/aether/internal/transport/wagon/PlexusWagonConfigurator$$FastClassByGuice$$137168934
instanceKlass org/eclipse/aether/transport/http/XChecksumChecksumExtractor$$FastClassByGuice$$135935040
instanceKlass org/eclipse/aether/transport/http/Nexus2ChecksumExtractor$$FastClassByGuice$$135099643
instanceKlass org/eclipse/aether/transport/http/HttpTransporterFactory$$FastClassByGuice$$133832384
instanceKlass org/eclipse/aether/transport/file/FileTransporterFactory$$FastClassByGuice$$132673995
instanceKlass org/apache/maven/repository/internal/VersionsMetadataGeneratorFactory$$FastClassByGuice$$131962640
instanceKlass org/apache/maven/repository/internal/SnapshotMetadataGeneratorFactory$$FastClassByGuice$$130867647
instanceKlass org/apache/maven/repository/internal/PluginsMetadataGeneratorFactory$$FastClassByGuice$$128980534
instanceKlass org/apache/maven/repository/internal/DefaultVersionResolver$$FastClassByGuice$$128523110
instanceKlass org/apache/maven/repository/internal/DefaultVersionRangeResolver$$FastClassByGuice$$127334954
instanceKlass org/apache/maven/repository/internal/DefaultModelCacheFactory$$FastClassByGuice$$126713852
instanceKlass org/apache/maven/repository/internal/DefaultArtifactDescriptorReader$$FastClassByGuice$$125464712
instanceKlass org/eclipse/aether/named/providers/NoopNamedLockFactory$$FastClassByGuice$$123985110
instanceKlass org/eclipse/aether/named/providers/LocalSemaphoreNamedLockFactory$$FastClassByGuice$$123722272
instanceKlass org/eclipse/aether/named/providers/LocalReadWriteLockNamedLockFactory$$FastClassByGuice$$122662866
instanceKlass org/eclipse/aether/named/providers/FileLockNamedLockFactory$$FastClassByGuice$$121371907
instanceKlass org/eclipse/aether/internal/impl/synccontext/named/providers/StaticNameMapperProvider$$FastClassByGuice$$119798774
instanceKlass org/eclipse/aether/internal/impl/synccontext/named/providers/GAVNameMapperProvider$$FastClassByGuice$$118568009
instanceKlass org/eclipse/aether/internal/impl/synccontext/named/providers/FileStaticNameMapperProvider$$FastClassByGuice$$118185893
instanceKlass org/eclipse/aether/internal/impl/synccontext/named/providers/FileHashingGAVNameMapperProvider$$FastClassByGuice$$117231808
instanceKlass org/eclipse/aether/internal/impl/synccontext/named/providers/FileGAVNameMapperProvider$$FastClassByGuice$$115802947
instanceKlass org/eclipse/aether/internal/impl/synccontext/named/providers/DiscriminatingNameMapperProvider$$FastClassByGuice$$115190139
instanceKlass org/eclipse/aether/internal/impl/synccontext/named/NamedLockFactoryAdapterFactoryImpl$$FastClassByGuice$$113694933
instanceKlass org/eclipse/aether/internal/impl/synccontext/legacy/DefaultSyncContextFactory$$FastClassByGuice$$113218377
instanceKlass org/eclipse/aether/internal/impl/synccontext/DefaultSyncContextFactory$$FastClassByGuice$$111407016
instanceKlass org/eclipse/aether/internal/impl/slf4j/Slf4jLoggerFactory$$FastClassByGuice$$110575881
instanceKlass org/eclipse/aether/internal/impl/resolution/TrustedChecksumsArtifactResolverPostProcessor$$FastClassByGuice$$110057062
instanceKlass org/eclipse/aether/internal/impl/filter/PrefixesRemoteRepositoryFilterSource$$FastClassByGuice$$108074117
instanceKlass org/eclipse/aether/internal/impl/filter/GroupIdRemoteRepositoryFilterSource$$FastClassByGuice$$107454543
instanceKlass org/eclipse/aether/internal/impl/filter/DefaultRemoteRepositoryFilterManager$$FastClassByGuice$$106849426
instanceKlass org/eclipse/aether/internal/impl/collect/df/DfDependencyCollector$$FastClassByGuice$$105603207
instanceKlass org/eclipse/aether/internal/impl/collect/bf/BfDependencyCollector$$FastClassByGuice$$104298598
instanceKlass org/eclipse/aether/internal/impl/collect/DefaultDependencyCollector$$FastClassByGuice$$103230890
instanceKlass org/eclipse/aether/internal/impl/checksum/TrustedToProvidedChecksumsSourceAdapter$$FastClassByGuice$$102651909
instanceKlass org/eclipse/aether/internal/impl/checksum/SummaryFileTrustedChecksumsSource$$FastClassByGuice$$101003814
instanceKlass org/eclipse/aether/internal/impl/checksum/SparseDirectoryTrustedChecksumsSource$$FastClassByGuice$$99722031
instanceKlass org/eclipse/aether/internal/impl/checksum/Sha512ChecksumAlgorithmFactory$$FastClassByGuice$$98603290
instanceKlass org/eclipse/aether/internal/impl/checksum/Sha256ChecksumAlgorithmFactory$$FastClassByGuice$$97715650
instanceKlass org/eclipse/aether/internal/impl/checksum/Sha1ChecksumAlgorithmFactory$$FastClassByGuice$$97270906
instanceKlass com/google/inject/internal/aop/ImmutableStringTrie$$Lambda$58
instanceKlass org/eclipse/aether/internal/impl/checksum/Md5ChecksumAlgorithmFactory$$FastClassByGuice$$95998111
instanceKlass org/eclipse/aether/internal/impl/checksum/DefaultChecksumAlgorithmFactorySelector$$FastClassByGuice$$94576317
instanceKlass org/eclipse/aether/internal/impl/SimpleLocalRepositoryManagerFactory$$FastClassByGuice$$94318053
instanceKlass org/eclipse/aether/internal/impl/Maven2RepositoryLayoutFactory$$FastClassByGuice$$92643005
instanceKlass org/eclipse/aether/internal/impl/LoggerFactoryProvider$$FastClassByGuice$$91940539
instanceKlass org/eclipse/aether/internal/impl/EnhancedLocalRepositoryManagerFactory$$FastClassByGuice$$90918882
instanceKlass org/eclipse/aether/internal/impl/DefaultUpdatePolicyAnalyzer$$FastClassByGuice$$89824636
instanceKlass org/eclipse/aether/internal/impl/DefaultUpdateCheckManager$$FastClassByGuice$$88205865
instanceKlass org/eclipse/aether/internal/impl/DefaultTransporterProvider$$FastClassByGuice$$88052292
instanceKlass org/eclipse/aether/internal/impl/DefaultTrackingFileManager$$FastClassByGuice$$86752372
instanceKlass org/eclipse/aether/internal/impl/DefaultRepositorySystemLifecycle$$FastClassByGuice$$85230897
instanceKlass org/eclipse/aether/internal/impl/DefaultRepositorySystem$$FastClassByGuice$$84165528
instanceKlass org/eclipse/aether/internal/impl/DefaultRepositoryLayoutProvider$$FastClassByGuice$$83662563
instanceKlass org/eclipse/aether/internal/impl/DefaultRepositoryEventDispatcher$$FastClassByGuice$$82355977
instanceKlass org/eclipse/aether/internal/impl/DefaultRepositoryConnectorProvider$$FastClassByGuice$$81041868
instanceKlass org/eclipse/aether/internal/impl/DefaultRemoteRepositoryManager$$FastClassByGuice$$80642083
instanceKlass org/eclipse/aether/internal/impl/DefaultOfflineController$$FastClassByGuice$$79391599
instanceKlass org/eclipse/aether/internal/impl/DefaultMetadataResolver$$FastClassByGuice$$77714682
instanceKlass org/eclipse/aether/internal/impl/DefaultLocalRepositoryProvider$$FastClassByGuice$$77335747
instanceKlass org/eclipse/aether/internal/impl/DefaultLocalPathPrefixComposerFactory$$FastClassByGuice$$76082820
instanceKlass org/eclipse/aether/internal/impl/DefaultLocalPathComposer$$FastClassByGuice$$75217013
instanceKlass org/eclipse/aether/internal/impl/DefaultInstaller$$FastClassByGuice$$73820158
instanceKlass org/eclipse/aether/internal/impl/DefaultFileProcessor$$FastClassByGuice$$72529441
instanceKlass org/eclipse/aether/internal/impl/DefaultDeployer$$FastClassByGuice$$72156415
instanceKlass org/eclipse/aether/internal/impl/DefaultChecksumPolicyProvider$$FastClassByGuice$$70367667
instanceKlass org/eclipse/aether/internal/impl/DefaultArtifactResolver$$FastClassByGuice$$70101120
instanceKlass org/eclipse/aether/connector/basic/BasicRepositoryConnectorFactory$$FastClassByGuice$$68397146
instanceKlass org/apache/maven/model/validation/DefaultModelValidator$$FastClassByGuice$$67424881
instanceKlass org/apache/maven/model/superpom/DefaultSuperPomProvider$$FastClassByGuice$$66387771
instanceKlass org/apache/maven/model/profile/activation/PropertyProfileActivator$$FastClassByGuice$$65420089
instanceKlass org/apache/maven/model/profile/activation/OperatingSystemProfileActivator$$FastClassByGuice$$64179123
instanceKlass org/apache/maven/model/profile/activation/JdkVersionProfileActivator$$FastClassByGuice$$63068311
instanceKlass org/apache/maven/model/profile/activation/FileProfileActivator$$FastClassByGuice$$62844431
instanceKlass org/apache/maven/model/profile/DefaultProfileSelector$$FastClassByGuice$$61103550
instanceKlass org/apache/maven/model/profile/DefaultProfileInjector$$FastClassByGuice$$60658121
instanceKlass org/apache/maven/model/plugin/DefaultReportingConverter$$FastClassByGuice$$58897038
instanceKlass org/apache/maven/model/plugin/DefaultReportConfigurationExpander$$FastClassByGuice$$58115021
instanceKlass org/apache/maven/model/plugin/DefaultPluginConfigurationExpander$$FastClassByGuice$$57190952
instanceKlass org/apache/maven/model/path/ProfileActivationFilePathInterpolator$$FastClassByGuice$$56171671
instanceKlass org/apache/maven/model/path/DefaultUrlNormalizer$$FastClassByGuice$$54943301
instanceKlass org/apache/maven/model/path/DefaultPathTranslator$$FastClassByGuice$$53672110
instanceKlass org/apache/maven/model/path/DefaultModelUrlNormalizer$$FastClassByGuice$$53025738
instanceKlass org/apache/maven/model/path/DefaultModelPathTranslator$$FastClassByGuice$$51536650
instanceKlass org/apache/maven/model/normalization/DefaultModelNormalizer$$FastClassByGuice$$51030275
instanceKlass org/apache/maven/model/management/DefaultPluginManagementInjector$$FastClassByGuice$$49908864
instanceKlass org/apache/maven/model/management/DefaultDependencyManagementInjector$$FastClassByGuice$$48597754
instanceKlass org/apache/maven/model/locator/DefaultModelLocator$$FastClassByGuice$$48052676
instanceKlass org/apache/maven/model/io/DefaultModelWriter$$FastClassByGuice$$46854470
instanceKlass org/apache/maven/model/io/DefaultModelReader$$FastClassByGuice$$46100082
instanceKlass org/apache/maven/model/interpolation/StringVisitorModelInterpolator$$FastClassByGuice$$44184525
instanceKlass org/apache/maven/model/interpolation/DefaultModelVersionProcessor$$FastClassByGuice$$43431368
instanceKlass org/apache/maven/model/inheritance/DefaultInheritanceAssembler$$FastClassByGuice$$42989577
instanceKlass org/apache/maven/model/composition/DefaultDependencyManagementImporter$$FastClassByGuice$$41896116
instanceKlass org/apache/maven/model/building/DefaultModelProcessor$$FastClassByGuice$$40172437
instanceKlass org/apache/maven/model/building/DefaultModelBuilder$$FastClassByGuice$$39711686
instanceKlass org/apache/maven/cli/internal/BootstrapCoreExtensionManager$$FastClassByGuice$$38667417
instanceKlass org/apache/maven/cli/configuration/SettingsXmlConfigurationProcessor$$FastClassByGuice$$36866211
instanceKlass org/apache/maven/toolchain/io/DefaultToolchainsWriter$$FastClassByGuice$$36661390
instanceKlass org/apache/maven/toolchain/io/DefaultToolchainsReader$$FastClassByGuice$$35513748
instanceKlass org/apache/maven/toolchain/building/DefaultToolchainsBuilder$$FastClassByGuice$$34277982
instanceKlass org/apache/maven/plugin/internal/ReadOnlyPluginParametersValidator$$FastClassByGuice$$33169939
instanceKlass org/apache/maven/plugin/internal/PlexusContainerDefaultDependenciesValidator$$FastClassByGuice$$31581612
instanceKlass org/apache/maven/plugin/internal/MavenScopeDependenciesValidator$$FastClassByGuice$$30860517
instanceKlass org/apache/maven/plugin/internal/MavenMixedDependenciesValidator$$FastClassByGuice$$29997597
instanceKlass org/apache/maven/plugin/internal/Maven3CompatDependenciesValidator$$FastClassByGuice$$28410490
instanceKlass org/apache/maven/plugin/internal/Maven2DependenciesValidator$$FastClassByGuice$$27490942
instanceKlass org/apache/maven/plugin/internal/DeprecatedPluginValidator$$FastClassByGuice$$26283462
instanceKlass org/apache/maven/plugin/internal/DeprecatedCoreExpressionValidator$$FastClassByGuice$$25791082
instanceKlass org/apache/maven/plugin/internal/DefaultPluginValidationManager$$FastClassByGuice$$24482961
instanceKlass org/apache/maven/plugin/DefaultMojosExecutionStrategy$$FastClassByGuice$$24005375
instanceKlass org/apache/maven/lifecycle/internal/LifecycleDependencyResolver$$FastClassByGuice$$22174957
instanceKlass org/apache/maven/lifecycle/internal/DefaultProjectArtifactFactory$$FastClassByGuice$$21046585
instanceKlass org/apache/maven/internal/aether/ResolverLifecycle$$FastClassByGuice$$19926969
instanceKlass com/google/inject/internal/InjectorImpl$SyntheticProviderBindingImpl$1
instanceKlass com/google/inject/internal/InjectorImpl$1
instanceKlass org/apache/maven/internal/aether/DefaultRepositorySystemSessionFactory$$FastClassByGuice$$19598054
instanceKlass com/google/inject/internal/SingleFieldInjector
instanceKlass org/apache/maven/extension/internal/CoreExportsProvider$$FastClassByGuice$$18524203
instanceKlass org/apache/maven/execution/DefaultMavenExecutionRequestPopulator$$FastClassByGuice$$16851634
instanceKlass org/apache/maven/classrealm/DefaultClassRealmManager$$FastClassByGuice$$15997973
instanceKlass org/apache/maven/ReactorReader$$FastClassByGuice$$15160589
instanceKlass org/apache/maven/DefaultArtifactFilterManager$$FastClassByGuice$$13910875
instanceKlass com/google/inject/internal/SingleParameterInjector
instanceKlass org/apache/maven/lifecycle/internal/builder/BuilderCommon$$FastClassByGuice$$13411318
instanceKlass org/apache/maven/lifecycle/DefaultLifecycles$$FastClassByGuice$$11966635
instanceKlass org/apache/maven/lifecycle/Lifecycle$$FastClassByGuice$$11188641
instanceKlass org/eclipse/sisu/plexus/PlexusConfigurations$ConfigurationProvider
instanceKlass org/apache/maven/lifecycle/internal/MojoExecutor$$FastClassByGuice$$10113748
instanceKlass org/apache/maven/eventspy/internal/EventSpyDispatcher$$FastClassByGuice$$9407371
instanceKlass org/eclipse/sisu/PreDestroy
instanceKlass org/eclipse/sisu/PostConstruct
instanceKlass org/apache/maven/lifecycle/internal/LifecycleStarter$$FastClassByGuice$$7767719
instanceKlass org/apache/maven/lifecycle/internal/LifecycleModuleBuilder$$FastClassByGuice$$6941045
instanceKlass org/eclipse/sisu/bean/BeanPropertySetter
instanceKlass org/apache/maven/lifecycle/internal/LifecyclePluginResolver$$FastClassByGuice$$5672447
instanceKlass org/apache/maven/lifecycle/internal/BuildListCalculator$$FastClassByGuice$$4934344
instanceKlass org/apache/maven/bridge/MavenRepositorySystem$$FastClassByGuice$$3455776
instanceKlass org/apache/maven/lifecycle/internal/MojoDescriptorCreator$$FastClassByGuice$$2651917
instanceKlass org/apache/maven/lifecycle/internal/LifecycleDebugLogger$$FastClassByGuice$$1856039
instanceKlass com/google/inject/internal/ProxyFactory
instanceKlass com/google/common/collect/TransformedIterator
instanceKlass com/google/inject/internal/ConstructorInjectorStore$$Lambda$57
instanceKlass com/google/inject/spi/InterceptorBinding
instanceKlass com/google/inject/internal/MethodAspect
instanceKlass com/google/inject/internal/MembersInjectorImpl
instanceKlass org/eclipse/sisu/bean/BeanInjector
instanceKlass org/eclipse/sisu/plexus/PlexusLifecycleManager$2
instanceKlass org/eclipse/sisu/bean/PropertyBinder$1
instanceKlass org/eclipse/sisu/plexus/ProvidedPropertyBinding
instanceKlass org/eclipse/sisu/plexus/PlexusRequirements$AbstractRequirementProvider
instanceKlass org/eclipse/sisu/bean/BeanPropertyField
instanceKlass org/eclipse/sisu/bean/DeclaredMembers$MemberIterator
instanceKlass org/eclipse/sisu/bean/BeanPropertyIterator
instanceKlass org/eclipse/sisu/bean/DeclaredMembers
instanceKlass org/eclipse/sisu/bean/IgnoreSetters
instanceKlass org/eclipse/sisu/bean/BeanProperties
instanceKlass org/eclipse/sisu/plexus/PlexusRequirements
instanceKlass org/eclipse/sisu/plexus/PlexusConfigurations
instanceKlass org/eclipse/sisu/plexus/PlexusPropertyBinder
instanceKlass org/eclipse/sisu/bean/BeanLifecycle
instanceKlass com/google/inject/internal/EncounterImpl
instanceKlass com/google/inject/internal/AbstractBindingProcessor$Processor$$Lambda$56
instanceKlass org/apache/maven/session/scope/internal/SessionScope$$Lambda$55
instanceKlass org/apache/maven/execution/scope/internal/MojoExecutionScope$2
instanceKlass com/google/inject/internal/ProviderInternalFactory
instanceKlass com/google/inject/internal/InternalProviderInstanceBindingImpl$Factory
instanceKlass com/google/inject/internal/FactoryProxy
instanceKlass com/google/inject/internal/InternalFactoryToProviderAdapter
instanceKlass com/google/inject/internal/ConstructionContext
instanceKlass com/google/inject/internal/SingletonScope$1
instanceKlass com/google/inject/internal/ProviderToInternalFactoryAdapter
instanceKlass com/google/inject/internal/CycleDetectingLock$CycleDetectingLockFactory$ReentrantCycleDetectingLock
instanceKlass com/google/inject/internal/Initializer$InjectableReference
instanceKlass com/google/inject/internal/ProvisionListenerStackCallback
instanceKlass com/google/common/cache/LocalCache$AbstractReferenceEntry
instanceKlass com/google/inject/internal/ProvisionListenerCallbackStore$KeyBinding
instanceKlass com/google/inject/internal/util/Classes
instanceKlass com/google/inject/spi/ExposedBinding
instanceKlass com/google/inject/internal/CreationListener
instanceKlass com/google/inject/internal/InjectorShell$LoggerFactory
instanceKlass com/google/inject/internal/InjectorShell$InjectorFactory
instanceKlass com/google/inject/internal/Initializables$1
instanceKlass com/google/inject/internal/Initializables
instanceKlass com/google/inject/internal/ConstantFactory
instanceKlass com/google/inject/internal/InjectorShell
instanceKlass com/google/inject/internal/ProvisionListenerCallbackStore
instanceKlass com/google/inject/spi/TypeEncounter
instanceKlass com/google/inject/internal/SingleMemberInjector
instanceKlass com/google/inject/internal/MembersInjectorStore
instanceKlass com/google/inject/internal/TypeConverterBindingProcessor$4
instanceKlass com/google/inject/internal/TypeConverterBindingProcessor$2
instanceKlass com/google/inject/internal/TypeConverterBindingProcessor$1
instanceKlass com/google/inject/internal/TypeConverterBindingProcessor$5
instanceKlass com/google/inject/internal/FailableCache
instanceKlass com/google/inject/internal/ConstructorInjectorStore
instanceKlass com/google/inject/internal/DeferredLookups
instanceKlass com/google/inject/spi/ConvertedConstantBinding
instanceKlass com/google/inject/spi/ProviderBinding
instanceKlass com/google/inject/internal/InjectorImpl
instanceKlass com/google/inject/internal/Lookups
instanceKlass com/google/inject/internal/InjectorImpl$InjectorOptions
instanceKlass com/google/inject/internal/AbstractProcessor$$Lambda$54
instanceKlass java/lang/invoke/LambdaForm$DMH
instanceKlass com/google/inject/spi/BindingSourceRestriction$$Lambda$53
instanceKlass com/google/inject/internal/ProvisionListenerStackCallback$ProvisionCallback
instanceKlass com/google/inject/internal/ConstructorInjector
instanceKlass com/google/inject/internal/DefaultConstructionProxyFactory$FastClassProxy
instanceKlass java/lang/invoke/LambdaForm$MH
instanceKlass com/google/inject/internal/aop/AbstractGlueGenerator$$Lambda$52
instanceKlass com/google/inject/internal/aop/ImmutableStringTrie
instanceKlass java/util/function/ToIntFunction
instanceKlass java/lang/invoke/LambdaForm$BMH
instanceKlass java/lang/invoke/LambdaForm$DMH
instanceKlass java/lang/invoke/LambdaForm$DMH
instanceKlass org/apache/maven/plugin/internal/DefaultPluginDependenciesResolver$$FastClassByGuice$$463603
instanceKlass com/google/inject/internal/aop/GeneratedClassDefiner
instanceKlass java/lang/ClassLoader$$DefineAccessByGuice$$
instanceKlass com/google/inject/internal/aop/UnsafeClassDefiner$ClassLoaderDefineClassHolder$$Lambda$51
instanceKlass com/google/inject/internal/aop/UnsafeClassDefiner$ClassLoaderDefineClassHolder
instanceKlass com/google/inject/internal/asm/$Handler
instanceKlass com/google/inject/internal/asm/$Attribute
instanceKlass com/google/inject/internal/aop/BytecodeTasks
instanceKlass com/google/inject/internal/aop/AbstractGlueGenerator$$Lambda$50
instanceKlass com/google/inject/internal/asm/$Handle
instanceKlass com/google/inject/internal/asm/$Label
instanceKlass com/google/inject/internal/asm/$Frame
instanceKlass com/google/inject/internal/asm/$ByteVector
instanceKlass com/google/inject/internal/asm/$Symbol
instanceKlass com/google/inject/internal/asm/$SymbolTable
instanceKlass com/google/inject/internal/asm/$FieldVisitor
instanceKlass com/google/inject/internal/asm/$MethodVisitor
instanceKlass com/google/inject/internal/asm/$AnnotationVisitor
instanceKlass com/google/inject/internal/asm/$RecordComponentVisitor
instanceKlass com/google/inject/internal/asm/$ModuleVisitor
instanceKlass com/google/inject/internal/asm/$ClassVisitor
instanceKlass com/google/inject/internal/aop/AbstractGlueGenerator
instanceKlass com/google/inject/internal/aop/ClassBuilding$$Lambda$49
instanceKlass com/google/inject/internal/aop/ClassBuilding$$Lambda$48
instanceKlass com/google/inject/internal/asm/$Type
instanceKlass com/google/inject/internal/aop/UnsafeClassDefiner$$Lambda$47
instanceKlass com/google/inject/internal/aop/AnonymousClassDefiner
instanceKlass com/google/inject/internal/aop/UnsafeClassDefiner
instanceKlass com/google/inject/internal/aop/ClassDefining$ClassDefinerHolder
instanceKlass com/google/inject/internal/aop/ClassDefiner
instanceKlass com/google/inject/internal/aop/ClassDefining
instanceKlass com/google/inject/internal/aop/ClassBuilding$$Lambda$46
instanceKlass java/lang/invoke/LambdaForm$DMH
instanceKlass com/google/inject/internal/BytecodeGen$$Lambda$45
instanceKlass java/lang/invoke/LambdaForm$DMH
instanceKlass com/google/inject/internal/BytecodeGen$EnhancerBuilder
instanceKlass com/google/inject/internal/aop/ClassBuilding
instanceKlass com/google/common/collect/MapMakerInternalMap$StrongValueEntry
instanceKlass com/google/common/collect/MapMakerInternalMap$WeakKeyStrongValueEntry$Helper
instanceKlass com/google/common/collect/MapMakerInternalMap$InternalEntry
instanceKlass com/google/common/collect/MapMakerInternalMap$1
instanceKlass com/google/common/collect/MapMakerInternalMap$InternalEntryHelper
instanceKlass com/google/common/collect/MapMakerInternalMap$WeakValueReference
instanceKlass com/google/common/collect/MapMaker
instanceKlass com/google/inject/internal/BytecodeGen
instanceKlass com/google/inject/internal/ConstructionProxy
instanceKlass com/google/inject/internal/DefaultConstructionProxyFactory
instanceKlass com/google/inject/internal/ConstructionProxyFactory
instanceKlass com/google/inject/internal/ConstructorBindingImpl$Factory
instanceKlass org/eclipse/sisu/inject/TypeArguments$Implicit
instanceKlass org/eclipse/sisu/wire/BeanProviders$3
instanceKlass org/sonatype/inject/BeanEntry
instanceKlass org/eclipse/sisu/BeanEntry
instanceKlass org/eclipse/sisu/wire/BeanProviders$4
instanceKlass org/eclipse/sisu/wire/PlaceholderBeanProvider
instanceKlass org/eclipse/sisu/wire/BeanProviders$6
instanceKlass org/eclipse/sisu/wire/BeanProviders$7
instanceKlass org/eclipse/sisu/wire/BeanProviders$1
instanceKlass com/google/inject/spi/ProviderLookup$1
instanceKlass com/google/inject/spi/ProviderWithDependencies
instanceKlass com/google/inject/spi/ProviderLookup
instanceKlass org/eclipse/sisu/wire/BeanProviders
instanceKlass org/eclipse/sisu/inject/HiddenSource
instanceKlass org/eclipse/sisu/wire/LocatorWiring
instanceKlass com/google/inject/ProvidedBy
instanceKlass com/google/inject/ImplementedBy
instanceKlass org/sonatype/plexus/components/cipher/PBECipher
instanceKlass org/codehaus/classworlds/ClassRealm
instanceKlass org/apache/maven/settings/crypto/SettingsDecryptionResult
instanceKlass org/apache/maven/settings/building/DefaultSettingsProblemCollector
instanceKlass org/apache/maven/settings/merge/MavenSettingsMerger
instanceKlass org/apache/maven/settings/building/SettingsBuildingResult
instanceKlass org/apache/maven/settings/building/SettingsProblemCollector
instanceKlass org/eclipse/aether/impl/MetadataGenerator
instanceKlass org/apache/maven/model/Relocation
instanceKlass org/apache/maven/repository/internal/ArtifactDescriptorReaderDelegate
instanceKlass org/eclipse/aether/named/support/AdaptedSemaphoreNamedLock$AdaptedSemaphore
instanceKlass org/eclipse/aether/named/support/NamedLockSupport
instanceKlass org/eclipse/aether/named/support/NamedLockFactorySupport$NamedLockHolder
instanceKlass org/eclipse/aether/named/NamedLock
instanceKlass org/eclipse/aether/internal/impl/synccontext/named/NamedLockFactoryAdapter
instanceKlass org/eclipse/aether/spi/log/Logger
instanceKlass org/eclipse/aether/internal/impl/filter/PrefixesRemoteRepositoryFilterSource$Node
instanceKlass org/eclipse/aether/spi/connector/filter/RemoteRepositoryFilter$Result
instanceKlass org/eclipse/aether/spi/connector/filter/RemoteRepositoryFilter
instanceKlass org/eclipse/aether/collection/DependencyTraverser
instanceKlass org/eclipse/aether/collection/DependencyManager
instanceKlass org/eclipse/aether/internal/impl/collect/df/DfDependencyCollector$Args
instanceKlass org/eclipse/aether/internal/impl/collect/bf/BfDependencyCollector$DescriptorResolutionResult
instanceKlass org/eclipse/aether/internal/impl/collect/bf/BfDependencyCollector$Args
instanceKlass org/eclipse/aether/internal/impl/collect/bf/DependencyProcessingContext
instanceKlass org/eclipse/aether/internal/impl/collect/bf/DependencyResolutionSkipper
instanceKlass org/eclipse/aether/collection/VersionFilter
instanceKlass org/eclipse/aether/graph/DefaultDependencyNode
instanceKlass org/eclipse/aether/version/Version
instanceKlass org/eclipse/aether/internal/impl/collect/PremanagedDependency
instanceKlass org/eclipse/aether/internal/impl/collect/DependencyCollectorDelegate$Results
instanceKlass org/eclipse/aether/internal/impl/collect/DefaultVersionFilterContext
instanceKlass org/eclipse/aether/internal/impl/collect/DefaultDependencyCollectionContext
instanceKlass org/eclipse/aether/collection/DependencyCollectionContext
instanceKlass org/eclipse/aether/internal/impl/collect/DataPool
instanceKlass org/eclipse/aether/collection/VersionFilter$VersionFilterContext
instanceKlass org/eclipse/aether/collection/DependencyGraphTransformationContext
instanceKlass org/eclipse/aether/spi/connector/Transfer
instanceKlass org/eclipse/aether/internal/impl/checksum/SummaryFileTrustedChecksumsSource$SummaryFileWriter
instanceKlass org/eclipse/aether/internal/impl/checksum/SparseDirectoryTrustedChecksumsSource$SparseDirectoryWriter
instanceKlass org/eclipse/aether/spi/checksums/TrustedChecksumsSource$Writer
instanceKlass org/eclipse/aether/spi/connector/checksum/ChecksumAlgorithm
instanceKlass org/eclipse/aether/impl/UpdateCheck
instanceKlass org/eclipse/aether/spi/connector/transport/Transporter
instanceKlass java/nio/channels/FileLock
instanceKlass org/eclipse/aether/resolution/VersionRequest
instanceKlass org/eclipse/aether/resolution/DependencyResult
instanceKlass org/eclipse/aether/resolution/DependencyRequest
instanceKlass org/eclipse/aether/resolution/ArtifactDescriptorRequest
instanceKlass org/eclipse/aether/resolution/VersionRangeResult
instanceKlass org/eclipse/aether/resolution/VersionRangeRequest
instanceKlass org/eclipse/aether/collection/CollectResult
instanceKlass org/eclipse/aether/collection/CollectRequest
instanceKlass org/eclipse/aether/spi/connector/layout/RepositoryLayout
instanceKlass org/eclipse/aether/RepositoryEvent
instanceKlass org/eclipse/aether/repository/LocalRepository
instanceKlass org/eclipse/aether/internal/impl/LocalPathPrefixComposer
instanceKlass org/eclipse/aether/transform/FileTransformer
instanceKlass org/eclipse/aether/installation/InstallResult
instanceKlass org/eclipse/aether/installation/InstallRequest
instanceKlass org/eclipse/aether/spi/io/FileProcessor$ProgressListener
instanceKlass org/eclipse/aether/internal/impl/DefaultDeployer$EventCatapult
instanceKlass org/eclipse/aether/deployment/DeployResult
instanceKlass org/eclipse/aether/deployment/DeployRequest
instanceKlass org/eclipse/aether/repository/RepositoryPolicy
instanceKlass org/eclipse/aether/transfer/TransferResource
instanceKlass org/eclipse/aether/spi/connector/checksum/ChecksumPolicy
instanceKlass org/eclipse/aether/resolution/ArtifactRequest
instanceKlass org/eclipse/aether/resolution/VersionResult
instanceKlass org/eclipse/aether/repository/LocalArtifactResult
instanceKlass org/eclipse/aether/internal/impl/DefaultArtifactResolver$ResolutionGroup
instanceKlass org/eclipse/aether/SyncContext
instanceKlass org/eclipse/aether/spi/locator/ServiceLocator
instanceKlass org/eclipse/aether/repository/RemoteRepository
instanceKlass org/eclipse/aether/spi/connector/RepositoryConnector
instanceKlass org/apache/maven/model/validation/DefaultModelValidator$1ActivationFrame
instanceKlass org/apache/maven/model/profile/activation/JdkVersionProfileActivator$RangeValue
instanceKlass org/apache/maven/model/InputLocation
instanceKlass org/apache/maven/model/InputSource
instanceKlass org/apache/maven/model/interpolation/StringVisitorModelInterpolator$InnerInterpolator
instanceKlass org/apache/maven/model/building/ModelBuildingEventCatapult
instanceKlass org/apache/maven/model/ActivationOS
instanceKlass org/apache/maven/model/Activation
instanceKlass org/apache/maven/model/ActivationFile
instanceKlass org/apache/maven/model/ActivationProperty
instanceKlass org/codehaus/plexus/interpolation/RegexBasedInterpolator
instanceKlass org/apache/maven/model/profile/DefaultProfileActivationContext
instanceKlass org/apache/maven/model/building/ModelData
instanceKlass org/apache/maven/model/building/DefaultModelProblemCollector
instanceKlass org/apache/maven/model/building/ModelCacheTag
instanceKlass org/apache/maven/model/building/ModelBuildingEvent
instanceKlass org/apache/maven/model/profile/ProfileActivationContext
instanceKlass org/apache/maven/model/building/ModelProblemCollectorExt
instanceKlass org/apache/maven/cli/internal/extension/model/CoreExtension
instanceKlass org/apache/maven/building/ProblemCollector
instanceKlass org/apache/maven/toolchain/merge/MavenToolchainMerger
instanceKlass org/codehaus/plexus/interpolation/InterpolationPostProcessor
instanceKlass org/apache/maven/toolchain/building/ToolchainsBuildingResult
instanceKlass org/eclipse/aether/graph/Dependency
instanceKlass org/eclipse/aether/resolution/ArtifactDescriptorResult
instanceKlass org/apache/maven/plugin/internal/DefaultPluginValidationManager$PluginValidationIssues
instanceKlass com/google/inject/util/Types
instanceKlass org/eclipse/sisu/Nullable
instanceKlass org/eclipse/aether/repository/AuthenticationSelector
instanceKlass org/eclipse/aether/repository/ProxySelector
instanceKlass org/eclipse/aether/repository/MirrorSelector
instanceKlass org/eclipse/aether/resolution/ResolutionErrorPolicy
instanceKlass org/eclipse/aether/repository/LocalRepositoryManager
instanceKlass org/apache/maven/classrealm/ClassRealmManagerDelegate
instanceKlass org/apache/maven/classrealm/ClassRealmConstituent
instanceKlass org/apache/maven/classrealm/ClassRealmRequest
instanceKlass org/eclipse/aether/repository/WorkspaceRepository
instanceKlass org/apache/maven/ArtifactFilterManagerDelegate
instanceKlass org/apache/maven/model/merge/ModelMerger
instanceKlass org/apache/maven/model/plugin/DefaultLifecycleBindingsInjector
instanceKlass org/apache/maven/lifecycle/internal/DefaultLifecycleTaskSegmentCalculator
instanceKlass org/apache/maven/plugin/DefaultBuildPluginManager
instanceKlass org/apache/maven/model/building/ModelBuildingResult
instanceKlass org/apache/maven/project/ReactorModelPool
instanceKlass org/apache/maven/project/DefaultProjectBuilder$InternalConfig
instanceKlass org/apache/maven/model/resolution/ModelResolver
instanceKlass org/apache/maven/model/building/ModelBuildingListener
instanceKlass org/apache/maven/model/building/ModelCache
instanceKlass org/apache/maven/project/DefaultProjectBuilder
instanceKlass org/apache/maven/profiles/ProfileManager
instanceKlass org/apache/maven/project/DefaultMavenProjectBuilder
instanceKlass org/apache/maven/artifact/factory/DefaultArtifactFactory
instanceKlass org/apache/maven/configuration/BeanConfigurationRequest
instanceKlass org/codehaus/plexus/component/configurator/converters/lookup/ConverterLookup
instanceKlass org/apache/maven/configuration/internal/DefaultBeanConfigurator
instanceKlass org/apache/maven/project/artifact/ProjectArtifactsCache$CacheRecord
instanceKlass org/apache/maven/project/artifact/ProjectArtifactsCache$Key
instanceKlass org/apache/maven/project/artifact/DefaultProjectArtifactsCache
instanceKlass org/apache/maven/plugin/ExtensionRealmCache$Key
instanceKlass org/apache/maven/plugin/DefaultExtensionRealmCache
instanceKlass org/apache/maven/plugin/version/internal/DefaultPluginVersionResolver$Versions
instanceKlass org/apache/maven/plugin/version/internal/DefaultPluginVersionResult
instanceKlass org/apache/maven/plugin/version/internal/DefaultPluginVersionResolver$Key
instanceKlass org/apache/maven/plugin/version/PluginVersionResult
instanceKlass org/apache/maven/plugin/version/internal/DefaultPluginVersionResolver
instanceKlass org/apache/maven/toolchain/DefaultToolchainsBuilder
instanceKlass org/apache/maven/artifact/resolver/DefaultResolutionErrorHandler
instanceKlass org/apache/maven/plugin/PluginArtifactsCache$CacheRecord
instanceKlass org/apache/maven/plugin/PluginArtifactsCache$Key
instanceKlass org/apache/maven/plugin/DefaultPluginArtifactsCache
instanceKlass org/apache/maven/profiles/ProfilesRoot
instanceKlass org/apache/maven/project/artifact/DefaultMavenMetadataCache$CacheKey
instanceKlass org/apache/maven/project/artifact/DefaultMavenMetadataCache
instanceKlass org/apache/maven/artifact/handler/manager/DefaultArtifactHandlerManager
instanceKlass org/apache/maven/artifact/repository/layout/FlatRepositoryLayout
instanceKlass org/apache/maven/model/building/ModelSource
instanceKlass org/apache/maven/execution/ProjectDependencyGraph
instanceKlass org/apache/maven/graph/DefaultGraphBuilder
instanceKlass org/apache/maven/artifact/repository/metadata/io/DefaultMetadataReader
instanceKlass org/apache/maven/repository/legacy/resolver/conflict/FarthestConflictResolver
instanceKlass org/apache/maven/lifecycle/DefaultLifecycleExecutor
instanceKlass org/apache/maven/model/building/Result
instanceKlass org/eclipse/aether/DefaultRepositorySystemSession
instanceKlass org/apache/maven/execution/MavenExecutionResult
instanceKlass org/apache/maven/DefaultMaven
instanceKlass org/apache/maven/settings/building/SettingsBuildingRequest
instanceKlass org/apache/maven/lifecycle/internal/ProjectSegment
instanceKlass org/apache/maven/lifecycle/internal/builder/multithreaded/ThreadOutputMuxer
instanceKlass org/apache/maven/lifecycle/internal/builder/multithreaded/ConcurrencyDependencyGraph
instanceKlass java/util/concurrent/CompletionService
instanceKlass org/apache/maven/lifecycle/internal/builder/multithreaded/MultiThreadedBuilder
instanceKlass org/apache/maven/toolchain/model/TrackableBase
instanceKlass org/apache/maven/toolchain/DefaultToolchain
instanceKlass org/apache/maven/toolchain/java/JavaToolchain
instanceKlass org/apache/maven/toolchain/java/JavaToolchainFactory
instanceKlass org/apache/maven/lifecycle/internal/PhaseRecorder
instanceKlass org/apache/maven/lifecycle/internal/DependencyContext
instanceKlass org/apache/maven/lifecycle/internal/ProjectIndex
instanceKlass org/apache/maven/plugin/MojoExecutionRunner
instanceKlass org/apache/maven/repository/legacy/repository/DefaultArtifactRepositoryFactory
instanceKlass org/apache/maven/repository/metadata/DefaultGraphConflictResolutionPolicy
instanceKlass org/apache/maven/lifecycle/internal/DefaultLifecycleExecutionPlanCalculator
instanceKlass org/eclipse/aether/resolution/ArtifactResult
instanceKlass org/eclipse/aether/collection/DependencySelector
instanceKlass org/eclipse/aether/resolution/ArtifactDescriptorPolicy
instanceKlass org/apache/maven/plugin/internal/DefaultPluginDependenciesResolver
instanceKlass java/util/concurrent/ThreadFactory
instanceKlass org/apache/maven/artifact/resolver/DefaultArtifactResolver
instanceKlass org/apache/maven/project/ProjectBuildingResult
instanceKlass org/apache/maven/exception/ExceptionSummary
instanceKlass org/apache/maven/exception/DefaultExceptionHandler
instanceKlass org/apache/maven/repository/ArtifactTransferListener
instanceKlass org/apache/maven/settings/crypto/SettingsDecryptionRequest
instanceKlass org/apache/maven/repository/legacy/LegacyRepositorySystem
instanceKlass org/eclipse/aether/RepositoryListener
instanceKlass org/eclipse/aether/version/VersionScheme
instanceKlass org/apache/maven/rtinfo/internal/DefaultRuntimeInformation
instanceKlass org/apache/maven/repository/metadata/ClasspathContainer
instanceKlass org/apache/maven/repository/metadata/DefaultClasspathTransformation
instanceKlass org/apache/maven/plugin/descriptor/Parameter
instanceKlass org/apache/maven/lifecycle/internal/DefaultMojoExecutionConfigurator
instanceKlass org/apache/maven/model/building/ModelProblem
instanceKlass org/apache/maven/project/artifact/MavenMetadataSource$ProjectRelocation
instanceKlass org/apache/maven/artifact/repository/metadata/Metadata
instanceKlass org/apache/maven/repository/legacy/metadata/ResolutionGroup
instanceKlass org/apache/maven/project/artifact/MavenMetadataSource
instanceKlass org/apache/maven/lifecycle/internal/TaskSegment
instanceKlass org/apache/maven/execution/ProjectExecutionListener
instanceKlass org/apache/maven/execution/BuildSummary
instanceKlass org/apache/maven/repository/legacy/resolver/conflict/OldestConflictResolver
instanceKlass org/apache/maven/artifact/repository/DefaultArtifactRepositoryFactory
instanceKlass org/apache/maven/artifact/repository/layout/DefaultRepositoryLayout
instanceKlass org/apache/maven/project/path/DefaultPathTranslator
instanceKlass org/apache/maven/repository/legacy/resolver/conflict/DefaultConflictResolverFactory
instanceKlass org/apache/maven/repository/legacy/resolver/transform/DefaultArtifactTransformationManager
instanceKlass org/apache/maven/lifecycle/internal/DefaultLifecycleMappingDelegate
instanceKlass org/apache/maven/lifecycle/mapping/LifecyclePhase
instanceKlass org/apache/maven/lifecycle/internal/DefaultLifecyclePluginAnalyzer$GoalSpec
instanceKlass org/apache/maven/lifecycle/internal/DefaultLifecyclePluginAnalyzer
instanceKlass org/eclipse/aether/RequestTrace
instanceKlass org/apache/maven/plugin/prefix/PluginPrefixResult
instanceKlass org/eclipse/aether/repository/ArtifactRepository
instanceKlass org/apache/maven/plugin/prefix/internal/DefaultPluginPrefixResolver
instanceKlass org/apache/maven/project/DefaultProjectBuildingHelper
instanceKlass org/apache/maven/plugin/ExtensionRealmCache$CacheRecord
instanceKlass org/eclipse/aether/util/graph/visitor/AbstractDepthFirstNodeListGenerator
instanceKlass org/eclipse/aether/graph/DependencyNode
instanceKlass org/apache/maven/plugin/descriptor/PluginDescriptorBuilder
instanceKlass org/codehaus/plexus/component/configurator/expression/ExpressionEvaluator
instanceKlass org/codehaus/plexus/configuration/PlexusConfiguration
instanceKlass org/apache/maven/plugin/logging/Log
instanceKlass org/codehaus/plexus/component/configurator/ConfigurationListener
instanceKlass org/apache/maven/plugin/internal/DefaultMavenPluginManager
instanceKlass org/apache/maven/artifact/repository/metadata/Versioning
instanceKlass org/apache/maven/artifact/repository/metadata/RepositoryMetadata
instanceKlass org/apache/maven/toolchain/ToolchainPrivate
instanceKlass org/apache/maven/toolchain/Toolchain
instanceKlass org/apache/maven/toolchain/DefaultToolchainManager
instanceKlass org/sonatype/plexus/components/sec/dispatcher/PasswordDecryptor
instanceKlass sun/reflect/generics/tree/MethodTypeSignature
instanceKlass sun/reflect/generics/tree/VoidDescriptor
instanceKlass org/sonatype/plexus/components/sec/dispatcher/model/SettingsSecurity
instanceKlass org/apache/maven/execution/ExecutionEvent
instanceKlass org/apache/maven/lifecycle/internal/DefaultExecutionEventCatapult
instanceKlass org/apache/maven/project/ProjectRealmCache$CacheRecord
instanceKlass org/apache/maven/project/ProjectRealmCache$Key
instanceKlass org/apache/maven/project/DefaultProjectRealmCache
instanceKlass org/apache/maven/settings/RepositoryPolicy
instanceKlass org/apache/maven/model/RepositoryPolicy
instanceKlass org/apache/maven/artifact/repository/Authentication
instanceKlass org/apache/maven/model/Dependency
instanceKlass org/apache/maven/settings/RepositoryBase
instanceKlass org/apache/maven/artifact/repository/ArtifactRepositoryPolicy
instanceKlass org/apache/maven/repository/Proxy
instanceKlass org/apache/maven/wagon/observers/ChecksumObserver
instanceKlass org/apache/maven/repository/legacy/DefaultWagonManager
instanceKlass org/apache/maven/project/ProjectBuilderConfiguration
instanceKlass org/apache/maven/plugin/internal/DefaultPluginManager
instanceKlass org/apache/maven/project/DefaultDependencyResolutionResult
instanceKlass org/apache/maven/project/DependencyResolutionRequest
instanceKlass org/eclipse/aether/graph/DependencyVisitor
instanceKlass org/apache/maven/project/DependencyResolutionResult
instanceKlass org/apache/maven/project/DefaultProjectDependenciesResolver
instanceKlass org/apache/maven/plugin/internal/DefaultLegacySupport
instanceKlass org/apache/maven/artifact/versioning/VersionRange
instanceKlass org/apache/maven/artifact/resolver/ArtifactResolutionResult
instanceKlass org/apache/maven/artifact/resolver/ArtifactResolutionRequest
instanceKlass org/apache/maven/repository/legacy/metadata/MetadataResolutionRequest
instanceKlass org/apache/maven/artifact/repository/RepositoryRequest
instanceKlass org/apache/maven/repository/legacy/resolver/DefaultLegacyArtifactCollector
instanceKlass org/apache/maven/plugin/version/PluginVersionRequest
instanceKlass org/apache/maven/plugin/prefix/PluginPrefixRequest
instanceKlass org/apache/maven/lifecycle/internal/ReactorBuildStatus
instanceKlass org/apache/maven/lifecycle/internal/ReactorContext
instanceKlass org/apache/maven/lifecycle/internal/builder/singlethreaded/SingleThreadedBuilder
instanceKlass org/codehaus/plexus/component/repository/ComponentSetDescriptor
instanceKlass org/apache/maven/plugin/PluginDescriptorCache$PluginDescriptorSupplier
instanceKlass org/apache/maven/plugin/PluginDescriptorCache$Key
instanceKlass org/apache/maven/plugin/DefaultPluginDescriptorCache
instanceKlass org/apache/maven/repository/legacy/resolver/conflict/NewestConflictResolver
instanceKlass org/apache/maven/artifact/handler/DefaultArtifactHandler
instanceKlass org/apache/maven/artifact/resolver/filter/ArtifactFilter
instanceKlass org/apache/maven/DefaultProjectDependenciesResolver
instanceKlass org/apache/maven/artifact/versioning/ArtifactVersion
instanceKlass org/apache/maven/execution/DefaultRuntimeInformation
instanceKlass org/apache/maven/repository/metadata/MetadataGraphEdge
instanceKlass org/apache/maven/repository/metadata/MetadataGraph
instanceKlass org/apache/maven/repository/metadata/MetadataGraphVertex
instanceKlass org/apache/maven/repository/metadata/DefaultGraphConflictResolver
instanceKlass org/apache/maven/settings/TrackableBase
instanceKlass org/apache/maven/repository/DefaultMirrorSelector
instanceKlass org/apache/maven/model/Reporting
instanceKlass org/apache/maven/model/RepositoryBase
instanceKlass org/apache/maven/model/PluginContainer
instanceKlass org/apache/maven/project/inheritance/DefaultModelInheritanceAssembler
instanceKlass org/apache/maven/artifact/repository/ArtifactRepository
instanceKlass org/apache/maven/artifact/Artifact
instanceKlass org/apache/maven/artifact/metadata/ArtifactMetadata
instanceKlass org/apache/maven/repository/legacy/metadata/ArtifactMetadata
instanceKlass org/eclipse/aether/metadata/Metadata
instanceKlass org/eclipse/aether/artifact/Artifact
instanceKlass org/codehaus/plexus/logging/AbstractLogEnabled
instanceKlass org/apache/http/impl/conn/PoolingHttpClientConnectionManager
instanceKlass org/apache/http/pool/ConnPoolControl
instanceKlass org/apache/http/config/Registry
instanceKlass org/apache/http/client/methods/CloseableHttpResponse
instanceKlass org/apache/http/HttpResponse
instanceKlass org/apache/maven/wagon/shared/http/BasicAuthScope
instanceKlass org/apache/maven/wagon/shared/http/HttpConfiguration
instanceKlass org/apache/http/impl/client/CloseableHttpClient
instanceKlass org/apache/http/client/HttpClient
instanceKlass org/apache/http/client/ServiceUnavailableRetryStrategy
instanceKlass org/apache/http/Header
instanceKlass org/apache/http/NameValuePair
instanceKlass org/apache/http/client/RedirectStrategy
instanceKlass org/apache/http/config/Lookup
instanceKlass org/apache/http/conn/ssl/TrustStrategy
instanceKlass org/apache/http/ssl/TrustStrategy
instanceKlass org/apache/http/auth/Credentials
instanceKlass org/apache/http/client/AuthCache
instanceKlass org/apache/http/client/CredentialsProvider
instanceKlass org/apache/http/client/HttpRequestRetryHandler
instanceKlass org/apache/http/protocol/HttpContext
instanceKlass org/apache/http/client/methods/HttpUriRequest
instanceKlass org/apache/http/HttpRequest
instanceKlass org/apache/http/HttpMessage
instanceKlass org/apache/http/auth/AuthScheme
instanceKlass org/apache/http/HttpEntity
instanceKlass org/apache/http/conn/HttpClientConnectionManager
instanceKlass org/apache/maven/wagon/OutputData
instanceKlass org/apache/maven/wagon/InputData
instanceKlass java/util/EventObject
instanceKlass org/apache/maven/wagon/events/SessionListener
instanceKlass org/apache/maven/wagon/events/TransferListener
instanceKlass org/apache/maven/wagon/resource/Resource
instanceKlass org/apache/maven/wagon/repository/RepositoryPermissions
instanceKlass org/apache/maven/wagon/proxy/ProxyInfo
instanceKlass org/apache/maven/wagon/authentication/AuthenticationInfo
instanceKlass org/apache/maven/wagon/events/TransferEventSupport
instanceKlass org/apache/maven/wagon/events/SessionEventSupport
instanceKlass org/apache/maven/wagon/repository/Repository
instanceKlass org/apache/maven/wagon/proxy/ProxyInfoProvider
instanceKlass org/apache/maven/wagon/AbstractWagon
instanceKlass org/apache/maven/wagon/StreamingWagon
instanceKlass org/apache/maven/lifecycle/mapping/DefaultLifecycleMapping
instanceKlass org/eclipse/sisu/space/asm/Handler
instanceKlass org/eclipse/sisu/space/asm/Frame
instanceKlass org/eclipse/sisu/space/asm/ByteVector
instanceKlass org/eclipse/sisu/space/asm/Symbol
instanceKlass org/eclipse/sisu/space/asm/SymbolTable
instanceKlass org/eclipse/sisu/space/asm/ModuleVisitor
instanceKlass org/eclipse/sisu/space/asm/RecordComponentVisitor
instanceKlass org/eclipse/sisu/space/asm/MethodVisitor
instanceKlass org/eclipse/sisu/space/asm/FieldVisitor
instanceKlass org/apache/maven/artifact/resolver/ResolutionNode
instanceKlass org/apache/maven/repository/legacy/resolver/conflict/NearestConflictResolver
instanceKlass org/apache/maven/lifecycle/internal/ProjectBuildList
instanceKlass org/apache/maven/lifecycle/MavenExecutionPlan
instanceKlass org/apache/maven/project/validation/ModelValidationResult
instanceKlass org/apache/maven/model/ModelBase
instanceKlass org/apache/maven/model/building/ModelBuildingRequest
instanceKlass org/apache/maven/model/building/ModelProblemCollector
instanceKlass org/apache/maven/project/validation/DefaultModelValidator
instanceKlass org/eclipse/aether/RepositorySystemSession
instanceKlass org/eclipse/aether/graph/DependencyFilter
instanceKlass org/apache/maven/model/ConfigurationContainer
instanceKlass org/apache/maven/model/InputLocationTracker
instanceKlass org/apache/maven/plugin/PluginRealmCache$CacheRecord
instanceKlass org/apache/maven/plugin/PluginRealmCache$PluginRealmSupplier
instanceKlass org/apache/maven/plugin/PluginRealmCache$Key
instanceKlass org/apache/maven/plugin/DefaultPluginRealmCache
instanceKlass com/google/inject/spi/ProviderWithExtensionVisitor
instanceKlass com/google/common/collect/Iterables
instanceKlass java/util/stream/ForEachOps$ForEachOp
instanceKlass java/util/stream/ForEachOps
instanceKlass com/google/inject/spi/InjectionPoint$$Lambda$44
instanceKlass com/google/inject/spi/InjectionPoint$$Lambda$43
instanceKlass com/google/inject/spi/InjectionPoint$$Lambda$42
instanceKlass java/util/ArrayList$ArrayListSpliterator
instanceKlass com/google/inject/spi/InjectionPoint$$Lambda$41
instanceKlass org/eclipse/sisu/plexus/PlexusBean
instanceKlass org/codehaus/plexus/component/repository/ComponentDescriptor
instanceKlass com/google/inject/spi/ProvidesMethodBinding
instanceKlass org/eclipse/sisu/inject/Guice4
instanceKlass com/google/inject/internal/GuiceInternal
instanceKlass org/sonatype/inject/Parameters
instanceKlass org/eclipse/sisu/plexus/PlexusXmlBeanConverter
instanceKlass org/eclipse/sisu/plexus/PlexusBeanConverter
instanceKlass com/google/inject/spi/TypeConverterBinding
instanceKlass java/lang/reflect/AnnotatedParameterizedType
instanceKlass sun/reflect/generics/tree/Wildcard
instanceKlass sun/reflect/generics/tree/BottomSignature
instanceKlass org/eclipse/sisu/inject/DefaultRankingFunction
instanceKlass com/google/inject/spi/ProvisionListenerBinding
instanceKlass com/google/inject/spi/TypeListenerBinding
instanceKlass org/eclipse/sisu/bean/BeanListener
instanceKlass com/google/inject/matcher/Matchers
instanceKlass org/eclipse/sisu/bean/PropertyBinder
instanceKlass org/eclipse/sisu/plexus/PlexusBeanBinder
instanceKlass com/google/inject/spi/InjectionListener
instanceKlass org/sonatype/plexus/components/sec/dispatcher/DefaultSecDispatcher
instanceKlass org/sonatype/plexus/components/cipher/DefaultPlexusCipher
instanceKlass org/sonatype/plexus/components/cipher/PlexusCipher
instanceKlass org/codehaus/plexus/component/configurator/AbstractComponentConfigurator
instanceKlass org/codehaus/plexus/component/configurator/ComponentConfigurator
instanceKlass org/apache/maven/settings/validation/DefaultSettingsValidator
instanceKlass org/apache/maven/settings/validation/SettingsValidator
instanceKlass org/apache/maven/settings/io/DefaultSettingsWriter
instanceKlass org/apache/maven/settings/io/SettingsWriter
instanceKlass org/apache/maven/settings/io/DefaultSettingsReader
instanceKlass org/apache/maven/settings/io/SettingsReader
instanceKlass org/apache/maven/settings/crypto/DefaultSettingsDecrypter
instanceKlass org/apache/maven/settings/crypto/SettingsDecrypter
instanceKlass org/apache/maven/settings/building/DefaultSettingsBuilder
instanceKlass org/apache/maven/settings/building/SettingsBuilder
instanceKlass org/eclipse/aether/transport/wagon/WagonTransporterFactory
instanceKlass org/eclipse/aether/internal/transport/wagon/PlexusWagonProvider
instanceKlass org/eclipse/aether/transport/wagon/WagonProvider
instanceKlass org/eclipse/aether/internal/transport/wagon/PlexusWagonConfigurator
instanceKlass org/eclipse/aether/transport/wagon/WagonConfigurator
instanceKlass org/eclipse/aether/transport/http/ChecksumExtractor
instanceKlass org/eclipse/aether/transport/http/HttpTransporterFactory
instanceKlass org/eclipse/aether/transport/file/FileTransporterFactory
instanceKlass org/eclipse/aether/spi/connector/transport/TransporterFactory
instanceKlass org/apache/maven/repository/internal/VersionsMetadataGeneratorFactory
instanceKlass org/apache/maven/repository/internal/SnapshotMetadataGeneratorFactory
instanceKlass org/apache/maven/repository/internal/PluginsMetadataGeneratorFactory
instanceKlass org/eclipse/aether/impl/MetadataGeneratorFactory
instanceKlass org/apache/maven/repository/internal/DefaultVersionResolver
instanceKlass org/eclipse/aether/impl/VersionResolver
instanceKlass org/apache/maven/repository/internal/DefaultVersionRangeResolver
instanceKlass org/eclipse/aether/impl/VersionRangeResolver
instanceKlass org/apache/maven/repository/internal/DefaultModelCacheFactory
instanceKlass org/apache/maven/repository/internal/ModelCacheFactory
instanceKlass org/apache/maven/repository/internal/DefaultArtifactDescriptorReader
instanceKlass org/eclipse/aether/impl/ArtifactDescriptorReader
instanceKlass org/eclipse/aether/named/support/NamedLockFactorySupport
instanceKlass org/eclipse/aether/named/NamedLockFactory
instanceKlass org/eclipse/aether/internal/impl/synccontext/named/providers/StaticNameMapperProvider
instanceKlass org/eclipse/aether/internal/impl/synccontext/named/providers/GAVNameMapperProvider
instanceKlass org/eclipse/aether/internal/impl/synccontext/named/providers/FileStaticNameMapperProvider
instanceKlass org/eclipse/aether/internal/impl/synccontext/named/providers/FileHashingGAVNameMapperProvider
instanceKlass org/eclipse/aether/internal/impl/synccontext/named/providers/FileGAVNameMapperProvider
instanceKlass org/eclipse/aether/internal/impl/synccontext/named/NameMapper
instanceKlass org/eclipse/aether/internal/impl/synccontext/named/providers/DiscriminatingNameMapperProvider
instanceKlass org/eclipse/aether/internal/impl/synccontext/named/NamedLockFactoryAdapterFactoryImpl
instanceKlass org/eclipse/aether/internal/impl/synccontext/named/NamedLockFactoryAdapterFactory
instanceKlass org/eclipse/aether/internal/impl/synccontext/legacy/DefaultSyncContextFactory
instanceKlass org/eclipse/aether/impl/SyncContextFactory
instanceKlass org/eclipse/aether/internal/impl/synccontext/DefaultSyncContextFactory
instanceKlass org/eclipse/aether/spi/synccontext/SyncContextFactory
instanceKlass java/lang/Deprecated
instanceKlass org/eclipse/aether/internal/impl/slf4j/Slf4jLoggerFactory
instanceKlass org/eclipse/aether/internal/impl/resolution/ArtifactResolverPostProcessorSupport
instanceKlass org/eclipse/aether/internal/impl/filter/RemoteRepositoryFilterSourceSupport
instanceKlass org/eclipse/aether/spi/connector/filter/RemoteRepositoryFilterSource
instanceKlass org/eclipse/aether/spi/resolution/ArtifactResolverPostProcessor
instanceKlass org/eclipse/aether/internal/impl/filter/DefaultRemoteRepositoryFilterManager
instanceKlass org/eclipse/aether/impl/RemoteRepositoryFilterManager
instanceKlass org/eclipse/aether/internal/impl/collect/DependencyCollectorDelegate
instanceKlass org/eclipse/aether/internal/impl/collect/DefaultDependencyCollector
instanceKlass org/eclipse/aether/impl/DependencyCollector
instanceKlass org/eclipse/aether/internal/impl/checksum/TrustedToProvidedChecksumsSourceAdapter
instanceKlass org/eclipse/aether/spi/checksums/ProvidedChecksumsSource
instanceKlass org/eclipse/aether/internal/impl/checksum/FileTrustedChecksumsSourceSupport
instanceKlass org/eclipse/aether/spi/checksums/TrustedChecksumsSource
instanceKlass org/eclipse/aether/spi/connector/checksum/ChecksumAlgorithmFactorySupport
instanceKlass org/eclipse/aether/spi/connector/checksum/ChecksumAlgorithmFactory
instanceKlass org/eclipse/aether/internal/impl/checksum/DefaultChecksumAlgorithmFactorySelector
instanceKlass org/eclipse/aether/spi/connector/checksum/ChecksumAlgorithmFactorySelector
instanceKlass org/eclipse/aether/internal/impl/SimpleLocalRepositoryManagerFactory
instanceKlass org/eclipse/aether/internal/impl/Maven2RepositoryLayoutFactory
instanceKlass org/eclipse/aether/spi/connector/layout/RepositoryLayoutFactory
instanceKlass org/eclipse/aether/spi/log/LoggerFactory
instanceKlass org/eclipse/aether/internal/impl/LoggerFactoryProvider
instanceKlass org/eclipse/aether/internal/impl/EnhancedLocalRepositoryManagerFactory
instanceKlass org/eclipse/aether/spi/localrepo/LocalRepositoryManagerFactory
instanceKlass org/eclipse/aether/internal/impl/DefaultUpdatePolicyAnalyzer
instanceKlass org/eclipse/aether/impl/UpdatePolicyAnalyzer
instanceKlass org/eclipse/aether/internal/impl/DefaultUpdateCheckManager
instanceKlass org/eclipse/aether/impl/UpdateCheckManager
instanceKlass org/eclipse/aether/internal/impl/DefaultTransporterProvider
instanceKlass org/eclipse/aether/spi/connector/transport/TransporterProvider
instanceKlass org/eclipse/aether/internal/impl/DefaultTrackingFileManager
instanceKlass org/eclipse/aether/internal/impl/TrackingFileManager
instanceKlass org/eclipse/aether/internal/impl/DefaultRepositorySystemLifecycle
instanceKlass org/eclipse/aether/impl/RepositorySystemLifecycle
instanceKlass org/eclipse/aether/internal/impl/DefaultRepositorySystem
instanceKlass org/eclipse/aether/RepositorySystem
instanceKlass org/eclipse/aether/internal/impl/DefaultRepositoryLayoutProvider
instanceKlass org/eclipse/aether/spi/connector/layout/RepositoryLayoutProvider
instanceKlass org/eclipse/aether/internal/impl/DefaultRepositoryEventDispatcher
instanceKlass org/eclipse/aether/impl/RepositoryEventDispatcher
instanceKlass org/eclipse/aether/internal/impl/DefaultRepositoryConnectorProvider
instanceKlass org/eclipse/aether/impl/RepositoryConnectorProvider
instanceKlass org/eclipse/aether/internal/impl/DefaultRemoteRepositoryManager
instanceKlass org/eclipse/aether/impl/RemoteRepositoryManager
instanceKlass org/eclipse/aether/internal/impl/DefaultOfflineController
instanceKlass org/eclipse/aether/impl/OfflineController
instanceKlass org/eclipse/aether/internal/impl/DefaultMetadataResolver
instanceKlass org/eclipse/aether/impl/MetadataResolver
instanceKlass org/eclipse/aether/internal/impl/DefaultLocalRepositoryProvider
instanceKlass org/eclipse/aether/impl/LocalRepositoryProvider
instanceKlass org/eclipse/aether/internal/impl/LocalPathPrefixComposerFactorySupport
instanceKlass org/eclipse/aether/internal/impl/LocalPathPrefixComposerFactory
instanceKlass org/eclipse/aether/internal/impl/DefaultLocalPathComposer
instanceKlass org/eclipse/aether/internal/impl/LocalPathComposer
instanceKlass org/eclipse/aether/internal/impl/DefaultInstaller
instanceKlass org/eclipse/aether/impl/Installer
instanceKlass org/eclipse/aether/internal/impl/DefaultFileProcessor
instanceKlass org/eclipse/aether/spi/io/FileProcessor
instanceKlass org/eclipse/aether/internal/impl/DefaultDeployer
instanceKlass org/eclipse/aether/impl/Deployer
instanceKlass org/eclipse/aether/internal/impl/DefaultChecksumPolicyProvider
instanceKlass org/eclipse/aether/spi/connector/checksum/ChecksumPolicyProvider
instanceKlass org/eclipse/aether/internal/impl/DefaultArtifactResolver
instanceKlass org/eclipse/aether/impl/ArtifactResolver
instanceKlass org/eclipse/aether/connector/basic/BasicRepositoryConnectorFactory
instanceKlass org/eclipse/aether/spi/locator/Service
instanceKlass org/eclipse/aether/spi/connector/RepositoryConnectorFactory
instanceKlass org/apache/maven/model/validation/DefaultModelValidator
instanceKlass org/apache/maven/model/validation/ModelValidator
instanceKlass org/apache/maven/model/superpom/DefaultSuperPomProvider
instanceKlass org/apache/maven/model/superpom/SuperPomProvider
instanceKlass org/apache/maven/model/profile/activation/PropertyProfileActivator
instanceKlass org/apache/maven/model/profile/activation/OperatingSystemProfileActivator
instanceKlass org/apache/maven/model/profile/activation/JdkVersionProfileActivator
instanceKlass org/apache/maven/model/profile/activation/FileProfileActivator
instanceKlass org/apache/maven/model/profile/activation/ProfileActivator
instanceKlass org/apache/maven/model/profile/DefaultProfileSelector
instanceKlass org/apache/maven/model/profile/ProfileSelector
instanceKlass org/apache/maven/model/profile/DefaultProfileInjector
instanceKlass org/apache/maven/model/profile/ProfileInjector
instanceKlass org/apache/maven/model/plugin/DefaultReportingConverter
instanceKlass org/apache/maven/model/plugin/ReportingConverter
instanceKlass org/apache/maven/model/plugin/DefaultReportConfigurationExpander
instanceKlass org/apache/maven/model/plugin/ReportConfigurationExpander
instanceKlass org/apache/maven/model/plugin/DefaultPluginConfigurationExpander
instanceKlass org/apache/maven/model/plugin/PluginConfigurationExpander
instanceKlass org/apache/maven/model/path/ProfileActivationFilePathInterpolator
instanceKlass org/apache/maven/model/path/DefaultUrlNormalizer
instanceKlass org/apache/maven/model/path/UrlNormalizer
instanceKlass org/apache/maven/model/path/DefaultPathTranslator
instanceKlass org/apache/maven/model/path/PathTranslator
instanceKlass org/apache/maven/model/path/DefaultModelUrlNormalizer
instanceKlass org/apache/maven/model/path/ModelUrlNormalizer
instanceKlass org/apache/maven/model/path/DefaultModelPathTranslator
instanceKlass org/apache/maven/model/path/ModelPathTranslator
instanceKlass org/apache/maven/model/normalization/DefaultModelNormalizer
instanceKlass org/apache/maven/model/normalization/ModelNormalizer
instanceKlass org/apache/maven/model/management/DefaultPluginManagementInjector
instanceKlass org/apache/maven/model/management/PluginManagementInjector
instanceKlass org/apache/maven/model/management/DefaultDependencyManagementInjector
instanceKlass org/apache/maven/model/management/DependencyManagementInjector
instanceKlass org/apache/maven/model/locator/DefaultModelLocator
instanceKlass org/apache/maven/model/io/DefaultModelWriter
instanceKlass org/apache/maven/model/io/ModelWriter
instanceKlass org/apache/maven/model/io/DefaultModelReader
instanceKlass org/apache/maven/model/interpolation/AbstractStringBasedModelInterpolator
instanceKlass org/apache/maven/model/interpolation/ModelInterpolator
instanceKlass org/apache/maven/model/interpolation/DefaultModelVersionProcessor
instanceKlass org/apache/maven/model/interpolation/ModelVersionProcessor
instanceKlass org/apache/maven/model/inheritance/DefaultInheritanceAssembler
instanceKlass org/apache/maven/model/inheritance/InheritanceAssembler
instanceKlass org/apache/maven/model/composition/DefaultDependencyManagementImporter
instanceKlass org/apache/maven/model/composition/DependencyManagementImporter
instanceKlass org/apache/maven/model/building/DefaultModelProcessor
instanceKlass org/apache/maven/model/building/ModelProcessor
instanceKlass org/apache/maven/model/io/ModelReader
instanceKlass org/apache/maven/model/locator/ModelLocator
instanceKlass org/apache/maven/model/building/DefaultModelBuilder
instanceKlass org/apache/maven/model/building/ModelBuilder
instanceKlass org/apache/maven/cli/internal/BootstrapCoreExtensionManager
instanceKlass org/apache/maven/cli/configuration/SettingsXmlConfigurationProcessor
instanceKlass org/apache/maven/cli/configuration/ConfigurationProcessor
instanceKlass org/apache/maven/toolchain/io/DefaultToolchainsWriter
instanceKlass org/apache/maven/toolchain/io/ToolchainsWriter
instanceKlass org/apache/maven/toolchain/io/DefaultToolchainsReader
instanceKlass org/apache/maven/toolchain/io/ToolchainsReader
instanceKlass org/apache/maven/toolchain/building/DefaultToolchainsBuilder
instanceKlass org/apache/maven/toolchain/building/ToolchainsBuilder
instanceKlass java/lang/invoke/LambdaForm$Hidden
instanceKlass org/apache/maven/execution/MavenSession
instanceKlass org/apache/maven/session/scope/internal/SessionScope$ScopeState
instanceKlass org/apache/maven/session/scope/internal/SessionScope$$Lambda$40
instanceKlass org/apache/maven/session/scope/internal/SessionScope
instanceKlass sun/reflect/ClassDefiner$1
instanceKlass sun/reflect/ClassDefiner
instanceKlass sun/reflect/MethodAccessorGenerator$1
instanceKlass sun/reflect/Label$PatchInfo
instanceKlass sun/reflect/Label
instanceKlass sun/reflect/UTF8
instanceKlass sun/reflect/ClassFileAssembler
instanceKlass sun/reflect/ByteVectorImpl
instanceKlass sun/reflect/ByteVector
instanceKlass sun/reflect/ByteVectorFactory
instanceKlass sun/reflect/AccessorGenerator
instanceKlass sun/reflect/ClassFileConstants
instanceKlass org/apache/maven/plugin/internal/AbstractMavenPluginDependenciesValidator
instanceKlass org/apache/maven/plugin/internal/MavenPluginDependenciesValidator
instanceKlass org/apache/maven/plugin/internal/AbstractMavenPluginParametersValidator
instanceKlass org/apache/maven/plugin/internal/MavenPluginConfigurationValidator
instanceKlass org/apache/maven/eventspy/AbstractEventSpy
instanceKlass org/apache/maven/eventspy/EventSpy
instanceKlass org/apache/maven/plugin/PluginValidationManager
instanceKlass org/apache/maven/plugin/DefaultMojosExecutionStrategy
instanceKlass org/apache/maven/plugin/MojosExecutionStrategy
instanceKlass org/apache/maven/lifecycle/internal/LifecycleDependencyResolver
instanceKlass org/apache/maven/lifecycle/internal/DefaultProjectArtifactFactory
instanceKlass org/apache/maven/lifecycle/internal/ProjectArtifactFactory
instanceKlass org/apache/maven/internal/aether/ResolverLifecycle
instanceKlass org/apache/maven/internal/aether/DefaultRepositorySystemSessionFactory
instanceKlass org/apache/maven/extension/internal/CoreExportsProvider
instanceKlass org/apache/maven/plugin/MojoExecution
instanceKlass org/apache/maven/project/MavenProject
instanceKlass org/apache/maven/execution/MojoExecutionEvent
instanceKlass org/apache/maven/execution/scope/internal/MojoExecutionScope$ScopeState
instanceKlass org/apache/maven/execution/scope/MojoExecutionScoped
instanceKlass com/google/inject/RestrictedBindingSource$Permit
instanceKlass org/apache/maven/execution/scope/internal/MojoExecutionScope$1
instanceKlass org/apache/maven/execution/scope/internal/MojoExecutionScope
instanceKlass org/apache/maven/execution/MojoExecutionListener
instanceKlass org/eclipse/sisu/space/QualifiedTypeBinder$1
instanceKlass org/apache/maven/execution/DefaultMavenExecutionRequestPopulator
instanceKlass org/apache/maven/execution/MavenExecutionRequestPopulator
instanceKlass org/apache/maven/classrealm/DefaultClassRealmManager
instanceKlass org/apache/maven/classrealm/ClassRealmManager
instanceKlass org/apache/maven/SessionScoped
instanceKlass org/apache/maven/ReactorReader
instanceKlass org/apache/maven/repository/internal/MavenWorkspaceReader
instanceKlass org/eclipse/aether/repository/WorkspaceReader
instanceKlass org/eclipse/sisu/space/WildcardKey$QualifiedImpl
instanceKlass org/eclipse/sisu/space/WildcardKey$Qualified
instanceKlass org/eclipse/sisu/space/WildcardKey
instanceKlass org/eclipse/sisu/Typed
instanceKlass org/sonatype/inject/EagerSingleton
instanceKlass org/eclipse/sisu/EagerSingleton
instanceKlass org/sonatype/inject/Mediator
instanceKlass org/eclipse/sisu/inject/TypeArguments
instanceKlass org/apache/maven/DefaultArtifactFilterManager
instanceKlass org/apache/maven/ArtifactFilterManager
instanceKlass org/eclipse/sisu/space/asm/Context
instanceKlass org/eclipse/sisu/space/asm/Attribute
instanceKlass org/eclipse/sisu/space/asm/AnnotationVisitor
instanceKlass org/eclipse/sisu/space/asm/ClassReader
instanceKlass org/eclipse/sisu/space/IndexedClassFinder$1
instanceKlass org/eclipse/sisu/inject/Logs$SLF4JSink
instanceKlass org/eclipse/sisu/inject/Logs$Sink
instanceKlass org/eclipse/sisu/inject/Logs
instanceKlass org/eclipse/sisu/space/QualifierCache
instanceKlass org/eclipse/sisu/space/QualifiedTypeVisitor
instanceKlass org/eclipse/sisu/plexus/PlexusTypeVisitor$ComponentAnnotationVisitor
instanceKlass org/eclipse/sisu/space/AnnotationVisitor
instanceKlass org/eclipse/sisu/plexus/PlexusTypeVisitor
instanceKlass org/eclipse/sisu/space/ClassVisitor
instanceKlass org/eclipse/sisu/plexus/PlexusXmlBeanModule$PlexusXmlBeanSource
instanceKlass org/eclipse/sisu/inject/DescriptionSource
instanceKlass org/eclipse/sisu/inject/AnnotatedSource
instanceKlass org/eclipse/sisu/Priority
instanceKlass org/eclipse/sisu/Hidden
instanceKlass org/eclipse/sisu/Description
instanceKlass org/eclipse/sisu/inject/Sources
instanceKlass com/google/inject/Key$AnnotationInstanceStrategy
instanceKlass com/google/inject/name/NamedImpl
instanceKlass com/google/inject/name/Named
instanceKlass com/google/inject/name/Names
instanceKlass com/google/inject/internal/MoreTypes$ParameterizedTypeImpl
instanceKlass sun/reflect/generics/reflectiveObjects/ParameterizedTypeImpl
instanceKlass sun/reflect/generics/reflectiveObjects/LazyReflectiveObjectGenerator
instanceKlass org/apache/maven/wagon/Wagon
instanceKlass org/apache/maven/toolchain/ToolchainsBuilder
instanceKlass org/apache/maven/toolchain/ToolchainManagerPrivate
instanceKlass org/apache/maven/toolchain/ToolchainManager
instanceKlass org/apache/maven/toolchain/ToolchainFactory
instanceKlass org/apache/maven/settings/MavenSettingsBuilder
instanceKlass org/apache/maven/rtinfo/RuntimeInformation
instanceKlass org/apache/maven/project/artifact/ProjectArtifactsCache
instanceKlass org/apache/maven/project/artifact/MavenMetadataCache
instanceKlass org/apache/maven/project/ProjectRealmCache
instanceKlass org/apache/maven/project/ProjectDependenciesResolver
instanceKlass org/apache/maven/project/ProjectBuildingHelper
instanceKlass org/apache/maven/project/ProjectBuilder
instanceKlass org/apache/maven/project/MavenProjectHelper
instanceKlass org/apache/maven/plugin/version/PluginVersionResolver
instanceKlass org/apache/maven/plugin/prefix/PluginPrefixResolver
instanceKlass org/apache/maven/plugin/internal/PluginDependenciesResolver
instanceKlass org/apache/maven/plugin/PluginRealmCache
instanceKlass org/apache/maven/plugin/PluginManager
instanceKlass org/apache/maven/plugin/PluginDescriptorCache
instanceKlass org/apache/maven/plugin/PluginArtifactsCache
instanceKlass org/apache/maven/plugin/MavenPluginManager
instanceKlass org/apache/maven/plugin/LegacySupport
instanceKlass org/apache/maven/plugin/ExtensionRealmCache
instanceKlass org/apache/maven/plugin/BuildPluginManager
instanceKlass org/apache/maven/model/plugin/LifecycleBindingsInjector
instanceKlass org/apache/maven/lifecycle/internal/builder/BuilderCommon
instanceKlass org/apache/maven/lifecycle/internal/builder/Builder
instanceKlass org/apache/maven/lifecycle/internal/MojoExecutor
instanceKlass org/apache/maven/lifecycle/internal/MojoDescriptorCreator
instanceKlass org/apache/maven/lifecycle/internal/LifecycleTaskSegmentCalculator
instanceKlass org/apache/maven/lifecycle/internal/LifecycleStarter
instanceKlass org/apache/maven/lifecycle/internal/LifecyclePluginResolver
instanceKlass org/apache/maven/lifecycle/internal/LifecycleModuleBuilder
instanceKlass org/apache/maven/lifecycle/internal/LifecycleExecutionPlanCalculator
instanceKlass org/apache/maven/lifecycle/internal/LifecycleDebugLogger
instanceKlass org/apache/maven/lifecycle/internal/ExecutionEventCatapult
instanceKlass org/apache/maven/lifecycle/internal/BuildListCalculator
instanceKlass org/apache/maven/lifecycle/MojoExecutionConfigurator
instanceKlass org/apache/maven/lifecycle/LifecycleMappingDelegate
instanceKlass org/apache/maven/lifecycle/LifecycleExecutor
instanceKlass org/apache/maven/lifecycle/LifeCyclePluginAnalyzer
instanceKlass org/apache/maven/lifecycle/DefaultLifecycles
instanceKlass org/apache/maven/graph/GraphBuilder
instanceKlass org/apache/maven/eventspy/internal/EventSpyDispatcher
instanceKlass org/apache/maven/configuration/BeanConfigurator
instanceKlass org/apache/maven/bridge/MavenRepositorySystem
instanceKlass org/apache/maven/artifact/resolver/ResolutionErrorHandler
instanceKlass org/apache/maven/artifact/repository/metadata/io/MetadataReader
instanceKlass org/apache/maven/artifact/metadata/ArtifactMetadataSource
instanceKlass org/apache/maven/repository/legacy/metadata/ArtifactMetadataSource
instanceKlass org/apache/maven/artifact/handler/manager/ArtifactHandlerManager
instanceKlass org/apache/maven/artifact/factory/ArtifactFactory
instanceKlass org/apache/maven/ProjectDependenciesResolver
instanceKlass org/apache/maven/Maven
instanceKlass org/apache/maven/artifact/handler/ArtifactHandler
instanceKlass org/sonatype/plexus/components/sec/dispatcher/SecDispatcher
instanceKlass org/apache/maven/lifecycle/Lifecycle
instanceKlass org/eclipse/sisu/space/CloningClassSpace$1
instanceKlass org/apache/maven/lifecycle/mapping/LifecycleMapping
instanceKlass org/apache/maven/repository/metadata/GraphConflictResolver
instanceKlass org/apache/maven/repository/metadata/GraphConflictResolutionPolicy
instanceKlass org/eclipse/sisu/plexus/ConfigurationImpl
instanceKlass org/apache/maven/repository/metadata/ClasspathTransformation
instanceKlass org/apache/maven/repository/legacy/resolver/transform/ArtifactTransformationManager
instanceKlass org/apache/maven/repository/legacy/resolver/transform/ArtifactTransformation
instanceKlass org/apache/maven/repository/legacy/resolver/conflict/ConflictResolverFactory
instanceKlass org/apache/maven/repository/legacy/resolver/conflict/ConflictResolver
instanceKlass org/apache/maven/repository/legacy/repository/ArtifactRepositoryFactory
instanceKlass org/apache/maven/repository/legacy/UpdateCheckManager
instanceKlass org/apache/maven/repository/RepositorySystem
instanceKlass org/apache/maven/repository/MirrorSelector
instanceKlass org/apache/maven/project/validation/ModelValidator
instanceKlass org/apache/maven/project/path/PathTranslator
instanceKlass org/apache/maven/project/interpolation/ModelInterpolator
instanceKlass org/apache/maven/project/inheritance/ModelInheritanceAssembler
instanceKlass org/apache/maven/project/MavenProjectBuilder
instanceKlass org/apache/maven/profiles/MavenProfilesBuilder
instanceKlass org/apache/maven/execution/RuntimeInformation
instanceKlass org/apache/maven/artifact/resolver/ArtifactResolver
instanceKlass org/apache/maven/artifact/resolver/ArtifactCollector
instanceKlass org/apache/maven/repository/legacy/resolver/LegacyArtifactCollector
instanceKlass org/apache/maven/artifact/repository/metadata/RepositoryMetadataManager
instanceKlass org/apache/maven/artifact/repository/layout/ArtifactRepositoryLayout
instanceKlass org/apache/maven/artifact/repository/ArtifactRepositoryFactory
instanceKlass org/apache/maven/artifact/manager/WagonManager
instanceKlass org/apache/maven/repository/legacy/WagonManager
instanceKlass org/apache/maven/artifact/installer/ArtifactInstaller
instanceKlass org/eclipse/sisu/plexus/PlexusXmlMetadata
instanceKlass org/eclipse/sisu/plexus/Roles
instanceKlass org/apache/maven/artifact/deployer/ArtifactDeployer
instanceKlass org/eclipse/sisu/plexus/Hints
instanceKlass org/eclipse/sisu/space/AbstractDeferredClass
instanceKlass org/eclipse/sisu/plexus/RequirementImpl
instanceKlass org/codehaus/plexus/component/annotations/Requirement
instanceKlass org/eclipse/sisu/space/Streams
instanceKlass org/eclipse/sisu/plexus/ComponentImpl
instanceKlass org/codehaus/plexus/component/annotations/Component
instanceKlass org/eclipse/sisu/plexus/PlexusTypeRegistry
instanceKlass org/eclipse/sisu/plexus/PlexusXmlScanner
instanceKlass org/eclipse/sisu/space/QualifiedTypeBinder
instanceKlass org/eclipse/sisu/plexus/PlexusTypeBinder
instanceKlass com/google/inject/spi/InjectionRequest
instanceKlass org/eclipse/sisu/bean/BeanProperty
instanceKlass com/google/common/collect/ObjectArrays
instanceKlass com/google/inject/internal/Nullability
instanceKlass com/google/inject/internal/KotlinSupport$KotlinUnsupported$$Lambda$39
instanceKlass java/lang/invoke/LambdaForm$DMH
instanceKlass com/google/inject/internal/KotlinSupport$KotlinUnsupported
instanceKlass com/google/inject/internal/KotlinSupport$KotlinSupportHolder
instanceKlass com/google/inject/internal/KotlinSupportInterface
instanceKlass com/google/inject/internal/KotlinSupport
instanceKlass com/google/inject/spi/InjectionPoint$OverrideIndex
instanceKlass org/eclipse/sisu/inject/RankedBindings
instanceKlass org/eclipse/sisu/Mediator
instanceKlass sun/reflect/generics/tree/TypeVariableSignature
instanceKlass com/google/inject/Inject
instanceKlass javax/inject/Inject
instanceKlass com/google/inject/internal/DeclaredMembers$$Lambda$38
instanceKlass com/google/inject/internal/DeclaredMembers$$Lambda$37
instanceKlass com/google/inject/internal/DeclaredMembers$$Lambda$36
instanceKlass com/google/inject/internal/DeclaredMembers$$Lambda$35
instanceKlass java/lang/reflect/WildcardType
instanceKlass java/lang/reflect/TypeVariable
instanceKlass com/google/inject/spi/InjectionPoint$InjectableMembers
instanceKlass com/google/inject/spi/InjectionPoint$InjectableMember
instanceKlass com/google/inject/spi/InjectionPoint
instanceKlass java/lang/reflect/ParameterizedType
instanceKlass com/google/inject/internal/MoreTypes$GenericArrayTypeImpl
instanceKlass com/google/inject/internal/MoreTypes$CompositeType
instanceKlass com/google/inject/Key$AnnotationTypeStrategy
instanceKlass com/google/common/cache/LocalCache$StrongValueReference
instanceKlass com/google/common/util/concurrent/AbstractFuture$Failure
instanceKlass com/google/common/util/concurrent/AbstractFuture$Cancellation
instanceKlass com/google/common/util/concurrent/AbstractFuture$SetFuture
instanceKlass com/google/common/util/concurrent/Uninterruptibles
instanceKlass java/util/concurrent/locks/LockSupport
instanceKlass com/google/common/util/concurrent/AbstractFuture$Waiter
instanceKlass com/google/common/util/concurrent/AbstractFuture$Listener
instanceKlass com/google/common/util/concurrent/AbstractFuture$UnsafeAtomicHelper$1
instanceKlass com/google/common/util/concurrent/LazyLogger
instanceKlass java/util/concurrent/Executor
instanceKlass com/google/common/util/concurrent/AbstractFuture$AtomicHelper
instanceKlass com/google/common/util/concurrent/internal/InternalFutureFailureAccess
instanceKlass com/google/common/util/concurrent/AbstractFuture$Trusted
instanceKlass com/google/common/util/concurrent/ListenableFuture
instanceKlass java/lang/annotation/Documented
instanceKlass java/lang/annotation/Target
instanceKlass javax/inject/Named
instanceKlass javax/inject/Qualifier
instanceKlass com/google/inject/BindingAnnotation
instanceKlass javax/inject/Scope
instanceKlass com/google/inject/ScopeAnnotation
instanceKlass com/google/inject/internal/Annotations$AnnotationChecker
instanceKlass java/lang/reflect/Proxy$1
instanceKlass java/lang/reflect/WeakCache$Value
instanceKlass sun/misc/ProxyGenerator$ExceptionTableEntry
instanceKlass sun/misc/ProxyGenerator$PrimitiveTypeInfo
instanceKlass sun/misc/ProxyGenerator$FieldInfo
instanceKlass java/io/DataOutput
instanceKlass sun/misc/ProxyGenerator$ConstantPool$Entry
instanceKlass sun/misc/ProxyGenerator$MethodInfo
instanceKlass sun/misc/ProxyGenerator$ProxyMethod
instanceKlass sun/misc/ProxyGenerator$ConstantPool
instanceKlass sun/misc/ProxyGenerator
instanceKlass java/lang/reflect/WeakCache$Factory
instanceKlass java/lang/reflect/Proxy$ProxyClassFactory
instanceKlass java/lang/reflect/Proxy$KeyFactory
instanceKlass java/lang/reflect/WeakCache
instanceKlass java/lang/reflect/Proxy
instanceKlass sun/reflect/annotation/AnnotationInvocationHandler
instanceKlass sun/reflect/annotation/AnnotationParser$1
instanceKlass sun/reflect/annotation/ExceptionProxy
instanceKlass java/lang/annotation/Inherited
instanceKlass java/lang/annotation/Retention
instanceKlass sun/reflect/annotation/AnnotationType$1
instanceKlass java/lang/reflect/GenericArrayType
instanceKlass sun/reflect/generics/visitor/Reifier
instanceKlass sun/reflect/generics/visitor/TypeTreeVisitor
instanceKlass sun/reflect/generics/factory/CoreReflectionFactory
instanceKlass sun/reflect/generics/factory/GenericsFactory
instanceKlass sun/reflect/generics/scope/AbstractScope
instanceKlass sun/reflect/generics/scope/Scope
instanceKlass com/google/inject/internal/Annotations$TestAnnotation
instanceKlass com/google/inject/internal/Annotations$AnnotationToStringConfig
instanceKlass com/google/common/base/Joiner$MapJoiner
instanceKlass com/google/common/base/Joiner
instanceKlass java/lang/reflect/InvocationHandler
instanceKlass com/google/inject/internal/Annotations
instanceKlass org/eclipse/sisu/Parameters
instanceKlass org/eclipse/sisu/wire/ParameterKeys
instanceKlass com/google/inject/internal/util/StackTraceElements$InMemoryStackTraceElement
instanceKlass com/google/inject/internal/util/StackTraceElements
instanceKlass org/eclipse/sisu/wire/TypeConverterCache
instanceKlass com/google/inject/internal/Scoping
instanceKlass com/google/inject/internal/InternalFactory
instanceKlass com/google/inject/internal/InternalFlags$1
instanceKlass com/google/inject/internal/InternalFlags
instanceKlass com/google/inject/spi/ConstructorBinding
instanceKlass com/google/inject/spi/ProviderInstanceBinding
instanceKlass com/google/inject/internal/DelayedInitialize
instanceKlass com/google/inject/spi/ProviderKeyBinding
instanceKlass com/google/inject/spi/InstanceBinding
instanceKlass com/google/inject/spi/HasDependencies
instanceKlass com/google/inject/spi/LinkedKeyBinding
instanceKlass com/google/inject/spi/UntargettedBinding
instanceKlass com/google/inject/internal/BindingImpl
instanceKlass com/google/inject/Key$AnnotationStrategy
instanceKlass org/eclipse/sisu/wire/ElementAnalyzer$1
instanceKlass com/google/inject/util/Modules$EmptyModule
instanceKlass com/google/inject/util/Modules$OverriddenModuleBuilder
instanceKlass com/google/inject/util/Modules
instanceKlass java/util/stream/Nodes$ArrayNode
instanceKlass java/util/stream/Node$Builder
instanceKlass java/util/stream/Node$OfDouble
instanceKlass java/util/stream/Node$OfLong
instanceKlass java/util/stream/Node$OfInt
instanceKlass java/util/stream/Node$OfPrimitive
instanceKlass java/util/stream/Nodes$EmptyNode
instanceKlass java/util/stream/Node
instanceKlass java/util/stream/Nodes
instanceKlass com/google/inject/internal/DeclaredMembers$$Lambda$34
instanceKlass java/util/function/IntFunction
instanceKlass java/lang/invoke/LambdaForm$DMH
instanceKlass java/util/stream/SortedOps
instanceKlass com/google/common/collect/Ordering
instanceKlass com/google/inject/internal/DeclaredMembers$$Lambda$33
instanceKlass com/google/inject/internal/DeclaredMembers$$Lambda$32
instanceKlass java/util/Comparator$$Lambda$31
instanceKlass java/lang/invoke/LambdaForm$DMH
instanceKlass java/util/Comparator$$Lambda$30
instanceKlass com/google/inject/internal/DeclaredMembers$$Lambda$29
instanceKlass com/google/inject/internal/DeclaredMembers$$Lambda$28
instanceKlass java/util/Comparator$$Lambda$27
instanceKlass java/lang/invoke/LambdaForm$BMH
instanceKlass java/lang/invoke/LambdaForm$MH
instanceKlass java/lang/invoke/LambdaForm$DMH
instanceKlass java/lang/invoke/LambdaForm$BMH
instanceKlass java/lang/invoke/LambdaForm$BMH
instanceKlass com/google/inject/internal/DeclaredMembers$$Lambda$26
instanceKlass com/google/inject/internal/DeclaredMembers
instanceKlass com/google/common/base/ExtraObjectsMethodsForWeb
instanceKlass com/google/common/collect/ImmutableMap$Builder
instanceKlass com/google/inject/internal/MoreTypes
instanceKlass com/google/inject/multibindings/ProvidesIntoOptional
instanceKlass com/google/inject/multibindings/ProvidesIntoMap
instanceKlass com/google/inject/multibindings/ProvidesIntoSet
instanceKlass com/google/inject/Provides
instanceKlass javax/inject/Singleton
instanceKlass com/google/inject/spi/ElementSource
instanceKlass com/google/inject/spi/ScopeBinding
instanceKlass com/google/inject/Scopes$2
instanceKlass com/google/inject/Scopes$1
instanceKlass com/google/inject/internal/SingletonScope
instanceKlass com/google/inject/Scopes
instanceKlass com/google/inject/Singleton
instanceKlass com/google/inject/spi/Elements$ModuleInfo
instanceKlass com/google/inject/PrivateModule
instanceKlass java/util/stream/Sink$ChainedReference
instanceKlass java/util/stream/Collectors$$Lambda$25
instanceKlass java/util/stream/Collectors$$Lambda$24
instanceKlass java/lang/invoke/LambdaForm$DMH
instanceKlass java/util/stream/Collectors$$Lambda$23
instanceKlass com/google/inject/spi/BindingSourceRestriction$PermitMapConstruction$$Lambda$22
instanceKlass com/google/inject/spi/BindingSourceRestriction$$Lambda$21
instanceKlass java/lang/invoke/LambdaForm$DMH
instanceKlass com/google/inject/spi/BindingSourceRestriction$$Lambda$20
instanceKlass java/lang/invoke/LambdaForm$DMH
instanceKlass java/util/stream/Streams$2
instanceKlass java/util/stream/Streams
instanceKlass java/util/stream/Streams$ConcatSpliterator
instanceKlass sun/reflect/annotation/AnnotatedTypeFactory$AnnotatedTypeBaseImpl
instanceKlass java/lang/reflect/AnnotatedType
instanceKlass sun/reflect/annotation/AnnotatedTypeFactory
instanceKlass sun/reflect/annotation/TypeAnnotation$LocationInfo$Location
instanceKlass sun/reflect/annotation/TypeAnnotation$LocationInfo
instanceKlass sun/reflect/generics/tree/ClassSignature
instanceKlass sun/reflect/generics/tree/Signature
instanceKlass sun/reflect/generics/tree/ClassTypeSignature
instanceKlass sun/reflect/generics/tree/SimpleClassTypeSignature
instanceKlass sun/reflect/generics/tree/FieldTypeSignature
instanceKlass sun/reflect/generics/tree/BaseType
instanceKlass sun/reflect/generics/tree/TypeSignature
instanceKlass sun/reflect/generics/tree/ReturnType
instanceKlass sun/reflect/generics/tree/TypeArgument
instanceKlass sun/reflect/generics/tree/FormalTypeParameter
instanceKlass sun/reflect/generics/tree/TypeTree
instanceKlass sun/reflect/generics/tree/Tree
instanceKlass sun/reflect/generics/parser/SignatureParser
instanceKlass sun/reflect/annotation/TypeAnnotation
instanceKlass sun/reflect/annotation/TypeAnnotationParser
instanceKlass java/util/Spliterators$ArraySpliterator
instanceKlass java/util/Spliterator$OfDouble
instanceKlass java/util/Spliterator$OfLong
instanceKlass java/util/Spliterator$OfInt
instanceKlass java/util/Spliterator$OfPrimitive
instanceKlass java/util/Spliterators$EmptySpliterator
instanceKlass java/util/Spliterators
instanceKlass sun/reflect/annotation/AnnotationParser
instanceKlass com/google/inject/RestrictedBindingSource
instanceKlass com/google/inject/spi/BindingSourceRestriction
instanceKlass com/google/inject/spi/ModuleSource
instanceKlass com/google/inject/internal/ProviderMethodsModule
instanceKlass com/google/inject/spi/BindingSourceRestriction$PermitMapConstruction$PermitMapImpl
instanceKlass com/google/inject/spi/BindingSourceRestriction$PermitMap
instanceKlass com/google/inject/spi/BindingSourceRestriction$PermitMapConstruction
instanceKlass com/google/common/collect/Hashing
instanceKlass com/google/common/math/IntMath$1
instanceKlass com/google/common/math/MathPreconditions
instanceKlass com/google/common/math/IntMath
instanceKlass com/google/inject/internal/AbstractBindingBuilder
instanceKlass com/google/inject/binder/ConstantBindingBuilder
instanceKlass com/google/inject/binder/AnnotatedElementBuilder
instanceKlass com/google/inject/spi/Elements$RecordingBinder
instanceKlass com/google/inject/Binding
instanceKlass com/google/inject/spi/DefaultBindingTargetVisitor
instanceKlass com/google/inject/spi/BindingTargetVisitor
instanceKlass com/google/inject/spi/Elements
instanceKlass com/google/inject/internal/InjectorShell$RootModule
instanceKlass com/google/common/collect/ListMultimap
instanceKlass com/google/inject/internal/InjectorBindingData
instanceKlass java/util/concurrent/atomic/AtomicReferenceArray
instanceKlass java/util/concurrent/Future
instanceKlass com/google/common/cache/LocalCache$LoadingValueReference
instanceKlass java/util/concurrent/ConcurrentLinkedQueue$Node
instanceKlass com/google/common/cache/Weigher
instanceKlass com/google/common/base/Predicate
instanceKlass java/util/function/Predicate
instanceKlass com/google/common/base/Equivalence
instanceKlass java/util/function/BiPredicate
instanceKlass com/google/common/base/MoreObjects
instanceKlass com/google/common/cache/LocalCache$1
instanceKlass com/google/common/cache/ReferenceEntry
instanceKlass com/google/common/cache/CacheLoader
instanceKlass com/google/common/cache/LocalCache$LocalManualCache
instanceKlass com/google/inject/internal/WeakKeySet$$Lambda$19
instanceKlass com/google/common/cache/RemovalListener
instanceKlass java/lang/invoke/LambdaForm$DMH
instanceKlass java/util/AbstractMap$SimpleImmutableEntry
instanceKlass com/google/common/cache/LocalCache$ValueReference
instanceKlass com/google/common/cache/CacheBuilder$2
instanceKlass com/google/common/cache/CacheStats
instanceKlass com/google/common/base/Suppliers$SupplierOfInstance
instanceKlass com/google/common/base/Suppliers
instanceKlass com/google/common/cache/CacheBuilder$1
instanceKlass com/google/common/cache/AbstractCache$StatsCounter
instanceKlass com/google/common/cache/LoadingCache
instanceKlass com/google/common/cache/Cache
instanceKlass com/google/common/base/Supplier
instanceKlass com/google/common/cache/CacheBuilder
instanceKlass com/google/inject/internal/WeakKeySet
instanceKlass com/google/common/collect/Sets
instanceKlass java/util/Optional
instanceKlass com/google/inject/internal/InjectorJitBindingData
instanceKlass com/google/inject/internal/ProcessedBindingData
instanceKlass com/google/inject/spi/DefaultElementVisitor
instanceKlass com/google/inject/internal/InjectorShell$Builder
instanceKlass com/google/common/collect/Lists
instanceKlass com/google/common/collect/AbstractMapEntry
instanceKlass com/google/common/collect/LinkedHashMultimap$ValueSetLink
instanceKlass com/google/common/collect/CollectPreconditions
instanceKlass java/lang/StrictMath
instanceKlass com/google/common/collect/Platform
instanceKlass com/google/common/collect/Multiset
instanceKlass com/google/common/collect/AbstractMultimap
instanceKlass com/google/common/collect/SetMultimap
instanceKlass com/google/common/base/Converter
instanceKlass com/google/common/collect/ImmutableMap
instanceKlass com/google/common/collect/Maps$EntryTransformer
instanceKlass com/google/common/base/Function
instanceKlass com/google/common/collect/BiMap
instanceKlass com/google/common/collect/SortedMapDifference
instanceKlass com/google/common/collect/MapDifference
instanceKlass com/google/common/collect/Maps
instanceKlass com/google/inject/internal/CycleDetectingLock
instanceKlass com/google/common/collect/Multimap
instanceKlass com/google/inject/internal/CycleDetectingLock$CycleDetectingLockFactory
instanceKlass com/google/inject/internal/Initializable
instanceKlass com/google/inject/internal/Initializer
instanceKlass com/google/common/collect/PeekingIterator
instanceKlass com/google/common/collect/UnmodifiableIterator
instanceKlass com/google/common/collect/Iterators
instanceKlass com/google/common/collect/ImmutableCollection$Builder
instanceKlass com/google/common/collect/ImmutableSet$SetBuilderImpl
instanceKlass com/google/inject/internal/util/SourceProvider
instanceKlass com/google/inject/spi/ErrorDetail
instanceKlass com/google/inject/internal/Errors
instanceKlass com/google/common/base/Preconditions
instanceKlass java/util/logging/LogManager$5
instanceKlass java/util/logging/LoggingProxyImpl
instanceKlass sun/util/logging/LoggingProxy
instanceKlass sun/util/logging/LoggingSupport$1
instanceKlass sun/util/logging/LoggingSupport
instanceKlass sun/util/logging/PlatformLogger$LoggerProxy
instanceKlass sun/util/logging/PlatformLogger$1
instanceKlass sun/util/logging/PlatformLogger
instanceKlass java/util/logging/LogManager$LoggerContext$1
instanceKlass java/util/logging/LogManager$3
instanceKlass java/util/logging/LogManager$2
instanceKlass java/util/logging/LogManager$LogNode
instanceKlass java/util/logging/LogManager$LoggerContext
instanceKlass java/util/logging/LogManager$1
instanceKlass java/util/logging/LogManager
instanceKlass java/util/concurrent/CopyOnWriteArrayList
instanceKlass java/util/logging/Logger$LoggerBundle
instanceKlass java/util/logging/Level$KnownLevel
instanceKlass java/util/logging/Level
instanceKlass java/util/logging/Handler
instanceKlass java/util/logging/Logger
instanceKlass com/google/common/base/Ticker
instanceKlass com/google/common/base/Stopwatch
instanceKlass com/google/inject/internal/util/ContinuousStopwatch
instanceKlass com/google/inject/Injector
instanceKlass com/google/inject/internal/InternalInjectorCreator
instanceKlass com/google/inject/Guice
instanceKlass org/eclipse/sisu/wire/Wiring
instanceKlass org/eclipse/sisu/wire/WireModule$Strategy$1
instanceKlass org/eclipse/sisu/wire/WireModule$Strategy
instanceKlass org/eclipse/sisu/wire/AbstractTypeConverter
instanceKlass com/google/inject/spi/ElementVisitor
instanceKlass org/eclipse/sisu/wire/WireModule
instanceKlass org/eclipse/sisu/bean/BeanBinder
instanceKlass org/eclipse/sisu/plexus/PlexusBindingModule
instanceKlass org/codehaus/plexus/DefaultPlexusContainer$BootModule
instanceKlass org/codehaus/plexus/component/annotations/Configuration
instanceKlass org/eclipse/sisu/plexus/PlexusAnnotatedMetadata
instanceKlass org/eclipse/sisu/plexus/PlexusBeanMetadata
instanceKlass org/eclipse/sisu/plexus/PlexusAnnotatedBeanModule$PlexusAnnotatedBeanSource
instanceKlass org/eclipse/sisu/space/SpaceModule$2
instanceKlass org/eclipse/sisu/space/SpaceModule$Strategy$2
instanceKlass org/eclipse/sisu/space/SpaceModule$Strategy$1
instanceKlass org/eclipse/sisu/space/DefaultClassFinder
instanceKlass org/eclipse/sisu/space/asm/ClassVisitor
instanceKlass org/eclipse/sisu/space/SpaceScanner
instanceKlass org/eclipse/sisu/space/IndexedClassFinder
instanceKlass org/eclipse/sisu/space/ClassFinder
instanceKlass org/eclipse/sisu/space/SpaceModule
instanceKlass org/eclipse/sisu/space/SpaceVisitor
instanceKlass org/eclipse/sisu/plexus/PlexusTypeListener
instanceKlass org/eclipse/sisu/space/QualifiedTypeListener
instanceKlass org/eclipse/sisu/plexus/PlexusAnnotatedBeanModule$1
instanceKlass org/eclipse/sisu/space/SpaceModule$Strategy
instanceKlass org/eclipse/sisu/plexus/PlexusAnnotatedBeanModule
instanceKlass org/eclipse/sisu/plexus/PlexusBeanSource
instanceKlass org/eclipse/sisu/plexus/PlexusXmlBeanModule
instanceKlass org/eclipse/sisu/plexus/PlexusBeanModule
instanceKlass org/eclipse/sisu/space/URLClassSpace
instanceKlass org/codehaus/plexus/DefaultPlexusContainer$SLF4JLoggerFactoryProvider
instanceKlass com/google/inject/util/Providers$ConstantProvider
instanceKlass com/google/inject/util/Providers
instanceKlass org/codehaus/plexus/personality/plexus/lifecycle/phase/Disposable
instanceKlass org/codehaus/plexus/personality/plexus/lifecycle/phase/Startable
instanceKlass org/codehaus/plexus/personality/plexus/lifecycle/phase/Initializable
instanceKlass org/codehaus/plexus/personality/plexus/lifecycle/phase/Contextualizable
instanceKlass org/codehaus/plexus/logging/LogEnabled
instanceKlass org/eclipse/sisu/bean/PropertyBinding
instanceKlass javax/annotation/PreDestroy
instanceKlass javax/annotation/PostConstruct
instanceKlass org/eclipse/sisu/bean/LifecycleBuilder
instanceKlass org/eclipse/sisu/bean/BeanScheduler$1
instanceKlass com/google/inject/spi/DefaultBindingScopingVisitor
instanceKlass com/google/inject/spi/BindingScopingVisitor
instanceKlass org/eclipse/sisu/bean/BeanScheduler$CycleActivator
instanceKlass com/google/inject/PrivateBinder
instanceKlass com/google/inject/spi/ModuleAnnotatedMethodScanner
instanceKlass com/google/inject/MembersInjector
instanceKlass com/google/inject/spi/Dependency
instanceKlass com/google/inject/binder/AnnotatedConstantBindingBuilder
instanceKlass org/aopalliance/intercept/MethodInterceptor
instanceKlass org/aopalliance/intercept/Interceptor
instanceKlass org/aopalliance/aop/Advice
instanceKlass com/google/inject/Scope
instanceKlass com/google/inject/spi/Message
instanceKlass com/google/inject/spi/Element
instanceKlass com/google/inject/spi/TypeListener
instanceKlass com/google/inject/TypeLiteral
instanceKlass com/google/inject/binder/AnnotatedBindingBuilder
instanceKlass com/google/inject/binder/LinkedBindingBuilder
instanceKlass com/google/inject/binder/ScopedBindingBuilder
instanceKlass com/google/inject/Key
instanceKlass com/google/inject/spi/ProvisionListener
instanceKlass com/google/inject/Binder
instanceKlass org/eclipse/sisu/bean/BeanScheduler
instanceKlass org/eclipse/sisu/plexus/DefaultPlexusBeanLocator
instanceKlass org/eclipse/sisu/plexus/RealmManager
instanceKlass org/codehaus/plexus/context/ContextMapAdapter
instanceKlass org/codehaus/plexus/context/DefaultContext
instanceKlass org/codehaus/plexus/logging/AbstractLogger
instanceKlass org/codehaus/plexus/logging/AbstractLoggerManager
instanceKlass java/util/Date
instanceKlass java/text/DigitList
instanceKlass java/text/FieldPosition
instanceKlass java/util/Currency$CurrencyNameGetter
instanceKlass java/util/Currency$1
instanceKlass java/util/Currency
instanceKlass java/text/DecimalFormatSymbols
instanceKlass java/util/concurrent/atomic/AtomicMarkableReference$Pair
instanceKlass java/util/concurrent/atomic/AtomicMarkableReference
instanceKlass java/text/DateFormatSymbols
instanceKlass sun/util/calendar/CalendarUtils
instanceKlass sun/util/calendar/CalendarDate
instanceKlass sun/util/locale/LanguageTag
instanceKlass java/util/ResourceBundle$CacheKeyReference
instanceKlass java/util/ResourceBundle$CacheKey
instanceKlass java/util/ResourceBundle$RBClassLoader$1
instanceKlass java/util/spi/ResourceBundleControlProvider
instanceKlass java/util/ResourceBundle
instanceKlass java/util/ResourceBundle$Control
instanceKlass sun/util/resources/LocaleData$1
instanceKlass sun/util/resources/LocaleData
instanceKlass sun/util/locale/provider/LocaleResources
instanceKlass sun/util/locale/provider/CalendarDataUtility$CalendarWeekParameterGetter
instanceKlass sun/util/locale/provider/LocaleServiceProviderPool$LocalizedObjectGetter
instanceKlass java/util/ServiceLoader$1
instanceKlass java/util/ServiceLoader$LazyIterator
instanceKlass java/util/ServiceLoader
instanceKlass sun/util/locale/provider/SPILocaleProviderAdapter$1
instanceKlass sun/util/locale/provider/LocaleServiceProviderPool
instanceKlass sun/util/locale/provider/CalendarDataUtility
instanceKlass java/util/Calendar$Builder
instanceKlass sun/util/locale/provider/JRELocaleProviderAdapter$1
instanceKlass sun/util/locale/provider/LocaleDataMetaInfo
instanceKlass sun/util/locale/provider/AvailableLanguageTags
instanceKlass sun/util/locale/provider/LocaleProviderAdapter$1
instanceKlass sun/util/locale/provider/ResourceBundleBasedAdapter
instanceKlass sun/util/locale/provider/LocaleProviderAdapter
instanceKlass java/util/spi/LocaleServiceProvider
instanceKlass java/util/Calendar
instanceKlass java/util/TimeZone$1
instanceKlass java/util/zip/CRC32
instanceKlass java/util/zip/Checksum
instanceKlass sun/util/calendar/ZoneInfoFile$ZoneOffsetTransitionRule
instanceKlass java/io/DataInput
instanceKlass sun/util/calendar/ZoneInfoFile$1
instanceKlass sun/util/calendar/ZoneInfoFile
instanceKlass sun/util/calendar/CalendarSystem
instanceKlass java/util/TimeZone
instanceKlass java/text/AttributedCharacterIterator$Attribute
instanceKlass com/google/inject/matcher/AbstractMatcher
instanceKlass com/google/inject/matcher/Matcher
instanceKlass com/google/inject/spi/TypeConverter
instanceKlass org/codehaus/plexus/DefaultPlexusContainer$LoggerProvider
instanceKlass org/codehaus/plexus/DefaultPlexusContainer$DefaultsModule
instanceKlass org/codehaus/plexus/DefaultPlexusContainer$ContainerModule
instanceKlass java/util/concurrent/locks/ReentrantReadWriteLock$WriteLock
instanceKlass java/util/concurrent/locks/ReentrantReadWriteLock$ReadLock
instanceKlass java/util/concurrent/locks/ReentrantReadWriteLock
instanceKlass java/util/concurrent/locks/ReadWriteLock
instanceKlass org/eclipse/sisu/inject/ImplicitBindings
instanceKlass org/eclipse/sisu/inject/MildValues$InverseMapping
instanceKlass org/eclipse/sisu/inject/MildValues
instanceKlass org/eclipse/sisu/inject/Weak
instanceKlass org/eclipse/sisu/inject/RankedSequence$Content
instanceKlass org/eclipse/sisu/inject/RankedSequence
instanceKlass org/eclipse/sisu/inject/BindingSubscriber
instanceKlass org/eclipse/sisu/inject/DefaultBeanLocator
instanceKlass org/eclipse/sisu/inject/DeferredClass
instanceKlass org/codehaus/plexus/DefaultPlexusContainer$LoggerManagerProvider
instanceKlass org/eclipse/sisu/inject/DeferredProvider
instanceKlass com/google/inject/Provider
instanceKlass com/google/inject/AbstractModule
instanceKlass org/codehaus/plexus/context/Context
instanceKlass org/eclipse/sisu/inject/BindingPublisher
instanceKlass org/eclipse/sisu/inject/RankingFunction
instanceKlass org/eclipse/sisu/space/ClassSpace
instanceKlass javax/inject/Provider
instanceKlass org/eclipse/sisu/bean/BeanManager
instanceKlass org/eclipse/sisu/plexus/PlexusBeanLocator
instanceKlass org/codehaus/plexus/classworlds/ClassWorldListener
instanceKlass com/google/inject/Module
instanceKlass org/eclipse/sisu/inject/MutableBeanLocator
instanceKlass org/eclipse/sisu/inject/BeanLocator
instanceKlass org/codehaus/plexus/DefaultPlexusContainer
instanceKlass org/codehaus/plexus/MutablePlexusContainer
instanceKlass java/util/stream/ReduceOps$Box
instanceKlass java/util/stream/ReduceOps$AccumulatingSink
instanceKlass java/util/stream/TerminalSink
instanceKlass java/util/stream/Sink
instanceKlass java/util/stream/ReduceOps$ReduceOp
instanceKlass java/util/stream/TerminalOp
instanceKlass java/util/stream/ReduceOps
instanceKlass java/util/function/Function$$Lambda$18
instanceKlass org/apache/maven/extension/internal/CoreExports$$Lambda$17
instanceKlass java/util/stream/Collectors$$Lambda$16
instanceKlass java/util/stream/Collectors$$Lambda$15
instanceKlass java/util/stream/Collectors$CollectorImpl
instanceKlass java/util/stream/Collector
instanceKlass java/lang/invoke/LambdaForm$MH
instanceKlass java/util/stream/Collectors$$Lambda$14
instanceKlass java/lang/invoke/LambdaForm$DMH
instanceKlass java/util/stream/Collectors$$Lambda$13
instanceKlass java/lang/invoke/LambdaForm$DMH
instanceKlass java/util/stream/Collectors$$Lambda$12
instanceKlass java/util/function/BinaryOperator
instanceKlass java/util/function/BiFunction
instanceKlass java/util/stream/Collectors
instanceKlass org/apache/maven/extension/internal/CoreExports$$Lambda$11
instanceKlass sun/invoke/util/VerifyAccess$1
instanceKlass java/util/function/Function$$Lambda$10
instanceKlass java/lang/Class$4
instanceKlass java/util/EnumMap$1
instanceKlass java/util/stream/StreamOpFlag$MaskBuilder
instanceKlass java/util/stream/PipelineHelper
instanceKlass java/util/stream/Stream
instanceKlass java/util/stream/BaseStream
instanceKlass java/util/stream/StreamSupport
instanceKlass java/util/HashMap$HashMapSpliterator
instanceKlass java/util/Spliterator
instanceKlass org/apache/maven/extension/internal/CoreExports
instanceKlass java/util/Collections$EmptyIterator
instanceKlass org/codehaus/plexus/DefaultContainerConfiguration
instanceKlass org/codehaus/plexus/ContainerConfiguration
instanceKlass org/codehaus/plexus/util/BaseIOUtil
instanceKlass org/codehaus/plexus/util/xml/XMLWriter
instanceKlass org/codehaus/plexus/util/xml/Xpp3Dom
instanceKlass org/codehaus/plexus/util/xml/pull/MXParser
instanceKlass org/codehaus/plexus/util/xml/pull/XmlPullParser
instanceKlass org/codehaus/plexus/util/xml/Xpp3DomBuilder
instanceKlass java/util/regex/ASCII
instanceKlass java/util/Locale$1
instanceKlass org/codehaus/plexus/util/ReaderFactory
instanceKlass org/apache/maven/project/ExtensionDescriptor
instanceKlass org/apache/maven/project/ExtensionDescriptorBuilder
instanceKlass org/apache/maven/extension/internal/CoreExtensionEntry
instanceKlass org/codehaus/plexus/logging/Logger
instanceKlass org/apache/maven/cli/logging/Slf4jLoggerManager
instanceKlass org/slf4j/impl/MavenSlf4jSimpleFriend
instanceKlass org/slf4j/MavenSlf4jFriend
instanceKlass java/lang/invoke/LambdaForm$MH
instanceKlass org/apache/commons/cli/CommandLine$$Lambda$9
instanceKlass java/util/function/Supplier
instanceKlass org/apache/maven/cli/logging/BaseSlf4jConfiguration
instanceKlass org/codehaus/plexus/util/PropertyUtils
instanceKlass org/apache/maven/cli/logging/Slf4jConfiguration
instanceKlass org/apache/maven/cli/logging/Slf4jConfigurationFactory
instanceKlass org/slf4j/impl/OutputChoice
instanceKlass sun/net/DefaultProgressMeteringPolicy
instanceKlass sun/net/ProgressMeteringPolicy
instanceKlass sun/net/ProgressMonitor
instanceKlass org/slf4j/impl/SimpleLoggerConfiguration$1
instanceKlass java/text/Format
instanceKlass org/slf4j/impl/SimpleLoggerConfiguration
instanceKlass org/slf4j/helpers/NamedLoggerBase
instanceKlass org/slf4j/impl/SimpleLoggerFactory
instanceKlass org/slf4j/impl/StaticLoggerBinder
instanceKlass org/slf4j/spi/LoggerFactoryBinder
instanceKlass java/util/Collections$3
instanceKlass java/net/URLClassLoader$3$1
instanceKlass sun/misc/CompoundEnumeration
instanceKlass java/net/URLClassLoader$3
instanceKlass sun/misc/URLClassPath$1
instanceKlass java/lang/ClassLoader$2
instanceKlass sun/misc/URLClassPath$2
instanceKlass org/slf4j/helpers/Util
instanceKlass org/slf4j/helpers/NOPLoggerFactory
instanceKlass java/util/concurrent/LinkedBlockingQueue$Node
instanceKlass java/util/concurrent/locks/AbstractQueuedSynchronizer$ConditionObject
instanceKlass java/util/concurrent/locks/Condition
instanceKlass java/util/concurrent/locks/AbstractQueuedSynchronizer$Node
instanceKlass java/util/concurrent/locks/AbstractOwnableSynchronizer
instanceKlass java/util/concurrent/BlockingQueue
instanceKlass org/slf4j/helpers/SubstituteLoggerFactory
instanceKlass org/slf4j/ILoggerFactory
instanceKlass org/slf4j/event/LoggingEvent
instanceKlass org/slf4j/LoggerFactory
instanceKlass java/util/LinkedList$ListItr
instanceKlass org/codehaus/plexus/util/StringUtils
instanceKlass org/apache/maven/cli/CLIReportingUtils
instanceKlass org/apache/maven/cli/MavenCli$$Lambda$8
instanceKlass java/util/function/BiConsumer
instanceKlass org/codehaus/plexus/interpolation/SimpleRecursionInterceptor
instanceKlass org/codehaus/plexus/interpolation/AbstractValueSource
instanceKlass org/codehaus/plexus/interpolation/RecursionInterceptor
instanceKlass org/codehaus/plexus/interpolation/StringSearchInterpolator
instanceKlass org/codehaus/plexus/interpolation/Interpolator
instanceKlass org/codehaus/plexus/interpolation/BasicInterpolator
instanceKlass org/apache/maven/properties/internal/SystemProperties
instanceKlass java/util/Collections$UnmodifiableMap$UnmodifiableEntrySet$UnmodifiableEntry
instanceKlass java/util/Collections$UnmodifiableMap$UnmodifiableEntrySet$1
instanceKlass org/codehaus/plexus/util/Os
instanceKlass org/apache/maven/properties/internal/EnvironmentUtils
instanceKlass java/util/LinkedList$Node
instanceKlass org/apache/commons/cli/DefaultParser
instanceKlass org/apache/commons/cli/Util
instanceKlass org/apache/commons/cli/CommandLine$Builder$$Lambda$7
instanceKlass java/util/function/Consumer
instanceKlass java/lang/invoke/LambdaForm$DMH
instanceKlass org/apache/commons/cli/CommandLine$Builder
instanceKlass org/apache/commons/cli/CommandLine
instanceKlass java/util/LinkedHashMap$LinkedHashIterator
instanceKlass org/apache/commons/cli/Parser
instanceKlass org/apache/maven/cli/CleanArgument
instanceKlass org/apache/commons/cli/OptionValidator
instanceKlass org/apache/commons/cli/Option$Builder
instanceKlass org/apache/commons/cli/Option
instanceKlass org/apache/commons/cli/Options
instanceKlass org/apache/commons/cli/CommandLineParser
instanceKlass org/apache/maven/cli/CLIManager
instanceKlass org/apache/maven/cli/logging/Slf4jStdoutLogger
instanceKlass sun/nio/fs/AbstractBasicFileAttributeView
instanceKlass sun/nio/fs/DynamicFileAttributeView
instanceKlass sun/nio/fs/WindowsFileAttributeViews
instanceKlass java/nio/file/attribute/BasicFileAttributeView
instanceKlass java/nio/file/attribute/FileAttributeView
instanceKlass java/nio/file/attribute/AttributeView
instanceKlass sun/nio/fs/WindowsPath$1
instanceKlass sun/nio/fs/WindowsFileAttributes
instanceKlass java/nio/file/attribute/DosFileAttributes
instanceKlass java/nio/file/attribute/BasicFileAttributes
instanceKlass sun/nio/fs/WindowsLinkSupport
instanceKlass java/nio/file/CopyOption
instanceKlass org/eclipse/aether/DefaultRepositoryCache
instanceKlass org/apache/maven/project/ProjectBuildingRequest
instanceKlass org/eclipse/aether/RepositoryCache
instanceKlass java/util/regex/Matcher
instanceKlass java/util/regex/MatchResult
instanceKlass org/apache/maven/execution/DefaultMavenExecutionRequest
instanceKlass java/util/Properties$LineReader
instanceKlass org/apache/maven/execution/MavenExecutionRequest
instanceKlass sun/net/www/protocol/jar/JarFileFactory
instanceKlass sun/net/www/protocol/jar/URLJarFile$URLJarFileCloseController
instanceKlass java/lang/Shutdown$Lock
instanceKlass java/net/URLClassLoader$2
instanceKlass java/lang/Shutdown
instanceKlass java/lang/ApplicationShutdownHooks$1
instanceKlass java/lang/ApplicationShutdownHooks
instanceKlass sun/nio/cs/Surrogate
instanceKlass sun/nio/cs/Surrogate$Parser
instanceKlass org/fusesource/jansi/AnsiConsole$$Lambda$6
instanceKlass java/lang/invoke/LambdaForm$MH
instanceKlass java/lang/invoke/LambdaForm$DMH
instanceKlass java/lang/invoke/LambdaForm$DMH
instanceKlass org/fusesource/jansi/AnsiConsole$$Lambda$5
instanceKlass org/fusesource/jansi/io/AnsiOutputStream$IoRunnable
instanceKlass java/lang/invoke/LambdaForm$DMH
instanceKlass org/fusesource/jansi/AnsiConsole$1
instanceKlass org/fusesource/jansi/internal/Kernel32
instanceKlass org/fusesource/jansi/internal/OSInfo
instanceKlass sun/misc/Launcher$BootClassPathHolder$1
instanceKlass sun/misc/Launcher$BootClassPathHolder
instanceKlass org/fusesource/jansi/internal/JansiLoader$1
instanceKlass org/fusesource/jansi/internal/JansiLoader$$Lambda$4
instanceKlass java/lang/invoke/LambdaForm$DMH
instanceKlass org/fusesource/jansi/internal/JansiLoader
instanceKlass org/fusesource/jansi/internal/CLibrary
instanceKlass java/lang/ProcessEnvironment$CheckedEntry
instanceKlass java/lang/ProcessEnvironment$CheckedEntrySet$1
instanceKlass java/util/Collections$UnmodifiableMap
instanceKlass java/lang/ProcessEnvironment$EntryComparator
instanceKlass java/lang/ProcessEnvironment$NameComparator
instanceKlass org/fusesource/jansi/io/AnsiProcessor
instanceKlass org/fusesource/jansi/io/AnsiOutputStream$WidthSupplier
instanceKlass org/fusesource/jansi/AnsiConsole
instanceKlass org/fusesource/jansi/Ansi$$Lambda$3
instanceKlass java/util/concurrent/Callable
instanceKlass java/lang/invoke/LambdaForm$DMH
instanceKlass org/fusesource/jansi/Ansi
instanceKlass org/apache/maven/shared/utils/logging/LoggerLevelRenderer
instanceKlass org/apache/maven/shared/utils/logging/MessageBuilder
instanceKlass org/apache/maven/shared/utils/logging/MessageUtils
instanceKlass java/util/regex/Pattern$TreeInfo
instanceKlass java/util/regex/Pattern$Node
instanceKlass java/util/regex/Pattern
instanceKlass org/apache/maven/cli/CliRequest
instanceKlass org/apache/maven/execution/ExecutionListener
instanceKlass org/eclipse/aether/transfer/TransferListener
instanceKlass org/apache/maven/toolchain/building/ToolchainsBuildingRequest
instanceKlass org/apache/maven/building/Source
instanceKlass org/apache/maven/eventspy/EventSpy$Context
instanceKlass org/codehaus/plexus/PlexusContainer
instanceKlass org/codehaus/plexus/logging/LoggerManager
instanceKlass org/slf4j/Logger
instanceKlass org/codehaus/plexus/interpolation/ValueSource
instanceKlass org/apache/maven/exception/ExceptionHandler
instanceKlass org/apache/maven/cli/MavenCli
instanceKlass java/nio/file/attribute/FileTime
instanceKlass java/util/zip/ZipUtils
instanceKlass java/util/TreeMap$PrivateEntryIterator
instanceKlass java/util/TimSort
instanceKlass java/util/Arrays$LegacyMergeSort
instanceKlass java/lang/invoke/LambdaForm$MH
instanceKlass java/lang/invoke/LambdaForm$MH
instanceKlass java/lang/invoke/InnerClassLambdaMetafactory$1
instanceKlass org/codehaus/plexus/classworlds/launcher/Configurator$$Lambda$2
instanceKlass java/lang/invoke/LambdaForm$DMH
instanceKlass java/lang/invoke/LambdaForm$MH
instanceKlass org/codehaus/plexus/classworlds/launcher/ConfigurationParser$$Lambda$1
instanceKlass java/lang/invoke/InfoFromMemberName
instanceKlass java/lang/invoke/MethodHandleInfo
instanceKlass sun/security/util/SecurityConstants
instanceKlass java/security/AccessController$1
instanceKlass java/lang/invoke/AbstractValidatingLambdaMetafactory
instanceKlass java/lang/invoke/LambdaForm$BMH
instanceKlass java/lang/invoke/LambdaForm$BMH
instanceKlass java/lang/invoke/LambdaForm$BMH
instanceKlass java/lang/invoke/LambdaForm$BMH
instanceKlass sun/reflect/UnsafeFieldAccessorFactory
instanceKlass jdk/internal/org/objectweb/asm/FieldVisitor
instanceKlass java/lang/invoke/BoundMethodHandle$Factory$1
instanceKlass java/lang/invoke/BoundMethodHandle$SpeciesData$1
instanceKlass java/lang/invoke/LambdaForm$BMH
instanceKlass java/lang/invoke/LambdaForm$MH
instanceKlass java/lang/invoke/LambdaForm$BMH
instanceKlass java/lang/invoke/LambdaForm$MH
instanceKlass java/lang/invoke/LambdaForm$DMH
instanceKlass java/lang/invoke/LambdaForm$DMH
instanceKlass java/lang/invoke/LambdaForm$BMH
instanceKlass java/lang/invoke/LambdaForm$BMH
instanceKlass java/lang/invoke/LambdaForm$MH
instanceKlass java/lang/invoke/LambdaFormBuffer
instanceKlass java/lang/invoke/LambdaFormEditor
instanceKlass java/lang/invoke/LambdaForm$BMH
instanceKlass java/lang/invoke/LambdaForm$DMH
instanceKlass java/lang/invoke/LambdaForm$DMH
instanceKlass java/lang/invoke/LambdaForm$DMH
instanceKlass java/lang/invoke/LambdaForm$DMH
instanceKlass java/lang/invoke/LambdaForm$MH
instanceKlass java/lang/invoke/LambdaForm$DMH
instanceKlass java/lang/invoke/LambdaForm$DMH
instanceKlass java/lang/invoke/LambdaForm$MH
instanceKlass java/lang/invoke/LambdaForm$DMH
instanceKlass java/lang/invoke/LambdaForm$DMH
instanceKlass java/lang/invoke/LambdaForm$MH
instanceKlass java/lang/invoke/LambdaForm$DMH
instanceKlass java/lang/invoke/LambdaForm$DMH
instanceKlass java/lang/invoke/LambdaForm$MH
instanceKlass java/lang/invoke/LambdaForm$DMH
instanceKlass java/lang/invoke/LambdaForm$DMH
instanceKlass java/lang/invoke/LambdaForm$MH
instanceKlass java/lang/invoke/LambdaForm$DMH
instanceKlass java/lang/invoke/LambdaForm$MH
instanceKlass java/lang/invoke/LambdaForm$DMH
instanceKlass java/lang/invoke/LambdaForm$DMH
instanceKlass java/lang/invoke/LambdaForm$MH
instanceKlass java/lang/invoke/LambdaForm$DMH
instanceKlass java/lang/invoke/LambdaForm$DMH
instanceKlass java/lang/invoke/LambdaForm$MH
instanceKlass java/lang/invoke/LambdaForm$DMH
instanceKlass java/lang/invoke/LambdaForm$MH
instanceKlass java/lang/invoke/LambdaForm$DMH
instanceKlass java/lang/invoke/LambdaForm$MH
instanceKlass java/lang/invoke/LambdaForm$DMH
instanceKlass java/lang/invoke/LambdaForm$DMH
instanceKlass java/lang/invoke/MethodHandleImpl$Lazy
instanceKlass java/lang/invoke/LambdaForm$BMH
instanceKlass java/lang/invoke/LambdaForm$MH
instanceKlass java/lang/invoke/LambdaForm$DMH
instanceKlass java/lang/invoke/LambdaForm$DMH
instanceKlass java/lang/invoke/LambdaForm$DMH
instanceKlass java/io/FilenameFilter
instanceKlass java/lang/invoke/LambdaForm$DMH
instanceKlass java/lang/invoke/LambdaForm$DMH
instanceKlass java/util/SubList$1
instanceKlass java/util/ListIterator
instanceKlass java/lang/invoke/LambdaForm$MH
instanceKlass java/lang/invoke/LambdaForm$MH
instanceKlass java/lang/invoke/LambdaForm$MH
instanceKlass java/lang/invoke/LambdaForm$MH
instanceKlass java/lang/invoke/LambdaForm$MH
instanceKlass java/lang/invoke/LambdaForm$MH
instanceKlass java/lang/invoke/LambdaForm$MH
instanceKlass java/lang/invoke/LambdaForm$MH
instanceKlass java/lang/invoke/LambdaForm$MH
instanceKlass java/lang/invoke/LambdaForm$MH
instanceKlass java/lang/invoke/LambdaForm$MH
instanceKlass java/lang/invoke/LambdaForm$MH
instanceKlass java/lang/invoke/InvokerBytecodeGenerator$CpPatch
instanceKlass java/lang/invoke/LambdaForm$DMH
instanceKlass java/lang/invoke/LambdaForm$DMH
instanceKlass java/lang/invoke/LambdaForm$DMH
instanceKlass java/lang/invoke/LambdaForm$DMH
instanceKlass java/lang/invoke/LambdaForm$DMH
instanceKlass java/lang/invoke/LambdaForm$DMH
instanceKlass sun/invoke/empty/Empty
instanceKlass sun/invoke/util/VerifyType
instanceKlass java/lang/invoke/InvokerBytecodeGenerator$2
instanceKlass jdk/internal/org/objectweb/asm/AnnotationVisitor
instanceKlass jdk/internal/org/objectweb/asm/Frame
instanceKlass jdk/internal/org/objectweb/asm/Label
instanceKlass jdk/internal/org/objectweb/asm/Type
instanceKlass jdk/internal/org/objectweb/asm/MethodVisitor
instanceKlass jdk/internal/org/objectweb/asm/Item
instanceKlass jdk/internal/org/objectweb/asm/ByteVector
instanceKlass jdk/internal/org/objectweb/asm/ClassVisitor
instanceKlass java/lang/invoke/InvokerBytecodeGenerator
instanceKlass java/util/Collections$UnmodifiableCollection$1
instanceKlass java/lang/invoke/DirectMethodHandle$Lazy
instanceKlass sun/invoke/util/BytecodeDescriptor
instanceKlass java/lang/invoke/BoundMethodHandle$Factory
instanceKlass java/lang/invoke/BoundMethodHandle$SpeciesData
instanceKlass java/lang/invoke/LambdaForm$NamedFunction
instanceKlass java/lang/invoke/LambdaForm$Name
instanceKlass sun/invoke/util/ValueConversions
instanceKlass sun/invoke/util/VerifyAccess
instanceKlass java/lang/Long$LongCache
instanceKlass java/lang/Character$CharacterCache
instanceKlass java/lang/Short$ShortCache
instanceKlass java/lang/Byte$ByteCache
instanceKlass sun/invoke/util/Wrapper$Format
instanceKlass java/lang/invoke/MethodHandles
instanceKlass java/lang/invoke/Invokers
instanceKlass java/lang/invoke/MethodTypeForm
instanceKlass java/lang/invoke/MethodType$ConcurrentWeakInternSet
instanceKlass java/lang/invoke/MethodHandles$Lookup
instanceKlass java/lang/invoke/LambdaMetafactory
instanceKlass java/util/ArrayList$Itr
instanceKlass org/codehaus/plexus/classworlds/strategy/AbstractStrategy
instanceKlass org/codehaus/plexus/classworlds/strategy/Strategy
instanceKlass org/codehaus/plexus/classworlds/strategy/StrategyFactory
instanceKlass java/util/NavigableSet
instanceKlass java/util/SortedSet
instanceKlass sun/nio/ch/IOStatus
instanceKlass java/nio/DirectByteBuffer$Deallocator
instanceKlass sun/nio/ch/Util$BufferCache
instanceKlass sun/nio/ch/Util$2
instanceKlass sun/nio/ch/Util
instanceKlass sun/nio/ch/NativeThread
instanceKlass java/nio/channels/spi/AbstractInterruptibleChannel$1
instanceKlass sun/nio/ch/Interruptible
instanceKlass org/codehaus/plexus/classworlds/launcher/ConfigurationParser
instanceKlass org/codehaus/plexus/classworlds/launcher/Configurator
instanceKlass org/codehaus/plexus/classworlds/launcher/ConfigurationHandler
instanceKlass java/nio/channels/Channels
instanceKlass sun/nio/ch/FileDispatcherImpl$1
instanceKlass sun/nio/ch/NativeDispatcher
instanceKlass sun/nio/ch/NativeThreadSet
instanceKlass java/net/Inet6Address$Inet6AddressHolder
instanceKlass java/net/InetAddress$2
instanceKlass sun/net/spi/nameservice/NameService
instanceKlass java/net/Inet6AddressImpl
instanceKlass java/net/InetAddressImpl
instanceKlass java/net/InetAddressImplFactory
instanceKlass java/net/InetAddress$Cache
instanceKlass java/net/InetAddress$InetAddressHolder
instanceKlass java/net/InetAddress$1
instanceKlass sun/security/action/GetBooleanAction
instanceKlass java/net/InetAddress
instanceKlass sun/nio/ch/IOUtil$1
instanceKlass sun/nio/ch/IOUtil
instanceKlass java/nio/channels/spi/AbstractInterruptibleChannel
instanceKlass java/nio/channels/InterruptibleChannel
instanceKlass java/nio/channels/ScatteringByteChannel
instanceKlass java/nio/channels/GatheringByteChannel
instanceKlass java/nio/channels/SeekableByteChannel
instanceKlass java/nio/channels/ByteChannel
instanceKlass java/nio/channels/WritableByteChannel
instanceKlass java/nio/channels/ReadableByteChannel
instanceKlass java/nio/channels/Channel
instanceKlass sun/nio/fs/NativeBuffer$Deallocator
instanceKlass sun/nio/fs/NativeBuffer
instanceKlass sun/nio/fs/NativeBuffers
instanceKlass sun/nio/fs/WindowsNativeDispatcher$BackupResult
instanceKlass sun/nio/fs/WindowsNativeDispatcher$CompletionStatus
instanceKlass sun/nio/fs/WindowsNativeDispatcher$AclInformation
instanceKlass sun/nio/fs/WindowsNativeDispatcher$Account
instanceKlass sun/nio/fs/WindowsNativeDispatcher$DiskFreeSpace
instanceKlass sun/nio/fs/WindowsNativeDispatcher$VolumeInformation
instanceKlass sun/nio/fs/WindowsNativeDispatcher$FirstStream
instanceKlass sun/nio/fs/WindowsNativeDispatcher$FirstFile
instanceKlass sun/nio/fs/WindowsNativeDispatcher$1
instanceKlass sun/nio/fs/WindowsNativeDispatcher
instanceKlass java/util/HashMap$HashIterator
instanceKlass sun/nio/fs/WindowsChannelFactory$Flags
instanceKlass sun/nio/fs/WindowsChannelFactory$1
instanceKlass sun/nio/fs/WindowsChannelFactory
instanceKlass sun/nio/fs/WindowsSecurityDescriptor
instanceKlass java/nio/file/attribute/FileAttribute
instanceKlass java/nio/file/Files
instanceKlass java/nio/file/OpenOption
instanceKlass sun/nio/fs/AbstractPath
instanceKlass java/net/URI$Parser
instanceKlass java/net/URI
instanceKlass sun/nio/fs/Util
instanceKlass sun/nio/fs/WindowsPathParser$Result
instanceKlass sun/nio/fs/WindowsPathParser
instanceKlass java/util/AbstractList$Itr
instanceKlass java/nio/file/FileSystem
instanceKlass java/nio/file/spi/FileSystemProvider
instanceKlass sun/nio/fs/DefaultFileSystemProvider
instanceKlass java/nio/file/FileSystems$DefaultFileSystemHolder$1
instanceKlass java/nio/file/FileSystems$DefaultFileSystemHolder
instanceKlass java/nio/file/FileSystems
instanceKlass java/nio/file/Paths
instanceKlass java/lang/Void
instanceKlass org/codehaus/plexus/classworlds/ClassWorld
instanceKlass java/lang/Class$MethodArray
instanceKlass sun/launcher/LauncherHelper$FXHelper
instanceKlass org/codehaus/plexus/classworlds/launcher/Launcher
instanceKlass java/io/FilePermission$1
instanceKlass sun/net/www/MessageHeader
instanceKlass java/net/URLConnection
instanceKlass java/security/PermissionCollection
instanceKlass sun/nio/ByteBuffered
instanceKlass java/lang/Package
instanceKlass java/util/jar/Attributes$Name
instanceKlass java/util/jar/Attributes
instanceKlass sun/misc/Resource
instanceKlass sun/misc/IOUtils
instanceKlass java/util/zip/ZStreamRef
instanceKlass java/util/zip/Inflater
instanceKlass java/util/zip/ZipEntry
instanceKlass sun/misc/ExtensionDependency
instanceKlass sun/misc/JarIndex
instanceKlass sun/nio/ch/DirectBuffer
instanceKlass sun/misc/PerfCounter$CoreCounters
instanceKlass sun/misc/Perf
instanceKlass sun/misc/Perf$GetPerfAction
instanceKlass sun/misc/PerfCounter
instanceKlass java/util/zip/ZipCoder
instanceKlass java/util/Deque
instanceKlass java/util/Queue
instanceKlass java/nio/charset/StandardCharsets
instanceKlass java/util/jar/JavaUtilJarAccessImpl
instanceKlass sun/misc/JavaUtilJarAccess
instanceKlass sun/misc/FileURLMapper
instanceKlass sun/misc/URLClassPath$JarLoader$1
instanceKlass sun/nio/cs/ThreadLocalCoders$Cache
instanceKlass sun/nio/cs/ThreadLocalCoders
instanceKlass java/util/zip/ZipFile$1
instanceKlass sun/misc/JavaUtilZipFileAccess
instanceKlass java/util/zip/ZipFile
instanceKlass java/util/zip/ZipConstants
instanceKlass sun/misc/URLClassPath$Loader
instanceKlass sun/misc/URLClassPath$3
instanceKlass sun/net/util/URLUtil
instanceKlass java/net/URLClassLoader$1
instanceKlass java/io/FileOutputStream$1
instanceKlass sun/usagetracker/UsageTrackerClient$3
instanceKlass sun/usagetracker/UsageTrackerClient$2
instanceKlass sun/usagetracker/UsageTrackerClient$4
instanceKlass sun/usagetracker/UsageTrackerClient$1
instanceKlass java/util/concurrent/atomic/AtomicBoolean
instanceKlass sun/usagetracker/UsageTrackerClient
instanceKlass sun/misc/PostVMInitHook$1
instanceKlass jdk/internal/util/EnvUtils
instanceKlass sun/misc/PostVMInitHook$2
instanceKlass sun/misc/PostVMInitHook
instanceKlass java/lang/invoke/MethodHandleStatics$1
instanceKlass java/lang/invoke/MethodHandleStatics
instanceKlass java/lang/invoke/MemberName$Factory
instanceKlass java/lang/ClassValue$Version
instanceKlass java/lang/ClassValue$Identity
instanceKlass java/lang/ClassValue
instanceKlass java/lang/invoke/MethodHandleImpl$3
instanceKlass java/lang/invoke/MethodHandleImpl$2
instanceKlass java/util/function/Function
instanceKlass java/lang/invoke/MethodHandleImpl$1
instanceKlass java/lang/invoke/MethodHandleImpl
instanceKlass java/lang/SystemClassLoaderAction
instanceKlass sun/misc/Launcher$AppClassLoader$1
instanceKlass sun/misc/URLClassPath
instanceKlass java/security/Principal
instanceKlass java/security/ProtectionDomain$Key
instanceKlass java/security/ProtectionDomain$2
instanceKlass sun/misc/JavaSecurityProtectionDomainAccess
instanceKlass java/security/ProtectionDomain$JavaSecurityAccessImpl
instanceKlass sun/misc/JavaSecurityAccess
instanceKlass java/net/URLStreamHandler
instanceKlass java/net/Parts
instanceKlass java/util/BitSet
instanceKlass sun/net/www/ParseUtil
instanceKlass java/io/FileInputStream$1
instanceKlass java/lang/CharacterData
instanceKlass sun/util/locale/LocaleUtils
instanceKlass java/util/Locale$LocaleKey
instanceKlass sun/util/locale/BaseLocale$Key
instanceKlass sun/util/locale/BaseLocale
instanceKlass java/util/concurrent/ConcurrentHashMap$CollectionView
instanceKlass java/util/concurrent/ConcurrentHashMap$CounterCell
instanceKlass java/util/concurrent/ConcurrentHashMap$Node
instanceKlass java/util/concurrent/locks/ReentrantLock
instanceKlass java/util/concurrent/locks/Lock
instanceKlass java/util/concurrent/ConcurrentMap
instanceKlass sun/util/locale/LocaleObjectCache
instanceKlass java/util/Locale
instanceKlass java/lang/reflect/Array
instanceKlass java/io/Reader
instanceKlass sun/misc/MetaIndex
instanceKlass java/util/StringTokenizer
instanceKlass sun/misc/Launcher$ExtClassLoader$1
instanceKlass java/net/URLClassLoader$7
instanceKlass sun/misc/JavaNetAccess
instanceKlass java/lang/ClassLoader$ParallelLoaders
instanceKlass sun/security/util/Debug
instanceKlass sun/misc/Launcher$Factory
instanceKlass java/net/URLStreamHandlerFactory
instanceKlass java/lang/Compiler$1
instanceKlass java/lang/Compiler
instanceKlass java/lang/System$2
instanceKlass sun/misc/JavaLangAccess
instanceKlass sun/io/Win32ErrorMode
instanceKlass sun/misc/OSEnvironment
instanceKlass java/lang/Integer$IntegerCache
instanceKlass sun/misc/NativeSignalHandler
instanceKlass sun/misc/Signal
instanceKlass java/lang/Terminator$1
instanceKlass sun/misc/SignalHandler
instanceKlass java/lang/Terminator
instanceKlass java/lang/ClassLoader$NativeLibrary
instanceKlass java/io/ExpiringCache$Entry
instanceKlass java/lang/ClassLoader$3
instanceKlass java/lang/StringCoding$StringEncoder
instanceKlass java/nio/file/Path
instanceKlass java/nio/file/Watchable
instanceKlass java/lang/Enum
instanceKlass java/io/ExpiringCache
instanceKlass java/io/FileSystem
instanceKlass java/io/DefaultFileSystem
instanceKlass sun/security/action/GetPropertyAction
instanceKlass java/nio/charset/CoderResult$Cache
instanceKlass java/nio/charset/CoderResult
instanceKlass java/lang/Readable
instanceKlass java/nio/Bits$1
instanceKlass sun/misc/JavaNioAccess
instanceKlass java/nio/ByteOrder
instanceKlass java/nio/Bits
instanceKlass java/nio/charset/CharsetEncoder
instanceKlass sun/nio/cs/ArrayEncoder
instanceKlass java/io/Writer
instanceKlass sun/reflect/misc/ReflectUtil
instanceKlass java/util/concurrent/atomic/AtomicReferenceFieldUpdater$AtomicReferenceFieldUpdaterImpl$1
instanceKlass java/security/PrivilegedExceptionAction
instanceKlass java/util/concurrent/atomic/AtomicReferenceFieldUpdater
instanceKlass java/io/OutputStream
instanceKlass java/io/Flushable
instanceKlass java/io/FileDescriptor$1
instanceKlass sun/misc/JavaIOFileDescriptorAccess
instanceKlass java/io/FileDescriptor
instanceKlass sun/misc/Version
instanceKlass java/lang/Runtime
instanceKlass java/util/Hashtable$Enumerator
instanceKlass java/util/Iterator
instanceKlass java/util/Enumeration
instanceKlass java/util/Objects
instanceKlass java/util/Collections$SynchronizedCollection
instanceKlass java/nio/charset/CodingErrorAction
instanceKlass java/nio/charset/CharsetDecoder
instanceKlass sun/nio/cs/ArrayDecoder
instanceKlass sun/nio/cs/ext/DelegatableDecoder
instanceKlass sun/nio/cs/ext/DoubleByte
instanceKlass java/lang/StringCoding$StringDecoder
instanceKlass java/lang/ThreadLocal$ThreadLocalMap
instanceKlass java/lang/StringCoding
instanceKlass sun/nio/cs/HistoricallyNamedCharset
instanceKlass java/util/TreeMap$Entry
instanceKlass sun/misc/ASCIICaseInsensitiveComparator
instanceKlass java/util/NavigableMap
instanceKlass java/util/SortedMap
instanceKlass sun/reflect/ReflectionFactory$1
instanceKlass java/lang/Class$1
instanceKlass java/nio/charset/Charset$ExtendedProviderHolder$1
instanceKlass java/nio/charset/Charset$ExtendedProviderHolder
instanceKlass java/util/Arrays
instanceKlass java/lang/reflect/ReflectAccess
instanceKlass sun/reflect/LangReflectAccess
instanceKlass java/lang/reflect/Modifier
instanceKlass sun/reflect/annotation/AnnotationType
instanceKlass java/lang/Class$AnnotationData
instanceKlass sun/reflect/generics/repository/AbstractRepository
instanceKlass java/lang/Class$Atomic
instanceKlass java/lang/Class$ReflectionData
instanceKlass java/lang/Class$3
instanceKlass java/lang/ThreadLocal
instanceKlass java/nio/charset/spi/CharsetProvider
instanceKlass java/nio/charset/Charset
instanceKlass java/lang/Math
instanceKlass java/util/Hashtable$Entry
instanceKlass sun/misc/VM
instanceKlass java/util/HashMap$Node
instanceKlass java/util/Map$Entry
instanceKlass sun/reflect/Reflection
instanceKlass sun/misc/SharedSecrets
instanceKlass java/lang/ref/Reference$1
instanceKlass sun/misc/JavaLangRefAccess
instanceKlass java/lang/ref/ReferenceQueue$Lock
instanceKlass java/util/Collections$UnmodifiableCollection
instanceKlass java/util/AbstractMap
instanceKlass java/util/Set
instanceKlass java/util/Collections
instanceKlass java/lang/ref/Reference$Lock
instanceKlass sun/reflect/ReflectionFactory
instanceKlass java/util/AbstractCollection
instanceKlass java/util/RandomAccess
instanceKlass java/util/List
instanceKlass java/util/Collection
instanceKlass java/lang/Iterable
instanceKlass java/security/cert/Certificate
instanceKlass sun/reflect/ReflectionFactory$GetReflectionFactoryAction
instanceKlass java/security/PrivilegedAction
instanceKlass java/security/AccessController
instanceKlass java/security/Permission
instanceKlass java/security/Guard
instanceKlass java/lang/String$CaseInsensitiveComparator
instanceKlass java/util/Comparator
instanceKlass java/io/ObjectStreamField
instanceKlass java/lang/Number
instanceKlass java/lang/Character
instanceKlass java/lang/Boolean
instanceKlass java/nio/Buffer
instanceKlass java/lang/StackTraceElement
instanceKlass java/security/CodeSource
instanceKlass sun/misc/Launcher
instanceKlass java/util/jar/Manifest
instanceKlass java/net/URL
instanceKlass java/io/File
instanceKlass java/io/InputStream
instanceKlass java/io/Closeable
instanceKlass java/lang/AutoCloseable
instanceKlass sun/misc/Unsafe
instanceKlass java/lang/AbstractStringBuilder
instanceKlass java/lang/Appendable
instanceKlass java/lang/invoke/CallSite
instanceKlass java/lang/invoke/MethodType
instanceKlass java/lang/invoke/LambdaForm
instanceKlass java/lang/invoke/MethodHandleNatives
instanceKlass java/lang/invoke/MemberName
instanceKlass java/lang/invoke/MethodHandle
instanceKlass sun/reflect/CallerSensitive
instanceKlass java/lang/annotation/Annotation
instanceKlass sun/reflect/FieldAccessor
instanceKlass sun/reflect/ConstantPool
instanceKlass sun/reflect/ConstructorAccessor
instanceKlass sun/reflect/MethodAccessor
instanceKlass sun/reflect/MagicAccessorImpl
instanceKlass java/lang/reflect/Parameter
instanceKlass java/lang/reflect/Member
instanceKlass java/lang/reflect/AccessibleObject
instanceKlass java/util/Dictionary
instanceKlass java/util/Map
instanceKlass java/lang/ThreadGroup
instanceKlass java/lang/Thread$UncaughtExceptionHandler
instanceKlass java/lang/Thread
instanceKlass java/lang/Runnable
instanceKlass java/lang/ref/ReferenceQueue
instanceKlass java/lang/ref/Reference
instanceKlass java/security/AccessControlContext
instanceKlass java/security/ProtectionDomain
instanceKlass java/lang/SecurityManager
instanceKlass java/lang/Throwable
instanceKlass java/lang/System
instanceKlass java/lang/ClassLoader
instanceKlass java/lang/Cloneable
instanceKlass java/lang/Class
instanceKlass java/lang/reflect/Type
instanceKlass java/lang/reflect/GenericDeclaration
instanceKlass java/lang/reflect/AnnotatedElement
instanceKlass java/lang/String
instanceKlass java/lang/CharSequence
instanceKlass java/lang/Comparable
instanceKlass java/io/Serializable
ciInstanceKlass java/lang/Object 1 1 78 3 8 8 8 1 1 1 1 1 1 1 1 1 1 1 1 1 1 1 1 1 1 1 1 1 1 1 1 1 1 1 1 1 1 1 1 1 1 1 1 1 1 1 1 1 7 7 100 7 7 7 7 7 1 1 1 12 12 12 12 12 12 12 12 12 12 10 10 10 10 10 10 10 10 10 10 1
ciInstanceKlass java/io/Serializable 1 0 7 1 1 1 100 100 1
ciInstanceKlass java/lang/String 1 1 540 3 3 3 3 8 8 8 8 8 8 8 8 8 8 1 1 1 1 1 1 1 1 1 1 1 1 1 1 1 1 1 1 1 1 1 1 1 1 1 1 1 1 1 1 1 1 1 1 1 1 1 1 1 1 1 1 1 1 1 1 1 1 1 1 1 1 1 1 1 1 1 1 1 1 1 1 1 1 1 1 1 1 1 1 1 1 1 1 1 1 1 1 1 1 1 1 1 1 1 1 1 1 1 1 1 1 1 1 1 1 1 1 1 1 1 1 1 1 1 1 1 1 1 1 1 1 1 1 1 1 1 1 1 1 1 1 1 1 1 1 1 1 1 1 1 1 1 1 1 1 1 1 1 1 1 1 1 1 1 1 1 1 1 1 1 1 1 1 1 1 1 1 1 1 1 1 1 1 1 1 1 1 1 1 1 1 1 1 1 1 1 1 1 1 1 1 1 1 1 1 1 1 1 1 1 1 1 1 1 1 1 1 1 5 0 100 100 100 100 7 7 100 100 100 7 7 100 100 7 7 100 100 7 100 100 7 100 7 7 100 7 100 100 7 100 7 100 100 7 7 7 7 100 7 7 100 100 7 7 1 1 1 1 1 1 1 1 1 1 1 1 1 1 1 1 1 1 1 1 1 1 1 1 1 1 1 1 1 1 1 1 1 1 1 1 1 1 1 1 1 1 1 1 1 1 1 1 1 1 1 1 1 1 1 1 1 1 1 1 1 12 12 12 12 12 12 12 12 12 12 12 12 12 12 12 12 12 12 12 12 12 12 12 12 12 12 12 12 12 12 12 12 12 12 12 12 12 12 12 12 12 12 12 12 12 12 12 12 12 12 12 12 12 12 12 12 12 12 12 12 12 12 12 12 12 12 12 12 12 12 12 12 12 12 12 12 12 12 12 12 12 12 12 12 12 12 12 12 12 12 12 12 12 12 12 12 12 12 12 12 12 9 9 9 9 10 10 10 10 10 10 10 10 10 10 10 10 10 10 10 10 10 10 10 10 10 10 10 10 10 10 10 10 10 10 10 10 10 10 10 10 10 10 10 10 10 10 10 10 10 10 10 10 10 10 10 10 10 10 10 10 10 10 10 10 10 10 10 10 10 10 10 10 10 10 10 10 10 10 10 10 10 10 10 10 10 10 10 10 10 10 10 10 10 10 10 10 10 10 10 10 10 10 10 10 10 10 10 10 11 11 11 11 11 11 11 11 1 1
staticfield java/lang/String serialPersistentFields [Ljava/io/ObjectStreamField; 0 [Ljava/io/ObjectStreamField;
staticfield java/lang/String CASE_INSENSITIVE_ORDER Ljava/util/Comparator; java/lang/String$CaseInsensitiveComparator
ciInstanceKlass java/lang/Class 1 1 1190 8 8 8 8 8 8 8 8 8 8 8 8 8 8 8 8 8 8 7 1 1 1 1 1 1 1 1 1 1 1 1 1 1 1 1 1 1 1 1 1 1 1 1 1 1 1 1 1 1 1 1 1 1 1 1 1 1 1 1 1 1 1 1 1 1 1 1 1 1 1 1 1 1 1 1 1 1 1 1 1 1 1 1 1 1 1 1 1 1 1 1 1 1 1 1 1 1 1 1 1 1 1 1 1 1 1 1 1 1 1 1 1 1 1 1 1 1 1 1 1 1 1 1 1 1 1 1 1 1 1 1 1 1 1 1 1 1 1 1 1 1 1 1 1 1 1 1 1 1 1 1 1 1 1 1 1 1 1 1 1 1 1 1 1 1 1 1 1 1 1 1 1 1 1 1 1 1 1 1 1 1 1 1 1 1 1 1 1 1 1 1 1 1 1 1 1 1 1 1 1 1 1 1 1 1 1 1 1 1 1 1 1 1 1 1 1 1 1 1 1 1 1 1 1 1 1 1 1 1 1 1 1 1 1 1 1 1 1 1 1 1 1 1 1 1 1 1 1 1 1 1 1 1 1 1 1 1 1 1 1 1 1 1 1 1 1 1 1 1 1 1 1 1 1 1 1 1 1 1 1 1 1 1 1 1 1 1 1 1 1 1 1 1 1 1 1 1 1 1 1 1 1 1 1 1 1 1 1 1 1 1 1 1 1 1 1 1 1 1 1 1 1 1 1 1 1 1 1 1 1 1 1 1 1 1 1 1 1 1 1 1 1 1 1 1 1 1 1 1 1 1 1 1 1 1 1 1 1 1 1 1 1 1 1 1 1 1 1 1 1 1 1 1 1 1 1 1 1 1 1 1 1 1 1 1 1 1 1 1 1 1 1 1 1 1 1 1 1 1 1 1 1 1 1 1 1 1 1 1 1 1 1 1 1 1 1 1 1 1 1 1 3 3 3 5 0 8 8 8 8 8 7 7 7 100 100 100 7 7 100 7 100 7 7 7 7 100 7 7 100 7 100 100 100 7 100 100 100 100 100 100 7 7 7 7 100 100 100 7 7 7 100 7 7 7 100 100 7 7 100 7 100 7 7 100 100 100 7 7 7 7 7 7 7 7 7 7 7 7 7 7 100 100 7 7 7 7 100 7 7 7 7 100 100 7 100 7 1 1 1 1 1 1 1 1 1 1 1 1 1 1 1 1 1 1 1 1 1 1 1 1 1 1 1 1 1 1 1 1 1 1 1 1 1 1 1 1 1 1 1 1 1 1 1 1 1 1 1 1 1 1 1 1 1 1 1 1 1 1 1 1 1 1 1 1 1 1 1 1 1 1 1 1 1 1 1 1 1 1 1 1 1 1 1 1 1 1 1 1 1 1 1 1 1 1 1 1 1 1 1 1 1 1 1 1 1 1 1 1 1 1 1 1 1 1 1 1 1 1 1 1 1 1 1 1 1 1 1 1 1 1 1 1 1 1 1 1 1 1 1 1 1 1 1 1 1 1 1 1 1 1 1 1 1 1 1 1 1 1 1 1 1 1 1 12 12 12 12 12 12 12 12 12 12 12 12 12 12 12 12 12 12 12 12 12 12 12 12 12 12 12 12 12 12 12 12 12 12 12 12 12 12 12 12 12 12 12 12 12 12 12 12 12 12 12 12 12 12 12 12 12 12 12 12 12 12 12 12 12 12 12 12 12 12 12 12 12 12 12 12 12 12 12 12 12 12 12 12 12 12 12 12 12 12 12 12 12 12 12 12 12 12 12 12 12 12 12 12 12 12 12 12 12 12 12 12 12 12 12 12 12 12 12 12 12 12 12 12 12 12 12 12 12 12 12 12 12 12 12 12 12 12 12 12 12 12 12 12 12 12 12 12 12 12 12 12 12 12 12 12 12 12 12 12 12 12 12 12 12 12 12 12 12 12 12 12 12 12 12 12 12 12 12 12 12 12 12 12 12 12 12 12 12 12 12 12 12 12 12 12 12 12 12 12 12 12 12 12 12 12 12 12 12 12 12 12 12 12 12 12 12 12 12 12 12 12 12 12 12 12 12 12 12 12 12 12 9 9 9 9 9 9 9 9 9 9 9 9 9 9 9 9 9 9 9 9 9 9 9 9 9 9 9 9 9 9 9 9 9 9 9 9 9 10 10 10 10 10 10 10 10 10 10 10 10 10 10 10 10 10 10 10 10 10 10 10 10 10 10 10 10 10 10 10 10 10 10 10 10 10 10 10 10 10 10 10 10 10 10 10 10 10 10 10 10 10 10 10 10 10 10 10 10 10 10 10 10 10 10 10 10 10 10 10 10 10 10 10 10 10 10 10 10 10 10 10 10 10 10 10 10 10 10 10 10 10 10 10 10 10 10 10 10 10 10 10 10 10 10 10 10 10 10 10 10 10 10 10 10 10 10 10 10 10 10 10 10 10 10 10 10 10 10 10 10 10 10 10 10 10 10 10 10 10 10 10 10 10 10 10 10 10 10 10 10 10 10 10 10 10 10 10 10 10 10 10 10 10 10 10 10 10 10 10 10 10 10 10 10 10 10 10 10 10 10 10 10 10 10 10 10 10 10 10 10 10 10 10 10 10 10 10 10 10 10 10 10 10 10 10 10 10 10 11 11 11 11 11 11 11 11 11 11 11 11 11 11 11 11 11 11 1 1 1 1 1 1 1 1
staticfield java/lang/Class serialPersistentFields [Ljava/io/ObjectStreamField; 0 [Ljava/io/ObjectStreamField;
ciInstanceKlass java/lang/Cloneable 1 0 7 1 1 1 100 100 1
instanceKlass lombok/javac/apt/LombokProcessor$1
instanceKlass lombok/launch/ShadowClassLoader
instanceKlass org/eclipse/sisu/space/CloningClassSpace$CloningClassLoader
instanceKlass java/util/ResourceBundle$RBClassLoader
instanceKlass sun/reflect/DelegatingClassLoader
instanceKlass java/security/SecureClassLoader
ciInstanceKlass java/lang/ClassLoader 1 1 842 8 8 8 8 8 8 8 8 8 8 8 8 8 8 8 8 8 8 7 1 1 1 1 1 1 1 1 1 1 1 1 1 1 1 1 1 1 1 1 1 1 1 1 1 1 1 1 1 1 1 1 1 1 1 1 1 1 1 1 1 1 1 1 1 1 1 1 1 1 1 1 1 1 1 1 1 1 1 1 1 1 1 1 1 1 1 1 1 1 1 1 1 1 1 1 1 1 1 1 1 1 1 1 1 1 1 1 1 1 1 1 1 1 1 1 1 1 1 1 1 1 1 1 1 1 1 1 1 1 1 1 1 1 1 1 1 1 1 1 1 1 1 1 1 1 1 1 1 1 1 1 1 1 1 1 1 1 1 1 1 1 1 1 1 1 1 1 1 1 1 1 1 1 1 1 1 1 1 1 1 1 1 1 1 1 1 1 1 1 1 1 1 1 1 1 1 1 1 1 1 1 1 1 1 1 1 1 1 1 1 1 1 1 1 1 1 1 1 1 1 1 1 1 1 1 1 1 1 1 1 1 1 1 1 1 1 1 1 1 1 1 1 1 1 1 1 1 1 1 1 1 1 1 1 1 1 1 1 1 1 1 1 1 1 1 1 1 1 1 1 1 1 1 1 1 1 1 1 1 1 1 1 1 1 1 1 1 1 1 1 1 1 1 1 1 1 1 1 100 100 100 7 7 7 100 100 100 100 7 100 100 7 7 7 7 100 7 100 100 100 100 7 7 100 100 7 100 7 7 100 100 100 100 7 100 100 7 7 100 7 7 100 7 7 7 7 7 7 7 7 7 7 7 7 7 7 7 7 7 100 100 1 1 1 1 1 1 1 1 1 1 1 1 1 1 1 1 1 1 1 1 1 1 1 1 1 1 1 1 1 1 1 1 1 1 1 1 1 1 1 1 1 1 1 1 1 1 1 1 1 1 1 1 1 1 1 1 1 1 1 1 1 1 1 1 1 1 1 1 1 1 1 1 1 1 1 1 1 1 1 1 1 1 1 1 1 1 1 1 1 1 1 1 1 1 1 1 1 1 1 1 1 1 1 1 1 1 1 1 1 1 1 1 1 1 12 12 12 12 12 12 12 12 12 12 12 12 12 12 12 12 12 12 12 12 12 12 12 12 12 12 12 12 12 12 12 12 12 12 12 12 12 12 12 12 12 12 12 12 12 12 12 12 12 12 12 12 12 12 12 12 12 12 12 12 12 12 12 12 12 12 12 12 12 12 12 12 12 12 12 12 12 12 12 12 12 12 12 12 12 12 12 12 12 12 12 12 12 12 12 12 12 12 12 12 12 12 12 12 12 12 12 12 12 12 12 12 12 12 12 12 12 12 12 12 12 12 12 12 12 12 12 12 12 12 12 12 12 12 12 12 12 12 12 12 12 12 12 12 12 12 12 12 12 12 12 12 12 12 12 12 12 12 12 12 12 12 12 12 12 12 12 12 12 9 9 9 9 9 9 9 9 9 9 9 9 9 9 9 9 9 9 9 9 9 9 9 9 9 9 9 9 9 10 10 10 10 10 10 10 10 10 10 10 10 10 10 10 10 10 10 10 10 10 10 10 10 10 10 10 10 10 10 10 10 10 10 10 10 10 10 10 10 10 10 10 10 10 10 10 10 10 10 10 10 10 10 10 10 10 10 10 10 10 10 10 10 10 10 10 10 10 10 10 10 10 10 10 10 10 10 10 10 10 10 10 10 10 10 10 10 10 10 10 10 10 10 10 10 10 10 10 10 10 10 10 10 10 10 10 10 10 10 10 10 10 10 10 10 10 10 10 10 10 10 10 10 10 10 10 10 10 10 10 10 10 10 10 10 10 10 10 10 10 10 10 10 10 10 10 10 10 10 10 10 10 10 10 10 10 10 10 10 11 11 11 11 11 11 1 1
staticfield java/lang/ClassLoader nocerts [Ljava/security/cert/Certificate; 0 [Ljava/security/cert/Certificate;
ciInstanceKlass java/lang/System 1 1 369 8 8 8 8 8 8 8 8 8 8 8 8 8 7 1 1 1 1 1 1 1 1 1 1 1 1 1 1 1 1 1 1 1 1 1 1 1 1 1 1 1 1 1 1 1 1 1 1 1 1 1 1 1 1 1 1 1 1 1 1 1 1 1 1 1 1 1 1 1 1 1 1 1 1 1 1 1 1 1 1 1 1 1 1 1 1 1 1 1 1 1 1 1 1 1 1 1 1 1 1 1 1 1 1 1 1 1 1 1 1 1 1 1 1 1 1 1 1 1 1 1 1 1 1 1 1 1 1 1 1 1 1 1 1 1 1 1 1 1 1 1 1 1 1 1 1 1 1 1 1 1 7 7 7 7 7 100 7 100 100 100 100 100 100 7 7 100 100 7 100 100 7 7 7 7 100 100 100 7 100 100 7 7 7 7 1 1 1 1 1 1 1 1 1 1 1 1 1 1 1 1 1 1 1 1 1 1 1 1 1 1 1 1 1 1 1 1 1 1 1 1 1 1 1 1 12 12 12 12 12 12 12 12 12 12 12 12 12 12 12 12 12 12 12 12 12 12 12 12 12 12 12 12 12 12 12 12 12 12 12 12 12 12 12 12 12 12 12 12 12 12 12 12 12 12 12 12 12 12 12 12 12 12 12 12 12 12 12 12 12 12 12 12 9 9 9 9 9 9 9 9 9 9 10 10 10 10 10 10 10 10 10 10 10 10 10 10 10 10 10 10 10 10 10 10 10 10 10 10 10 10 10 10 10 10 10 10 10 10 10 10 10 10 10 10 10 10 10 10 10 10 10 10 10 10 10 10 10 10 10 10 10 10 10 10 10 11 1
staticfield java/lang/System in Ljava/io/InputStream; java/io/BufferedInputStream
staticfield java/lang/System out Ljava/io/PrintStream; org/fusesource/jansi/AnsiPrintStream
staticfield java/lang/System err Ljava/io/PrintStream; org/fusesource/jansi/AnsiPrintStream
instanceKlass lombok/javac/handlers/HandleDelegate$DelegateRecursion
instanceKlass org/apache/maven/artifact/repository/metadata/RepositoryMetadataDeploymentException
instanceKlass org/apache/maven/artifact/repository/metadata/RepositoryMetadataInstallationException
instanceKlass java/lang/Exception
instanceKlass java/lang/Error
ciInstanceKlass java/lang/Throwable 1 1 327 8 8 8 8 8 8 8 8 8 8 8 8 8 8 8 8 8 7 1 1 1 1 1 1 1 1 1 1 1 1 1 1 1 1 1 1 1 1 1 1 1 1 1 1 1 1 1 1 1 1 1 1 1 1 1 1 1 1 1 1 1 1 1 1 1 1 1 1 1 1 1 1 1 1 1 1 1 1 1 1 1 1 1 1 1 1 1 1 1 1 1 1 1 1 1 1 1 1 1 1 1 1 1 1 1 1 1 1 1 1 1 1 1 1 1 1 1 1 1 1 1 1 1 1 1 1 1 1 1 1 1 1 1 1 1 1 1 1 1 1 1 1 1 1 1 1 5 0 7 100 100 100 100 100 100 7 100 100 100 100 7 7 100 100 100 100 100 100 100 100 100 7 7 100 100 100 100 100 1 1 1 1 1 1 1 1 1 1 1 1 1 1 1 1 1 1 1 1 1 1 1 1 1 1 1 1 12 12 12 12 12 12 12 12 12 12 12 12 12 12 12 12 12 12 12 12 12 12 12 12 12 12 12 12 12 12 12 12 12 12 12 12 12 12 12 12 12 12 12 12 12 12 12 12 12 12 12 12 12 12 9 9 9 9 9 9 9 9 9 9 9 9 10 10 10 10 10 10 10 10 10 10 10 10 10 10 10 10 10 10 10 10 10 10 10 10 10 10 10 10 10 10 10 10 10 10 10 10 10 10 10 10 10 11 11 11 11 11 11 11 11 1 1 1 1 1
staticfield java/lang/Throwable UNASSIGNED_STACK [Ljava/lang/StackTraceElement; 0 [Ljava/lang/StackTraceElement;
staticfield java/lang/Throwable SUPPRESSED_SENTINEL Ljava/util/List; java/util/Collections$UnmodifiableRandomAccessList
staticfield java/lang/Throwable EMPTY_THROWABLE_ARRAY [Ljava/lang/Throwable; 0 [Ljava/lang/Throwable;
staticfield java/lang/Throwable $assertionsDisabled Z 1
instanceKlass com/sun/source/util/TreePath$1Result
instanceKlass com/sun/tools/javac/tree/Pretty$UncheckedIOException
instanceKlass java/util/ServiceConfigurationError
instanceKlass com/sun/tools/javac/processing/ServiceProxy$ServiceConfigurationError
instanceKlass com/sun/tools/javac/tree/TreeInfo$1Result
instanceKlass com/sun/tools/javac/util/Abort
instanceKlass com/sun/tools/javac/processing/AnnotationProcessingError
instanceKlass com/sun/tools/javac/util/FatalError
instanceKlass com/sun/tools/javac/file/BaseFileObject$CannotCreateUriError
instanceKlass com/google/common/util/concurrent/ExecutionError
instanceKlass java/lang/AssertionError
instanceKlass java/io/IOError
instanceKlass org/apache/maven/BuildAbort
instanceKlass java/lang/VirtualMachineError
instanceKlass java/lang/LinkageError
instanceKlass java/lang/ThreadDeath
ciInstanceKlass java/lang/Error 1 1 30 1 1 1 1 1 1 1 1 1 1 1 1 5 0 100 7 1 1 12 12 12 12 12 10 10 10 10 10 1
ciInstanceKlass java/lang/ThreadDeath 0 0 18 1 1 1 1 1 1 1 1 1 1 5 0 100 100 12 10 1
instanceKlass lombok/javac/handlers/HandleDelegate$CantMakeDelegates
instanceKlass lombok/javac/JavacResolution$TypeNotConvertibleException
instanceKlass java/util/zip/DataFormatException
instanceKlass com/sun/tools/javac/jvm/JNIWriter$TypeSignature$SignatureException
instanceKlass com/sun/tools/javac/jvm/ClassWriter$StringOverflow
instanceKlass com/sun/tools/javac/jvm/ClassWriter$PoolOverflow
instanceKlass com/sun/tools/doclint/DocLint$BadArgs
instanceKlass org/sonatype/plexus/components/sec/dispatcher/SecDispatcherException
instanceKlass org/codehaus/plexus/util/cli/CommandLineException
instanceKlass org/sonatype/plexus/components/cipher/PlexusCipherException
instanceKlass org/codehaus/plexus/compiler/util/scan/InclusionScanException
instanceKlass org/codehaus/plexus/compiler/CompilerException
instanceKlass org/codehaus/plexus/compiler/manager/NoSuchCompilerException
instanceKlass org/apache/maven/shared/filtering/MavenFilteringException
instanceKlass org/apache/maven/artifact/DependencyResolutionRequiredException
instanceKlass org/codehaus/plexus/util/introspection/MethodMap$AmbiguousException
instanceKlass java/net/URISyntaxException
instanceKlass org/xml/sax/SAXException
instanceKlass javax/xml/parsers/ParserConfigurationException
instanceKlass org/codehaus/plexus/interpolation/reflection/MethodMap$AmbiguousException
instanceKlass org/apache/maven/model/resolution/InvalidRepositoryException
instanceKlass org/apache/maven/model/resolution/UnresolvableModelException
instanceKlass org/apache/maven/cli/internal/ExtensionResolutionException
instanceKlass org/apache/maven/toolchain/building/ToolchainsBuildingException
instanceKlass org/apache/maven/execution/MavenExecutionRequestPopulationException
instanceKlass org/apache/maven/model/building/ModelBuildingException
instanceKlass org/apache/maven/configuration/BeanConfigurationException
instanceKlass org/apache/maven/BuildFailureException
instanceKlass org/codehaus/plexus/util/dag/CycleDetectedException
instanceKlass org/apache/maven/project/DuplicateProjectException
instanceKlass org/apache/maven/artifact/repository/metadata/RepositoryMetadataReadException
instanceKlass org/apache/maven/artifact/repository/metadata/RepositoryMetadataStoreException
instanceKlass org/apache/maven/MavenExecutionException
instanceKlass org/apache/maven/settings/building/SettingsBuildingException
instanceKlass org/apache/maven/lifecycle/LifecycleExecutionException
instanceKlass org/apache/maven/lifecycle/LifecyclePhaseNotFoundException
instanceKlass org/apache/maven/lifecycle/LifecycleNotFoundException
instanceKlass org/apache/maven/repository/ArtifactDoesNotExistException
instanceKlass org/apache/maven/repository/ArtifactTransferFailedException
instanceKlass org/apache/maven/repository/metadata/MetadataGraphTransformationException
instanceKlass org/apache/maven/lifecycle/internal/builder/BuilderNotFoundException
instanceKlass org/apache/maven/lifecycle/NoGoalSpecifiedException
instanceKlass org/apache/maven/lifecycle/MissingProjectException
instanceKlass org/apache/maven/repository/legacy/resolver/conflict/ConflictResolverNotFoundException
instanceKlass org/apache/maven/artifact/deployer/ArtifactDeploymentException
instanceKlass org/codehaus/plexus/component/configurator/ComponentConfigurationException
instanceKlass org/codehaus/plexus/component/configurator/expression/ExpressionEvaluationException
instanceKlass org/codehaus/plexus/component/composition/CycleDetectedInComponentGraphException
instanceKlass org/codehaus/plexus/configuration/PlexusConfigurationException
instanceKlass org/apache/maven/artifact/repository/metadata/RepositoryMetadataResolutionException
instanceKlass org/apache/maven/toolchain/MisconfiguredToolchainException
instanceKlass org/sonatype/plexus/components/sec/dispatcher/SecDispatcherException
instanceKlass org/sonatype/plexus/components/cipher/PlexusCipherException
instanceKlass org/apache/maven/artifact/InvalidRepositoryException
instanceKlass java/security/GeneralSecurityException
instanceKlass org/codehaus/plexus/component/repository/exception/ComponentLifecycleException
instanceKlass org/apache/maven/project/interpolation/ModelInterpolationException
instanceKlass org/apache/maven/plugin/version/PluginVersionNotFoundException
instanceKlass org/apache/maven/plugin/InvalidPluginException
instanceKlass org/apache/maven/artifact/versioning/InvalidVersionSpecificationException
instanceKlass org/apache/maven/plugin/PluginConfigurationException
instanceKlass org/apache/maven/project/ProjectBuildingException
instanceKlass org/apache/maven/project/DependencyResolutionException
instanceKlass org/apache/maven/repository/legacy/metadata/ArtifactMetadataRetrievalException
instanceKlass org/apache/maven/plugin/MojoNotFoundException
instanceKlass org/apache/maven/plugin/prefix/NoPluginFoundForPrefixException
instanceKlass org/apache/maven/plugin/version/PluginVersionResolutionException
instanceKlass org/apache/maven/plugin/InvalidPluginDescriptorException
instanceKlass org/apache/maven/plugin/PluginDescriptorParsingException
instanceKlass org/apache/maven/artifact/resolver/AbstractArtifactResolutionException
instanceKlass org/codehaus/plexus/personality/plexus/lifecycle/phase/InitializationException
instanceKlass org/apache/maven/repository/metadata/GraphConflictResolutionException
instanceKlass org/apache/maven/repository/metadata/MetadataResolutionException
instanceKlass org/apache/maven/artifact/installer/ArtifactInstallationException
instanceKlass org/eclipse/aether/RepositoryException
instanceKlass org/apache/http/HttpException
instanceKlass org/apache/maven/wagon/WagonException
instanceKlass org/apache/maven/plugin/PluginManagerException
instanceKlass org/apache/maven/plugin/PluginResolutionException
instanceKlass org/apache/maven/plugin/AbstractMojoExecutionException
instanceKlass java/util/concurrent/TimeoutException
instanceKlass com/google/common/collect/RegularImmutableMap$BucketOverflowException
instanceKlass java/util/concurrent/ExecutionException
instanceKlass com/google/inject/internal/ErrorsException
instanceKlass com/google/inject/internal/InternalProvisionException
instanceKlass org/codehaus/plexus/context/ContextException
instanceKlass java/text/ParseException
instanceKlass org/codehaus/plexus/PlexusContainerException
instanceKlass org/codehaus/plexus/component/repository/exception/ComponentLookupException
instanceKlass org/codehaus/plexus/util/xml/pull/XmlPullParserException
instanceKlass java/lang/CloneNotSupportedException
instanceKlass sun/nio/fs/WindowsException
instanceKlass java/security/PrivilegedActionException
instanceKlass org/apache/commons/cli/ParseException
instanceKlass org/codehaus/plexus/interpolation/InterpolationException
instanceKlass org/apache/maven/cli/MavenCli$ExitException
instanceKlass org/codehaus/plexus/classworlds/launcher/ConfigurationException
instanceKlass java/io/IOException
instanceKlass org/codehaus/plexus/classworlds/ClassWorldException
instanceKlass java/lang/InterruptedException
instanceKlass java/lang/ReflectiveOperationException
instanceKlass java/lang/RuntimeException
ciInstanceKlass java/lang/Exception 1 1 30 1 1 1 1 1 1 1 1 1 1 1 1 5 0 100 7 1 1 12 12 12 12 12 10 10 10 10 10 1
instanceKlass lombok/core/AnnotationValues$AnnotationValueDecodeFail
instanceKlass com/sun/tools/javac/jvm/Gen$CodeSizeOverflow
instanceKlass com/sun/tools/javac/comp/Infer$GraphStrategy$NodeNotFoundException
instanceKlass com/sun/tools/javac/comp/Attr$BreakAttr
instanceKlass com/sun/tools/javac/comp/Resolve$InapplicableMethodException
instanceKlass com/sun/tools/javac/code/Types$AdaptFailure
instanceKlass com/sun/tools/javac/code/Types$FunctionDescriptorLookupError
instanceKlass com/sun/tools/javac/code/Symbol$CompletionFailure
instanceKlass com/sun/tools/javac/util/PropagatedException
instanceKlass java/util/MissingResourceException
instanceKlass com/sun/tools/javac/util/ClientCodeException
instanceKlass org/apache/maven/project/DuplicateArtifactAttachmentException
instanceKlass java/time/DateTimeException
instanceKlass org/eclipse/aether/named/support/LockUpgradeNotSupportedException
instanceKlass java/util/ConcurrentModificationException
instanceKlass com/google/inject/internal/aop/GlueException
instanceKlass java/io/UncheckedIOException
instanceKlass org/apache/maven/artifact/InvalidArtifactRTException
instanceKlass com/google/inject/OutOfScopeException
instanceKlass java/lang/annotation/IncompleteAnnotationException
instanceKlass java/lang/reflect/UndeclaredThrowableException
instanceKlass com/google/common/util/concurrent/UncheckedExecutionException
instanceKlass com/google/common/cache/CacheLoader$InvalidCacheLoadException
instanceKlass java/util/NoSuchElementException
instanceKlass com/google/inject/CreationException
instanceKlass com/google/inject/ConfigurationException
instanceKlass com/google/inject/ProvisionException
instanceKlass java/lang/TypeNotPresentException
instanceKlass java/lang/IndexOutOfBoundsException
instanceKlass java/lang/UnsupportedOperationException
instanceKlass java/lang/SecurityException
instanceKlass java/lang/IllegalStateException
instanceKlass java/lang/invoke/WrongMethodTypeException
instanceKlass java/lang/IllegalArgumentException
instanceKlass java/lang/ArithmeticException
instanceKlass java/lang/NullPointerException
instanceKlass java/lang/IllegalMonitorStateException
instanceKlass java/lang/ArrayStoreException
instanceKlass java/lang/ClassCastException
ciInstanceKlass java/lang/RuntimeException 1 1 30 1 1 1 1 1 1 1 1 1 1 1 1 5 0 7 100 1 1 12 12 12 12 12 10 10 10 10 10 1
ciInstanceKlass java/lang/SecurityManager 0 0 375 8 8 8 8 8 8 8 8 8 8 8 8 8 8 8 8 8 8 8 8 8 8 8 8 8 8 8 8 8 8 8 8 8 8 8 8 100 1 1 1 1 1 1 1 1 1 1 1 1 1 1 1 1 1 1 1 1 1 1 1 1 1 1 1 1 1 1 1 1 1 1 1 1 1 1 1 1 1 1 1 1 1 1 1 1 1 1 1 1 1 1 1 1 1 1 1 1 1 1 1 1 1 1 1 1 1 1 1 1 1 1 1 1 1 1 1 1 1 1 1 1 1 1 1 1 1 1 1 1 1 1 1 1 1 1 1 1 1 1 1 1 1 1 1 1 1 1 1 1 1 1 1 1 1 1 1 1 1 1 1 1 1 1 1 1 1 1 1 1 1 1 1 1 1 1 1 1 1 1 1 1 1 1 1 1 1 1 1 1 1 1 1 1 1 1 1 1 1 1 1 1 100 100 100 100 100 100 100 100 100 100 100 100 100 100 100 100 100 100 100 100 100 100 100 100 100 100 100 100 1 1 1 1 1 1 1 1 1 1 1 1 1 1 1 1 1 1 1 1 1 1 1 1 1 1 1 1 1 1 1 12 12 12 12 12 12 12 12 12 12 12 12 12 12 12 12 12 12 12 12 12 12 12 12 12 12 12 12 12 12 12 12 12 12 12 12 12 12 12 12 12 12 12 12 12 12 12 12 12 12 12 9 9 9 9 9 9 9 9 9 9 9 9 9 9 9 9 9 10 10 10 10 10 10 10 10 10 10 10 10 10 10 10 10 10 10 10 10 10 10 10 10 10 10 10 10 10 10 10 10 10 10 10 10 10 10 10 10 10 10 10 10 10 1
ciInstanceKlass java/security/ProtectionDomain 1 1 272 8 8 8 8 8 8 8 8 8 8 1 1 1 1 1 1 1 1 1 1 1 1 1 1 1 1 1 1 1 1 1 1 1 1 1 1 1 1 1 1 1 1 1 1 1 1 1 1 1 1 1 1 1 1 1 1 1 1 1 1 1 1 1 1 1 1 1 1 1 1 1 1 1 1 1 1 1 1 1 1 1 1 1 1 1 1 1 1 1 1 1 1 1 1 1 1 1 1 1 1 1 1 1 1 1 1 1 1 1 100 100 100 7 100 100 100 100 100 100 100 100 100 7 7 100 7 7 100 7 7 7 100 100 100 7 7 100 1 1 1 1 1 1 1 1 1 1 1 1 1 1 1 1 1 1 1 1 1 1 1 1 1 1 1 1 1 12 12 12 12 12 12 12 12 12 12 12 12 12 12 12 12 12 12 12 12 12 12 12 12 12 12 12 12 12 12 12 12 12 12 12 12 12 12 12 12 12 12 12 12 12 12 12 12 9 9 9 9 9 9 9 9 9 9 9 10 10 10 10 10 10 10 10 10 10 10 10 10 10 10 10 10 10 10 10 10 10 10 10 10 10 10 10 10 10 10 10 10 10 10 10 10 11 11 11 11 11 11 11 1 1
staticfield java/security/ProtectionDomain debug Lsun/security/util/Debug; null
ciInstanceKlass java/security/AccessControlContext 1 1 305 8 8 8 8 8 8 8 8 8 8 8 8 8 7 1 1 1 1 1 1 1 1 1 1 1 1 1 1 1 1 1 1 1 1 1 1 1 1 1 1 1 1 1 1 1 1 1 1 1 1 1 1 1 1 1 1 1 1 1 1 1 1 1 1 1 1 1 1 1 1 1 1 1 1 1 1 1 1 1 1 1 1 1 1 1 1 1 1 1 1 1 1 1 1 1 1 1 1 1 1 1 1 1 1 1 1 1 1 1 1 1 1 1 1 1 1 1 1 1 1 1 1 1 100 100 100 100 7 100 100 7 100 100 7 100 100 7 100 100 7 100 7 100 100 100 100 1 1 1 1 1 1 1 1 1 1 1 1 1 1 1 1 1 1 1 1 1 1 1 1 1 1 1 1 1 1 1 1 1 1 12 12 12 12 12 12 12 12 12 12 12 12 12 12 12 12 12 12 12 12 12 12 12 12 12 12 12 12 12 12 12 12 12 12 12 12 12 12 12 12 12 12 12 12 12 12 12 12 12 12 12 12 12 12 12 12 12 12 9 9 9 9 9 9 9 9 9 9 9 9 9 9 10 10 10 10 10 10 10 10 10 10 10 10 10 10 10 10 10 10 10 10 10 10 10 10 10 10 10 10 10 10 10 10 10 10 10 10 10 10 10 10 10 10 10 10 10 11 11 11 11 11 11 1
instanceKlass java/net/URLClassLoader
ciInstanceKlass java/security/SecureClassLoader 1 1 130 8 8 8 8 1 1 1 1 1 1 1 1 1 1 1 1 1 1 1 1 1 1 1 1 1 1 1 1 1 1 1 1 1 1 1 1 1 1 1 1 1 1 1 1 1 1 1 1 1 1 7 100 100 100 100 7 100 7 7 7 7 7 1 1 1 1 1 1 1 1 1 1 1 1 1 1 1 1 1 1 12 12 12 12 12 12 12 12 12 12 12 12 12 12 12 12 12 12 12 12 12 12 12 9 9 9 10 10 10 10 10 10 10 10 10 10 10 10 10 10 10 10 10 10 10 10 10 10 1
staticfield java/security/SecureClassLoader debug Lsun/security/util/Debug; null
instanceKlass java/lang/NoSuchFieldException
instanceKlass java/lang/InstantiationException
instanceKlass java/lang/IllegalAccessException
instanceKlass java/lang/reflect/InvocationTargetException
instanceKlass java/lang/NoSuchMethodException
instanceKlass java/lang/ClassNotFoundException
ciInstanceKlass java/lang/ReflectiveOperationException 1 1 27 1 1 1 1 1 1 1 1 1 1 1 1 5 0 7 100 1 12 12 12 12 10 10 10 10 1
ciInstanceKlass java/lang/ClassNotFoundException 1 1 32 1 1 1 1 1 1 1 1 1 1 1 1 1 1 1 1 5 0 100 7 100 1 1 1 12 12 12 9 10 10 1
instanceKlass java/lang/ExceptionInInitializerError
instanceKlass java/lang/UnsatisfiedLinkError
instanceKlass java/lang/IncompatibleClassChangeError
instanceKlass java/lang/BootstrapMethodError
instanceKlass java/lang/NoClassDefFoundError
ciInstanceKlass java/lang/LinkageError 1 1 24 1 1 1 1 1 1 1 1 1 1 1 5 0 7 100 1 12 12 12 10 10 10 1
ciInstanceKlass java/lang/NoClassDefFoundError 1 1 21 1 1 1 1 1 1 1 1 1 1 1 5 0 7 100 12 12 10 10 1
ciInstanceKlass java/lang/ClassCastException 1 1 21 1 1 1 1 1 1 1 1 1 1 1 5 0 100 100 12 12 10 10 1
ciInstanceKlass java/lang/ArrayStoreException 1 1 21 1 1 1 1 1 1 1 1 1 1 1 5 0 100 100 12 12 10 10 1
instanceKlass java/lang/InternalError
instanceKlass java/lang/StackOverflowError
instanceKlass java/lang/OutOfMemoryError
ciInstanceKlass java/lang/VirtualMachineError 1 1 27 1 1 1 1 1 1 1 1 1 1 1 1 5 0 100 100 1 12 12 12 12 10 10 10 10 1
ciInstanceKlass java/lang/OutOfMemoryError 1 1 21 1 1 1 1 1 1 1 1 1 1 1 5 0 100 100 12 12 10 10 1
ciInstanceKlass java/lang/StackOverflowError 1 1 21 1 1 1 1 1 1 1 1 1 1 1 5 0 100 100 12 12 10 10 1
ciInstanceKlass java/lang/IllegalMonitorStateException 1 1 21 1 1 1 1 1 1 1 1 1 1 1 5 0 100 100 12 12 10 10 1
instanceKlass java/lang/ref/PhantomReference
instanceKlass java/lang/ref/FinalReference
instanceKlass java/lang/ref/WeakReference
instanceKlass java/lang/ref/SoftReference
ciInstanceKlass java/lang/ref/Reference 1 1 134 8 1 1 1 1 1 1 1 1 1 1 1 1 1 1 1 1 1 1 1 1 1 1 1 1 1 1 1 1 1 1 1 1 1 1 1 1 1 1 1 1 1 1 1 1 1 1 1 1 1 1 1 1 1 1 1 100 7 100 7 7 100 7 7 7 7 7 7 7 1 1 1 1 1 1 1 1 1 1 1 1 1 1 1 1 12 12 12 12 12 12 12 12 12 12 12 12 12 12 12 12 12 12 12 12 12 12 9 9 9 9 9 9 9 10 10 10 10 10 10 10 10 10 10 10 10 10 10 10 10 1 1 1
instanceKlass org/eclipse/sisu/inject/MildElements$Soft
instanceKlass sun/util/locale/provider/LocaleResources$ResourceReference
instanceKlass java/util/ResourceBundle$BundleReference
instanceKlass org/eclipse/sisu/inject/MildKeys$Soft
instanceKlass java/lang/invoke/LambdaFormEditor$Transform
instanceKlass sun/util/locale/LocaleObjectCache$CacheEntry
ciInstanceKlass java/lang/ref/SoftReference 1 1 35 1 1 1 1 1 1 1 1 1 1 1 1 1 1 1 1 100 7 7 1 1 1 1 12 12 12 12 12 9 9 10 10 10 1
instanceKlass sun/nio/ch/SharedFileLockTable$FileLockReference
instanceKlass org/eclipse/sisu/inject/MildElements$Weak
instanceKlass com/google/common/collect/MapMakerInternalMap$AbstractWeakKeyEntry
instanceKlass com/google/common/cache/LocalCache$WeakEntry
instanceKlass java/lang/reflect/WeakCache$CacheValue
instanceKlass java/lang/reflect/Proxy$Key1
instanceKlass java/lang/reflect/WeakCache$CacheKey
instanceKlass java/util/logging/LogManager$LoggerWeakRef
instanceKlass java/util/ResourceBundle$LoaderReference
instanceKlass org/eclipse/sisu/inject/MildKeys$Weak
instanceKlass java/lang/invoke/MethodType$ConcurrentWeakInternSet$WeakEntry
instanceKlass java/lang/ClassValue$Entry
instanceKlass java/util/WeakHashMap$Entry
instanceKlass java/lang/ThreadLocal$ThreadLocalMap$Entry
ciInstanceKlass java/lang/ref/WeakReference 1 1 20 1 1 1 1 1 1 1 1 7 100 1 1 1 1 12 12 10 10 1
instanceKlass java/lang/ref/Finalizer
ciInstanceKlass java/lang/ref/FinalReference 1 1 16 1 1 1 1 1 1 1 100 7 1 1 1 12 10 1
instanceKlass sun/misc/Cleaner
ciInstanceKlass java/lang/ref/PhantomReference 1 1 19 1 1 1 1 1 1 1 1 1 1 100 7 1 1 1 12 10 1
ciInstanceKlass sun/misc/Cleaner 1 1 74 1 1 1 1 1 1 1 1 1 1 1 1 1 1 1 1 1 1 1 1 1 1 1 1 1 1 1 100 100 7 7 100 7 100 1 1 1 1 1 1 1 1 1 1 1 1 12 12 12 12 12 12 12 12 12 12 12 12 12 9 9 9 9 9 10 10 10 10 10 10 10 11 1
staticfield sun/misc/Cleaner dummyQueue Ljava/lang/ref/ReferenceQueue; java/lang/ref/ReferenceQueue
ciInstanceKlass java/lang/ref/Finalizer 1 1 150 1 1 1 1 1 1 1 1 1 1 1 1 1 1 1 1 1 1 1 1 1 1 1 1 1 1 1 1 1 1 1 1 1 1 1 1 1 1 1 1 1 1 1 1 1 1 1 1 1 1 1 1 1 1 1 1 1 1 1 1 7 7 7 7 100 7 7 100 100 100 7 7 100 7 100 1 1 1 1 1 1 1 1 1 1 1 1 1 1 1 1 1 12 12 12 12 12 12 12 12 12 12 12 12 12 12 12 12 12 12 12 12 12 12 12 12 12 12 9 9 9 9 9 10 10 10 10 10 10 10 10 10 10 10 10 10 10 10 10 10 10 10 10 10 10 10 11 1 1
staticfield java/lang/ref/Finalizer lock Ljava/lang/Object; java/lang/Object
instanceKlass java/lang/ref/ReferenceQueue$Null
ciInstanceKlass java/lang/ref/ReferenceQueue 1 1 130 8 7 1 1 1 1 1 1 1 1 1 1 1 1 1 1 1 1 1 1 1 1 1 1 1 1 1 1 1 1 1 1 1 1 1 1 1 1 1 1 1 1 1 1 1 1 1 1 1 1 1 1 1 1 1 5 0 100 7 100 100 7 100 100 7 7 100 7 7 100 7 1 1 1 1 1 1 1 1 1 1 1 1 1 1 1 1 12 12 12 12 12 12 12 12 12 12 12 12 12 12 12 12 12 12 12 9 9 9 9 9 9 9 9 10 10 10 10 10 10 10 10 10 10 10 10 11 1 1
staticfield java/lang/ref/ReferenceQueue $assertionsDisabled Z 1
instanceKlass java/util/logging/LogManager$Cleaner
instanceKlass org/apache/maven/shared/utils/logging/MessageUtils$1
instanceKlass java/lang/ref/Finalizer$FinalizerThread
instanceKlass java/lang/ref/Reference$ReferenceHandler
ciInstanceKlass java/lang/Thread 1 1 539 3 3 8 8 8 8 8 8 8 8 8 8 8 8 7 1 1 1 1 1 1 1 1 1 1 1 1 1 1 1 1 1 1 1 1 1 1 1 1 1 1 1 1 1 1 1 1 1 1 1 1 1 1 1 1 1 1 1 1 1 1 1 1 1 1 1 1 1 1 1 1 1 1 1 1 1 1 1 1 1 1 1 1 1 1 1 1 1 1 1 1 1 1 1 1 1 1 1 1 1 1 1 1 1 1 1 1 1 1 1 1 1 1 1 1 1 1 1 1 1 1 1 1 1 1 1 1 1 1 1 1 1 1 1 1 1 1 1 1 1 1 1 1 1 1 1 1 1 1 1 1 1 1 1 1 1 1 1 1 1 1 1 1 1 1 1 1 1 1 1 1 1 1 1 1 1 1 1 1 1 1 1 1 1 1 1 1 1 1 1 1 1 1 1 1 1 1 1 1 1 1 1 1 1 1 1 1 1 1 1 1 1 1 1 1 1 1 1 1 1 1 1 1 1 3 3 3 100 100 100 100 100 100 100 100 100 100 100 100 7 7 7 100 7 100 7 7 100 100 100 100 100 100 7 100 100 100 100 100 100 100 7 100 100 100 100 100 100 100 1 1 1 1 1 1 1 1 1 1 1 1 1 1 1 1 1 1 1 1 1 1 1 1 1 1 1 1 1 1 1 1 1 1 1 1 1 1 1 1 1 1 1 1 1 1 1 1 1 1 1 1 1 1 1 1 1 1 12 12 12 12 12 12 12 12 12 12 12 12 12 12 12 12 12 12 12 12 12 12 12 12 12 12 12 12 12 12 12 12 12 12 12 12 12 12 12 12 12 12 12 12 12 12 12 12 12 12 12 12 12 12 12 12 12 12 12 12 12 12 12 12 12 12 12 12 12 12 12 12 12 12 12 12 12 12 12 12 12 12 12 12 12 12 12 12 12 12 12 12 12 12 12 12 9 9 9 9 9 9 9 9 9 9 9 9 9 9 9 9 9 9 9 9 9 9 9 9 9 9 10 10 10 10 10 10 10 10 10 10 10 10 10 10 10 10 10 10 10 10 10 10 10 10 10 10 10 10 10 10 10 10 10 10 10 10 10 10 10 10 10 10 10 10 10 10 10 10 10 10 10 10 10 10 10 10 10 10 10 10 10 10 10 10 10 10 10 10 10 10 10 10 10 10 10 10 10 11 11 11 11 11 11 11 1 1 1 1 1
staticfield java/lang/Thread EMPTY_STACK_TRACE [Ljava/lang/StackTraceElement; 0 [Ljava/lang/StackTraceElement;
staticfield java/lang/Thread SUBCLASS_IMPLEMENTATION_PERMISSION Ljava/lang/RuntimePermission; java/lang/RuntimePermission
ciInstanceKlass java/lang/ThreadGroup 1 1 268 8 8 8 8 8 8 8 1 1 1 1 1 1 1 1 1 1 1 1 1 1 1 1 1 1 1 1 1 1 1 1 1 1 1 1 1 1 1 1 1 1 1 1 1 1 1 1 1 1 1 1 1 1 1 1 1 1 1 1 1 1 1 1 1 1 1 1 1 1 1 1 1 1 1 1 1 1 1 1 1 1 1 1 1 1 1 1 1 1 1 1 1 1 1 1 1 1 1 1 1 1 1 1 1 1 1 1 1 100 100 100 100 100 100 7 100 100 7 7 100 100 7 100 100 100 1 1 1 1 1 1 1 1 1 1 1 1 1 1 1 1 1 1 1 1 1 1 1 1 1 1 1 12 12 12 12 12 12 12 12 12 12 12 12 12 12 12 12 12 12 12 12 12 12 12 12 12 12 12 12 12 12 12 12 12 12 12 12 12 12 12 12 12 12 12 12 12 12 12 12 12 12 12 12 12 9 9 9 9 9 9 9 9 9 9 9 9 9 10 10 10 10 10 10 10 10 10 10 10 10 10 10 10 10 10 10 10 10 10 10 10 10 10 10 10 10 10 10 10 10 10 10 10 10 10 10 10 10 10 10 10 10 10 10 11 1 1
ciInstanceKlass java/util/Map 1 1 132 1 1 1 1 1 1 1 1 1 1 1 1 1 1 1 1 1 1 1 1 1 1 1 1 1 1 1 1 1 1 1 1 1 1 1 1 1 1 1 1 1 1 1 1 1 1 1 1 1 1 1 1 1 1 1 1 1 1 1 1 1 100 100 100 100 7 100 100 100 100 100 100 1 1 1 1 1 1 1 1 1 1 1 1 1 1 1 1 1 1 1 1 1 1 1 1 12 12 12 12 12 12 12 12 12 12 12 12 12 12 12 12 12 10 10 10 11 11 11 11 11 11 11 11 11 11 11 11 11 11 1
instanceKlass java/util/Hashtable
ciInstanceKlass java/util/Dictionary 1 1 31 1 1 1 1 1 1 1 1 1 1 1 1 1 1 1 1 1 1 1 7 100 1 1 1 1 1 1 12 10 1
instanceKlass java/util/Properties
ciInstanceKlass java/util/Hashtable 1 1 416 3 3 4 4 8 8 8 8 8 8 100 1 1 1 1 1 1 1 1 1 1 1 1 1 1 1 1 1 1 1 1 1 1 1 1 1 1 1 1 1 1 1 1 1 1 1 1 1 1 1 1 1 1 1 1 1 1 1 1 1 1 1 1 1 1 1 1 1 1 1 1 1 1 1 1 1 1 1 1 1 1 1 1 1 1 1 1 1 1 1 1 1 1 1 1 1 1 1 1 1 1 1 1 1 1 1 1 1 1 1 1 1 1 1 1 1 1 1 1 1 1 1 1 1 1 1 1 1 1 1 1 1 1 1 1 1 1 1 1 1 1 1 1 1 1 1 1 1 1 1 1 1 1 1 1 1 1 1 1 1 1 1 1 1 1 1 1 3 3 3 5 0 100 100 100 100 100 100 100 100 100 100 7 100 100 7 100 7 100 100 100 7 100 7 7 100 7 7 7 7 100 7 7 7 7 7 7 100 7 100 100 1 1 1 1 1 1 1 1 1 1 1 1 1 1 1 1 1 1 1 1 1 1 1 1 1 1 1 1 1 1 1 1 1 1 1 1 1 1 1 1 1 1 1 1 1 1 1 1 1 1 1 1 1 1 1 1 12 12 12 12 12 12 12 12 12 12 12 12 12 12 12 12 12 12 12 12 12 12 12 12 12 12 12 12 12 12 12 12 12 12 12 12 12 12 12 12 12 12 12 12 12 12 12 12 12 12 12 12 12 12 12 12 12 12 12 12 12 12 12 12 12 9 9 9 9 9 9 9 9 9 9 9 9 10 10 10 10 10 10 10 10 10 10 10 10 10 10 10 10 10 10 10 10 10 10 10 10 10 10 10 10 10 10 10 10 10 10 10 10 10 10 10 10 10 10 10 10 10 10 10 10 10 10 10 10 10 11 11 11 11 11 11 11 11 11 11 11 11 11 1 1 1 1 1
instanceKlass java/security/Provider
ciInstanceKlass java/util/Properties 1 1 263 3 8 8 8 8 8 8 8 1 1 1 1 1 1 1 1 1 1 1 1 1 1 1 1 1 1 1 1 1 1 1 1 1 1 1 1 1 1 1 1 1 1 1 1 1 1 1 1 1 1 1 1 1 1 1 1 1 1 1 1 1 1 1 1 1 1 1 1 1 1 1 1 1 1 1 1 1 1 1 1 1 1 1 1 1 1 1 1 1 1 1 1 1 1 1 1 1 1 1 1 1 1 1 1 1 5 0 100 7 100 100 100 7 100 100 100 100 100 7 7 7 100 7 7 7 100 100 7 7 100 1 1 1 1 1 1 1 1 1 1 1 1 1 1 1 1 1 1 1 1 1 1 1 1 1 1 1 1 1 1 1 12 12 12 12 12 12 12 12 12 12 12 12 12 12 12 12 12 12 12 12 12 12 12 12 12 12 12 12 12 12 12 12 12 12 12 12 12 12 12 12 12 12 12 12 12 9 9 9 10 10 10 10 10 10 10 10 10 10 10 10 10 10 10 10 10 10 10 10 10 10 10 10 10 10 10 10 10 10 10 10 10 10 10 10 10 10 10 10 10 10 10 10 10 10 10 10 11 11 1 1 1
staticfield java/util/Properties hexDigit [C 16
instanceKlass java/lang/reflect/Executable
instanceKlass java/lang/reflect/Field
ciInstanceKlass java/lang/reflect/AccessibleObject 1 1 144 8 8 8 7 1 1 1 1 1 1 1 1 1 1 1 1 1 1 1 1 1 1 1 1 1 1 1 1 1 1 1 1 1 1 1 1 1 1 1 1 1 1 1 1 1 1 1 1 1 1 1 1 1 1 1 1 1 1 1 1 1 1 1 100 100 100 7 100 100 7 7 7 7 100 7 7 7 7 7 1 1 1 1 1 1 1 1 1 1 1 1 1 1 1 1 1 1 1 1 12 12 12 12 12 12 12 12 12 12 12 12 12 12 12 12 12 12 12 12 9 9 9 9 10 10 10 10 10 10 10 10 10 10 10 10 10 10 10 10 10 11 1 1
staticfield java/lang/reflect/AccessibleObject ACCESS_PERMISSION Ljava/security/Permission; java/lang/reflect/ReflectPermission
staticfield java/lang/reflect/AccessibleObject reflectionFactory Lsun/reflect/ReflectionFactory; sun/reflect/ReflectionFactory
ciInstanceKlass java/lang/reflect/Field 1 1 362 8 8 8 8 1 1 1 1 1 1 1 1 1 1 1 1 1 1 1 1 1 1 1 1 1 1 1 1 1 1 1 1 1 1 1 1 1 1 1 1 1 1 1 1 1 1 1 1 1 1 1 1 1 1 1 1 1 1 1 1 1 1 1 1 1 1 1 1 1 1 1 1 1 1 1 1 1 1 1 1 1 1 1 1 1 1 1 1 1 1 1 1 1 1 1 1 1 1 1 1 1 1 1 1 1 1 1 1 1 1 1 1 1 1 1 1 1 1 1 1 1 1 1 1 1 1 1 1 1 1 1 1 7 100 100 7 100 7 7 7 100 7 100 7 7 7 7 7 7 7 7 100 100 7 7 100 7 100 1 1 1 1 1 1 1 1 1 1 1 1 1 1 1 1 1 1 1 1 1 1 1 1 1 1 1 1 1 1 1 1 1 1 1 1 1 1 1 1 1 1 1 1 1 1 1 1 1 1 1 1 1 1 12 12 12 12 12 12 12 12 12 12 12 12 12 12 12 12 12 12 12 12 12 12 12 12 12 12 12 12 12 12 12 12 12 12 12 12 12 12 12 12 12 12 12 12 12 12 12 12 12 12 12 12 12 12 12 12 12 12 12 12 12 12 12 12 12 12 12 12 12 12 12 9 9 9 9 9 9 9 9 9 9 9 9 9 9 9 10 10 10 10 10 10 10 10 10 10 10 10 10 10 10 10 10 10 10 10 10 10 10 10 10 10 10 10 10 10 10 10 10 10 10 10 10 10 10 10 11 11 11 11 11 11 11 11 11 11 11 11 11 11 11 11 11 11 11 11 11 1 1
ciInstanceKlass java/lang/reflect/Parameter 1 1 210 8 8 8 8 1 1 1 1 1 1 1 1 1 1 1 1 1 1 1 1 1 1 1 1 1 1 1 1 1 1 1 1 1 1 1 1 1 1 1 1 1 1 1 1 1 1 1 1 1 1 1 1 1 1 1 1 1 1 1 1 1 1 1 1 1 1 1 1 1 1 1 1 1 1 1 1 1 1 1 1 1 1 1 100 100 7 100 100 100 100 100 100 7 100 100 100 100 100 1 1 1 1 1 1 1 1 1 1 1 1 1 1 1 1 1 1 1 1 1 1 1 1 1 1 1 1 12 12 12 12 12 12 12 12 12 12 12 12 12 12 12 12 12 12 12 12 12 12 12 12 12 12 12 12 12 12 12 12 12 12 12 12 12 12 12 9 9 9 9 9 9 9 10 10 10 10 10 10 10 10 10 10 10 10 10 10 10 10 10 10 10 10 10 10 10 10 10 10 10 10 10 10 10 10 11 11 11 11 1
instanceKlass java/lang/reflect/Constructor
instanceKlass java/lang/reflect/Method
ciInstanceKlass java/lang/reflect/Executable 1 1 378 3 8 8 8 8 8 8 8 8 8 8 8 8 8 8 1 1 1 1 1 1 1 1 1 1 1 1 1 1 1 1 1 1 1 1 1 1 1 1 1 1 1 1 1 1 1 1 1 1 1 1 1 1 1 1 1 1 1 1 1 1 1 1 1 1 1 1 1 1 1 1 1 1 1 1 1 1 1 1 1 1 1 1 1 1 1 1 1 1 1 1 1 1 1 1 1 1 1 1 1 1 1 1 1 1 1 1 1 1 1 1 1 1 1 1 1 1 1 1 1 1 1 1 1 1 1 1 1 1 1 1 1 1 1 1 1 1 1 1 1 1 1 1 1 1 1 1 1 1 1 1 100 7 100 100 7 100 7 100 100 100 100 7 7 7 7 100 100 100 7 7 7 100 7 7 7 7 7 100 100 7 7 7 1 1 1 1 1 1 1 1 1 1 1 1 1 1 1 1 1 1 1 1 1 1 1 1 1 1 1 1 1 1 1 1 1 1 1 1 1 1 1 1 1 1 1 1 1 1 1 1 1 1 1 12 12 12 12 12 12 12 12 12 12 12 12 12 12 12 12 12 12 12 12 12 12 12 12 12 12 12 12 12 12 12 12 12 12 12 12 12 12 12 12 12 12 12 12 12 12 12 12 12 12 12 12 12 12 12 12 12 12 12 12 12 12 12 12 12 12 12 12 9 9 9 9 9 9 9 10 10 10 10 10 10 10 10 10 10 10 10 10 10 10 10 10 10 10 10 10 10 10 10 10 10 10 10 10 10 10 10 10 10 10 10 10 10 10 10 10 10 10 10 10 10 10 10 10 10 10 10 10 10 10 10 10 10 10 10 10 10 10 11 11 11 1 1
ciInstanceKlass java/lang/reflect/Method 1 1 346 8 8 8 1 1 1 1 1 1 1 1 1 1 1 1 1 1 1 1 1 1 1 1 1 1 1 1 1 1 1 1 1 1 1 1 1 1 1 1 1 1 1 1 1 1 1 1 1 1 1 1 1 1 1 1 1 1 1 1 1 1 1 1 1 1 1 1 1 1 1 1 1 1 1 1 1 1 1 1 1 1 1 1 1 1 1 1 1 1 1 1 1 1 1 1 1 1 1 1 1 1 1 1 1 1 1 1 1 1 1 1 1 1 1 1 1 1 1 1 1 1 1 1 1 1 1 1 1 1 1 1 7 7 7 100 100 100 100 100 100 7 100 7 100 100 7 7 7 7 7 7 7 7 7 7 7 7 7 1 1 1 1 1 1 1 1 1 1 1 1 1 1 1 1 1 1 1 1 1 1 1 1 1 1 1 1 1 1 1 1 1 1 1 1 1 1 1 1 1 1 1 1 1 1 1 1 12 12 12 12 12 12 12 12 12 12 12 12 12 12 12 12 12 12 12 12 12 12 12 12 12 12 12 12 12 12 12 12 12 12 12 12 12 12 12 12 12 12 12 12 12 12 12 12 12 12 12 12 12 12 12 12 12 12 12 12 12 12 12 12 12 12 12 9 9 9 9 9 9 9 9 9 9 9 9 9 9 9 9 10 10 10 10 10 10 10 10 10 10 10 10 10 10 10 10 10 10 10 10 10 10 10 10 10 10 10 10 10 10 10 10 10 10 10 10 10 10 10 10 10 10 10 10 10 10 10 10 10 10 10 10 11 11 11 1
ciInstanceKlass java/lang/reflect/Constructor 1 1 330 8 8 8 1 1 1 1 1 1 1 1 1 1 1 1 1 1 1 1 1 1 1 1 1 1 1 1 1 1 1 1 1 1 1 1 1 1 1 1 1 1 1 1 1 1 1 1 1 1 1 1 1 1 1 1 1 1 1 1 1 1 1 1 1 1 1 1 1 1 1 1 1 1 1 1 1 1 1 1 1 1 1 1 1 1 1 1 1 1 1 1 1 1 1 1 1 1 1 1 1 1 1 1 1 1 1 1 1 1 1 1 1 1 1 1 1 1 1 1 1 1 1 1 1 1 1 1 1 1 7 100 7 100 100 100 7 100 100 7 7 100 100 100 100 100 7 7 7 100 100 100 7 7 7 1 1 1 1 1 1 1 1 1 1 1 1 1 1 1 1 1 1 1 1 1 1 1 1 1 1 1 1 1 1 1 1 1 1 1 1 1 1 1 1 1 1 1 1 1 1 1 1 12 12 12 12 12 12 12 12 12 12 12 12 12 12 12 12 12 12 12 12 12 12 12 12 12 12 12 12 12 12 12 12 12 12 12 12 12 12 12 12 12 12 12 12 12 12 12 12 12 12 12 12 12 12 12 12 12 12 12 12 12 12 9 9 9 9 9 9 9 9 9 9 9 9 9 9 10 10 10 10 10 10 10 10 10 10 10 10 10 10 10 10 10 10 10 10 10 10 10 10 10 10 10 10 10 10 10 10 10 10 10 10 10 10 10 10 10 10 10 10 10 10 10 11 11 1 1
instanceKlass sun/reflect/FieldAccessorImpl
instanceKlass sun/reflect/ConstructorAccessorImpl
instanceKlass sun/reflect/MethodAccessorImpl
ciInstanceKlass sun/reflect/MagicAccessorImpl 1 1 13 1 1 1 1 1 1 1 7 100 12 10 1
ciInstanceKlass sun/reflect/MethodAccessor 1 0 14 1 1 1 1 1 1 1 1 100 100 100 100 1
instanceKlass sun/reflect/GeneratedMethodAccessor47
instanceKlass sun/reflect/GeneratedMethodAccessor46
instanceKlass sun/reflect/GeneratedMethodAccessor45
instanceKlass sun/reflect/GeneratedMethodAccessor44
instanceKlass sun/reflect/GeneratedMethodAccessor43
instanceKlass sun/reflect/GeneratedMethodAccessor42
instanceKlass sun/reflect/GeneratedMethodAccessor41
instanceKlass sun/reflect/GeneratedMethodAccessor40
instanceKlass sun/reflect/GeneratedMethodAccessor39
instanceKlass sun/reflect/GeneratedMethodAccessor38
instanceKlass sun/reflect/GeneratedMethodAccessor37
instanceKlass sun/reflect/GeneratedMethodAccessor36
instanceKlass sun/reflect/GeneratedMethodAccessor35
instanceKlass sun/reflect/GeneratedMethodAccessor34
instanceKlass sun/reflect/GeneratedMethodAccessor33
instanceKlass sun/reflect/GeneratedMethodAccessor32
instanceKlass sun/reflect/GeneratedMethodAccessor31
instanceKlass sun/reflect/GeneratedMethodAccessor30
instanceKlass sun/reflect/GeneratedMethodAccessor29
instanceKlass sun/reflect/GeneratedMethodAccessor28
instanceKlass sun/reflect/GeneratedMethodAccessor27
instanceKlass sun/reflect/GeneratedMethodAccessor26
instanceKlass sun/reflect/GeneratedMethodAccessor25
instanceKlass sun/reflect/GeneratedMethodAccessor24
instanceKlass sun/reflect/GeneratedMethodAccessor23
instanceKlass sun/reflect/GeneratedMethodAccessor22
instanceKlass sun/reflect/GeneratedMethodAccessor21
instanceKlass sun/reflect/GeneratedMethodAccessor20
instanceKlass sun/reflect/GeneratedMethodAccessor19
instanceKlass sun/reflect/GeneratedMethodAccessor18
instanceKlass sun/reflect/GeneratedMethodAccessor17
instanceKlass sun/reflect/GeneratedMethodAccessor16
instanceKlass sun/reflect/GeneratedMethodAccessor15
instanceKlass sun/reflect/GeneratedMethodAccessor14
instanceKlass sun/reflect/GeneratedMethodAccessor13
instanceKlass sun/reflect/GeneratedMethodAccessor12
instanceKlass sun/reflect/GeneratedMethodAccessor11
instanceKlass sun/reflect/GeneratedMethodAccessor10
instanceKlass sun/reflect/GeneratedMethodAccessor9
instanceKlass sun/reflect/GeneratedMethodAccessor8
instanceKlass sun/reflect/GeneratedMethodAccessor7
instanceKlass sun/reflect/GeneratedMethodAccessor6
instanceKlass sun/reflect/GeneratedMethodAccessor5
instanceKlass sun/reflect/GeneratedMethodAccessor4
instanceKlass sun/reflect/GeneratedMethodAccessor3
instanceKlass sun/reflect/GeneratedMethodAccessor2
instanceKlass sun/reflect/GeneratedMethodAccessor1
instanceKlass sun/reflect/DelegatingMethodAccessorImpl
instanceKlass sun/reflect/NativeMethodAccessorImpl
ciInstanceKlass sun/reflect/MethodAccessorImpl 1 1 22 1 1 1 1 1 1 1 1 1 1 1 1 1 100 100 7 100 100 12 10 1
instanceKlass sun/reflect/GeneratedConstructorAccessor13
instanceKlass sun/reflect/GeneratedConstructorAccessor12
instanceKlass sun/reflect/GeneratedConstructorAccessor11
instanceKlass sun/reflect/GeneratedConstructorAccessor10
instanceKlass sun/reflect/GeneratedConstructorAccessor9
instanceKlass sun/reflect/GeneratedConstructorAccessor8
instanceKlass sun/reflect/GeneratedConstructorAccessor7
instanceKlass sun/reflect/GeneratedConstructorAccessor6
instanceKlass sun/reflect/GeneratedConstructorAccessor5
instanceKlass sun/reflect/GeneratedConstructorAccessor4
instanceKlass sun/reflect/GeneratedConstructorAccessor3
instanceKlass sun/reflect/GeneratedConstructorAccessor2
instanceKlass sun/reflect/BootstrapConstructorAccessorImpl
instanceKlass sun/reflect/GeneratedConstructorAccessor1
instanceKlass sun/reflect/DelegatingConstructorAccessorImpl
instanceKlass sun/reflect/NativeConstructorAccessorImpl
ciInstanceKlass sun/reflect/ConstructorAccessorImpl 1 1 24 1 1 1 1 1 1 1 1 1 1 1 1 1 1 100 100 100 100 100 7 12 10 1
ciInstanceKlass sun/reflect/DelegatingClassLoader 1 1 13 1 1 1 1 1 1 1 7 100 1 12 10
ciInstanceKlass sun/reflect/ConstantPool 1 1 106 8 7 1 1 1 1 1 1 1 1 1 1 1 1 1 1 1 1 1 1 1 1 1 1 1 1 1 1 1 1 1 1 1 1 1 1 1 1 1 1 1 1 1 1 1 1 1 1 1 1 100 7 7 1 1 1 1 1 1 1 1 1 1 1 1 1 1 1 1 1 12 12 12 12 12 12 12 12 12 12 12 12 12 12 12 12 12 9 10 10 10 10 10 10 10 10 10 10 10 10 10 10 10 10 1
instanceKlass sun/reflect/UnsafeFieldAccessorImpl
ciInstanceKlass sun/reflect/FieldAccessorImpl 1 1 56 1 1 1 1 1 1 1 1 1 1 1 1 1 1 1 1 1 1 1 1 1 1 1 1 1 1 1 1 1 1 1 1 1 1 100 100 100 100 7 1 1 1 1 1 1 1 1 1 1 1 1 1 12 10 1
instanceKlass sun/reflect/UnsafeIntegerFieldAccessorImpl
instanceKlass sun/reflect/UnsafeBooleanFieldAccessorImpl
instanceKlass sun/reflect/UnsafeQualifiedFieldAccessorImpl
instanceKlass sun/reflect/UnsafeObjectFieldAccessorImpl
instanceKlass sun/reflect/UnsafeStaticFieldAccessorImpl
ciInstanceKlass sun/reflect/UnsafeFieldAccessorImpl 1 1 229 8 8 8 8 8 8 8 8 8 8 8 8 8 8 8 8 8 8 8 8 8 8 1 1 1 1 1 1 1 1 1 1 1 1 1 1 1 1 1 1 1 1 1 1 1 1 1 1 1 1 1 1 1 1 1 1 1 1 1 1 1 1 1 1 1 1 1 1 1 1 1 1 1 1 1 1 1 1 1 1 1 1 1 1 1 1 1 1 1 1 1 1 1 1 1 1 1 1 1 1 1 1 1 1 1 1 1 1 1 1 1 1 1 1 1 1 1 1 1 100 100 100 7 100 100 100 100 100 100 7 100 100 100 7 7 7 7 7 1 1 1 1 1 1 1 1 1 1 1 1 1 1 1 1 1 1 12 12 12 12 12 12 12 12 12 12 12 12 12 12 12 12 12 12 12 12 12 12 12 12 12 12 12 12 12 12 12 12 12 12 9 9 9 9 10 10 10 10 10 10 10 10 10 10 10 10 10 10 10 10 10 10 10 10 10 10 10 10 10 10 10 10 10 10 10 10 10 1
staticfield sun/reflect/UnsafeFieldAccessorImpl unsafe Lsun/misc/Unsafe; sun/misc/Unsafe
instanceKlass sun/reflect/UnsafeQualifiedStaticFieldAccessorImpl
instanceKlass sun/reflect/UnsafeStaticObjectFieldAccessorImpl
ciInstanceKlass sun/reflect/UnsafeStaticFieldAccessorImpl 1 1 38 8 7 1 1 1 1 1 1 1 1 1 1 1 1 1 1 1 1 7 7 7 7 1 1 1 1 12 12 12 12 12 9 9 10 10 10 1
ciInstanceKlass sun/reflect/CallerSensitive 0 0 17 1 1 1 1 1 1 1 1 100 100 100 1 1 1 1 1
instanceKlass java/lang/invoke/DelegatingMethodHandle
instanceKlass java/lang/invoke/BoundMethodHandle
instanceKlass java/lang/invoke/DirectMethodHandle
ciInstanceKlass java/lang/invoke/MethodHandle 1 1 438 8 8 8 8 8 8 8 8 8 8 8 8 8 7 1 1 1 1 1 1 1 1 1 1 1 1 1 1 1 1 1 1 1 1 1 1 1 1 1 1 1 1 1 1 1 1 1 1 1 1 1 1 1 1 1 1 1 1 1 1 1 1 1 1 1 1 1 1 1 1 1 1 1 1 1 1 1 1 1 1 1 1 1 1 1 1 1 1 1 1 1 1 1 1 1 1 1 1 1 1 1 1 1 1 1 1 1 1 1 1 1 1 1 1 1 1 1 1 1 1 1 1 1 1 1 1 1 1 1 1 1 1 1 1 1 1 1 1 1 1 1 1 1 1 1 1 1 1 1 1 1 1 1 1 1 1 1 1 1 1 1 1 1 1 1 1 1 1 1 1 1 100 7 100 100 100 100 7 100 100 100 7 100 100 7 7 7 100 7 7 7 7 100 100 100 7 1 1 1 1 1 1 1 1 1 1 1 1 1 1 1 1 1 1 1 1 1 1 1 1 1 1 1 1 1 1 1 1 1 1 1 1 1 1 1 1 1 1 1 1 1 1 1 1 1 1 1 1 1 1 1 1 1 1 1 1 1 1 1 1 1 1 1 12 12 12 12 12 12 12 12 12 12 12 12 12 12 12 12 12 12 12 12 12 12 12 12 12 12 12 12 12 12 12 12 12 12 12 12 12 12 12 12 12 12 12 12 12 12 12 12 12 12 12 12 12 12 12 12 12 12 12 12 12 12 12 12 12 12 12 12 12 12 12 12 12 12 12 12 12 12 12 12 12 12 12 9 9 9 9 9 9 9 9 9 9 9 9 10 10 10 10 10 10 10 10 10 10 10 10 10 10 10 10 10 10 10 10 10 10 10 10 10 10 10 10 10 10 10 10 10 10 10 10 10 10 10 10 10 10 10 10 10 10 10 10 10 10 10 10 10 10 10 10 10 10 10 10 10 10 10 10 10 10 10 10 10 10 10 10 10 10 10 11 1 1 1
staticfield java/lang/invoke/MethodHandle FORM_OFFSET J 20
staticfield java/lang/invoke/MethodHandle $assertionsDisabled Z 1
instanceKlass java/lang/invoke/DirectMethodHandle$Special
instanceKlass java/lang/invoke/DirectMethodHandle$Constructor
instanceKlass java/lang/invoke/DirectMethodHandle$Accessor
instanceKlass java/lang/invoke/DirectMethodHandle$Interface
ciInstanceKlass java/lang/invoke/DirectMethodHandle 1 1 701 8 8 8 8 8 8 8 8 8 8 8 8 8 8 8 8 8 8 8 8 8 7 7 7 7 7 7 7 7 7 7 7 1 1 1 1 1 1 1 1 1 1 1 1 1 1 1 1 1 1 1 1 1 1 1 1 1 1 1 1 1 1 1 1 1 1 1 1 1 1 1 1 1 1 1 1 1 1 1 1 1 1 1 1 1 1 1 1 1 1 1 1 1 1 1 1 1 1 1 1 1 1 1 1 1 1 1 1 1 1 1 1 1 1 1 1 1 1 1 1 1 1 1 1 1 1 1 1 1 1 1 1 1 1 1 1 1 1 1 1 1 1 1 1 1 1 1 1 1 1 1 1 1 1 1 1 1 1 1 1 1 1 1 1 1 1 1 1 1 1 1 1 1 1 1 1 1 1 1 1 1 1 1 1 1 1 1 1 1 1 1 1 1 1 1 1 1 1 1 1 1 1 1 1 1 1 1 1 1 1 1 1 1 1 1 1 1 1 1 1 1 1 1 1 1 1 1 1 1 1 1 1 1 1 1 1 1 1 1 1 1 1 1 1 1 1 1 1 1 1 1 1 1 1 1 1 1 1 1 1 1 1 1 100 100 7 7 7 100 7 100 7 7 100 7 7 100 7 7 7 7 7 7 100 7 7 100 7 7 100 7 7 7 100 100 100 7 7 7 7 1 1 1 1 1 1 1 1 1 1 1 1 1 1 1 1 1 1 1 1 1 1 1 1 1 1 1 1 1 1 1 1 1 1 1 1 1 1 1 1 1 1 1 1 1 1 1 1 1 1 1 1 1 1 1 1 1 1 1 1 1 1 1 1 1 1 1 1 1 1 1 1 1 1 1 1 1 1 1 12 12 12 12 12 12 12 12 12 12 12 12 12 12 12 12 12 12 12 12 12 12 12 12 12 12 12 12 12 12 12 12 12 12 12 12 12 12 12 12 12 12 12 12 12 12 12 12 12 12 12 12 12 12 12 12 12 12 12 12 12 12 12 12 12 12 12 12 12 12 12 12 12 12 12 12 12 12 12 12 12 12 12 12 12 12 12 12 12 12 12 12 12 12 12 12 12 12 12 12 12 12 12 12 12 12 12 12 12 12 12 12 12 12 12 12 12 12 12 12 12 12 12 12 12 12 12 12 12 12 12 12 12 12 12 12 12 12 12 12 12 12 12 12 12 12 12 12 12 12 12 12 9 9 9 9 9 9 9 9 9 9 9 9 9 9 9 9 9 9 9 9 9 9 9 9 9 9 9 9 9 9 9 9 9 9 9 9 10 10 10 10 10 10 10 10 10 10 10 10 10 10 10 10 10 10 10 10 10 10 10 10 10 10 10 10 10 10 10 10 10 10 10 10 10 10 10 10 10 10 10 10 10 10 10 10 10 10 10 10 10 10 10 10 10 10 10 10 10 10 10 10 10 10 10 10 10 10 10 10 10 10 10 10 10 10 10 10 10 10 10 10 10 10 10 10 10 10 10 10 10 10 10 10 10 10 10 10 10 10 10 10 10 10 10 10 10 10 10 10 10 10 10 10 10 10 10 10 10 10 10 1 1 1 1 1 1 1 1 1 1
staticfield java/lang/invoke/DirectMethodHandle IMPL_NAMES Ljava/lang/invoke/MemberName$Factory; java/lang/invoke/MemberName$Factory
staticfield java/lang/invoke/DirectMethodHandle ACCESSOR_FORMS [Ljava/lang/invoke/LambdaForm; 132 [Ljava/lang/invoke/LambdaForm;
staticfield java/lang/invoke/DirectMethodHandle $assertionsDisabled Z 1
ciInstanceKlass java/lang/invoke/MemberName 1 1 642 3 3 3 3 3 3 3 3 3 3 3 8 8 8 8 8 8 8 8 8 8 8 8 8 8 8 8 8 8 8 8 8 8 8 8 8 8 8 8 8 8 8 7 7 7 100 1 1 1 1 1 1 1 1 1 1 1 1 1 1 1 1 1 1 1 1 1 1 1 1 1 1 1 1 1 1 1 1 1 1 1 1 1 1 1 1 1 1 1 1 1 1 1 1 1 1 1 1 1 1 1 1 1 1 1 1 1 1 1 1 1 1 1 1 1 1 1 1 1 1 1 1 1 1 1 1 1 1 1 1 1 1 1 1 1 1 1 1 1 1 1 1 1 1 1 1 1 1 1 1 1 1 1 1 1 1 1 1 1 1 1 1 1 1 1 1 1 1 1 1 1 1 1 1 1 1 1 1 1 1 1 1 1 1 1 1 1 1 1 1 1 1 1 1 1 1 1 1 1 1 1 1 1 1 1 1 1 1 1 1 1 1 1 1 1 1 1 1 1 1 1 1 1 1 1 1 1 1 1 1 1 1 1 1 1 1 1 1 1 1 1 1 1 1 1 1 1 1 1 1 1 1 1 1 1 1 1 1 1 1 1 1 1 1 1 1 1 1 1 1 1 1 1 1 1 1 1 3 3 3 3 3 3 3 3 7 7 100 100 100 7 7 100 100 100 100 100 100 100 100 100 7 100 7 7 7 7 7 100 7 7 100 100 100 100 7 100 100 100 7 7 7 100 7 1 1 1 1 1 1 1 1 1 1 1 1 1 1 1 1 1 1 1 1 1 1 1 1 1 1 1 1 1 1 1 1 1 1 1 1 1 1 1 1 1 1 1 1 1 1 1 1 1 1 1 1 1 1 1 1 1 1 1 1 1 1 1 1 12 12 12 12 12 12 12 12 12 12 12 12 12 12 12 12 12 12 12 12 12 12 12 12 12 12 12 12 12 12 12 12 12 12 12 12 12 12 12 12 12 12 12 12 12 12 12 12 12 12 12 12 12 12 12 12 12 12 12 12 12 12 12 12 12 12 12 12 12 12 12 12 12 12 12 12 12 12 12 12 12 12 12 12 12 12 12 12 12 12 12 12 12 12 12 12 12 12 12 12 12 12 12 12 12 12 12 12 12 12 12 12 12 9 9 9 9 9 9 9 9 9 9 10 10 10 10 10 10 10 10 10 10 10 10 10 10 10 10 10 10 10 10 10 10 10 10 10 10 10 10 10 10 10 10 10 10 10 10 10 10 10 10 10 10 10 10 10 10 10 10 10 10 10 10 10 10 10 10 10 10 10 10 10 10 10 10 10 10 10 10 10 10 10 10 10 10 10 10 10 10 10 10 10 10 10 10 10 10 10 10 10 10 10 10 10 10 10 10 10 10 10 10 10 10 10 10 10 10 10 10 10 10 10 10 10 10 10 10 10 10 10 10 10 10 10 10 10 10 1 1 1 1
staticfield java/lang/invoke/MemberName $assertionsDisabled Z 1
ciInstanceKlass java/lang/invoke/MethodHandleNatives 1 1 427 8 8 8 8 8 8 8 8 8 8 8 8 8 8 8 8 8 8 8 8 8 8 8 8 8 8 8 8 100 100 7 7 100 1 1 1 1 1 1 1 1 1 1 1 1 1 1 1 1 1 1 1 1 1 1 1 1 1 1 1 1 1 1 1 1 1 1 1 1 1 1 1 1 1 1 1 1 1 1 1 1 1 1 1 1 1 1 1 1 1 1 1 1 1 1 1 1 1 1 1 1 1 1 1 1 1 1 1 1 1 1 1 1 1 1 1 1 1 1 1 1 1 1 1 1 1 1 1 1 1 1 1 1 1 1 1 1 1 1 1 1 1 1 1 1 1 1 1 1 1 1 1 1 1 1 1 1 1 1 1 1 1 1 1 1 1 1 1 1 1 1 1 1 1 1 1 1 1 1 1 1 1 1 1 1 1 1 1 1 1 1 1 1 1 1 1 1 1 1 1 100 100 100 100 7 100 100 100 100 100 100 100 100 100 100 100 100 100 7 100 7 100 100 100 7 7 7 7 7 7 100 7 7 100 100 1 1 1 1 1 1 1 1 1 1 1 1 1 1 1 1 1 1 1 1 1 1 1 1 1 1 1 1 1 1 1 1 1 1 1 1 1 1 1 1 1 1 1 1 1 1 1 12 12 12 12 12 12 12 12 12 12 12 12 12 12 12 12 12 12 12 12 12 12 12 12 12 12 12 12 12 12 12 12 12 12 12 12 12 12 12 12 12 12 12 12 12 12 12 12 12 12 12 12 12 12 12 12 12 12 12 12 12 12 12 12 9 9 9 9 9 9 10 10 10 10 10 10 10 10 10 10 10 10 10 10 10 10 10 10 10 10 10 10 10 10 10 10 10 10 10 10 10 10 10 10 10 10 10 10 10 10 10 10 10 10 10 10 10 10 10 10 10 10 10 10 10 10 10 10 10 10 10 10 10 10 10 10 10 10 10 10 10 1 1 1
staticfield java/lang/invoke/MethodHandleNatives COUNT_GWT Z 1
staticfield java/lang/invoke/MethodHandleNatives $assertionsDisabled Z 1
ciInstanceKlass java/lang/invoke/LambdaForm 1 1 967 8 8 8 8 8 8 8 8 8 8 8 8 8 8 8 8 8 8 8 8 8 8 8 8 8 8 8 8 8 8 8 8 8 8 8 8 8 8 8 8 8 8 8 8 8 8 8 8 8 8 8 8 8 8 100 7 7 1 1 1 1 1 1 1 1 1 1 1 1 1 1 1 1 1 1 1 1 1 1 1 1 1 1 1 1 1 1 1 1 1 1 1 1 1 1 1 1 1 1 1 1 1 1 1 1 1 1 1 1 1 1 1 1 1 1 1 1 1 1 1 1 1 1 1 1 1 1 1 1 1 1 1 1 1 1 1 1 1 1 1 1 1 1 1 1 1 1 1 1 1 1 1 1 1 1 1 1 1 1 1 1 1 1 1 1 1 1 1 1 1 1 1 1 1 1 1 1 1 1 1 1 1 1 1 1 1 1 1 1 1 1 1 1 1 1 1 1 1 1 1 1 1 1 1 1 1 1 1 1 1 1 1 1 1 1 1 1 1 1 1 1 1 1 1 1 1 1 1 1 1 1 1 1 1 1 1 1 1 1 1 1 1 1 1 1 1 1 1 1 1 1 1 1 1 1 1 1 1 1 1 1 1 1 1 1 1 1 1 1 1 1 1 1 1 1 1 1 1 1 1 1 1 1 1 1 1 1 1 1 1 1 1 1 1 1 1 1 1 1 1 1 1 1 1 1 1 1 1 1 1 1 1 1 1 1 1 1 1 1 1 1 1 1 1 1 1 1 1 1 1 1 1 1 1 1 1 1 1 1 1 1 1 1 1 1 1 1 1 1 1 1 1 1 1 1 1 1 1 1 1 1 1 1 1 1 1 1 1 1 1 1 1 1 1 1 1 1 1 1 1 1 1 1 1 1 1 1 1 1 1 1 1 1 1 1 1 1 3 3 3 3 8 100 100 100 100 7 7 100 100 100 7 100 100 100 100 100 100 100 100 7 7 7 100 7 7 100 100 100 7 100 7 100 100 7 7 7 7 7 100 100 7 7 7 7 100 100 7 7 7 1 1 1 1 1 1 1 1 1 1 1 1 1 1 1 1 1 1 1 1 1 1 1 1 1 1 1 1 1 1 1 1 1 1 1 1 1 1 1 1 1 1 1 1 1 1 1 1 1 1 1 1 1 1 1 1 1 1 1 1 1 1 1 1 1 1 1 1 1 1 1 1 1 1 1 1 1 1 1 1 1 1 1 1 1 1 1 1 1 1 1 1 1 1 1 1 1 1 1 1 1 1 1 1 1 1 1 1 1 1 1 1 1 1 12 12 12 12 12 12 12 12 12 12 12 12 12 12 12 12 12 12 12 12 12 12 12 12 12 12 12 12 12 12 12 12 12 12 12 12 12 12 12 12 12 12 12 12 12 12 12 12 12 12 12 12 12 12 12 12 12 12 12 12 12 12 12 12 12 12 12 12 12 12 12 12 12 12 12 12 12 12 12 12 12 12 12 12 12 12 12 12 12 12 12 12 12 12 12 12 12 12 12 12 12 12 12 12 12 12 12 12 12 12 12 12 12 12 12 12 12 12 12 12 12 12 12 12 12 12 12 12 12 12 12 12 12 12 12 12 12 12 12 12 12 12 12 12 12 12 12 12 12 12 12 12 12 12 12 12 12 12 12 12 12 12 12 12 12 12 12 12 12 12 12 12 12 12 12 12 12 12 12 12 12 12 12 12 12 12 12 12 12 12 12 9 9 9 9 9 9 9 9 9 9 9 9 9 9 9 9 9 9 9 9 9 9 9 9 9 9 9 9 9 9 9 9 9 9 9 9 9 9 9 9 10 10 10 10 10 10 10 10 10 10 10 10 10 10 10 10 10 10 10 10 10 10 10 10 10 10 10 10 10 10 10 10 10 10 10 10 10 10 10 10 10 10 10 10 10 10 10 10 10 10 10 10 10 10 10 10 10 10 10 10 10 10 10 10 10 10 10 10 10 10 10 10 10 10 10 10 10 10 10 10 10 10 10 10 10 10 10 10 10 10 10 10 10 10 10 10 10 10 10 10 10 10 10 10 10 10 10 10 10 10 10 10 10 10 10 10 10 10 10 10 10 10 10 10 10 10 10 10 10 10 10 10 10 10 10 10 10 10 10 10 10 10 10 10 10 10 10 10 10 10 10 10 10 10 10 10 10 10 10 10 11 11 11 11 11 1 1 1 1 1 1
staticfield java/lang/invoke/LambdaForm COMPILE_THRESHOLD I 0
staticfield java/lang/invoke/LambdaForm INTERNED_ARGUMENTS [[Ljava/lang/invoke/LambdaForm$Name; 5 [[Ljava/lang/invoke/LambdaForm$Name;
staticfield java/lang/invoke/LambdaForm IMPL_NAMES Ljava/lang/invoke/MemberName$Factory; java/lang/invoke/MemberName$Factory
staticfield java/lang/invoke/LambdaForm LF_identityForm [Ljava/lang/invoke/LambdaForm; 6 [Ljava/lang/invoke/LambdaForm;
staticfield java/lang/invoke/LambdaForm LF_zeroForm [Ljava/lang/invoke/LambdaForm; 6 [Ljava/lang/invoke/LambdaForm;
staticfield java/lang/invoke/LambdaForm NF_identity [Ljava/lang/invoke/LambdaForm$NamedFunction; 6 [Ljava/lang/invoke/LambdaForm$NamedFunction;
staticfield java/lang/invoke/LambdaForm NF_zero [Ljava/lang/invoke/LambdaForm$NamedFunction; 6 [Ljava/lang/invoke/LambdaForm$NamedFunction;
staticfield java/lang/invoke/LambdaForm DEBUG_NAME_COUNTERS Ljava/util/HashMap; null
staticfield java/lang/invoke/LambdaForm TRACE_INTERPRETER Z 0
staticfield java/lang/invoke/LambdaForm $assertionsDisabled Z 1
ciInstanceKlass java/lang/invoke/MethodType 1 1 593 8 8 8 8 8 8 8 8 8 8 8 8 7 7 7 7 1 1 1 1 1 1 1 1 1 1 1 1 1 1 1 1 1 1 1 1 1 1 1 1 1 1 1 1 1 1 1 1 1 1 1 1 1 1 1 1 1 1 1 1 1 1 1 1 1 1 1 1 1 1 1 1 1 1 1 1 1 1 1 1 1 1 1 1 1 1 1 1 1 1 1 1 1 1 1 1 1 1 1 1 1 1 1 1 1 1 1 1 1 1 1 1 1 1 1 1 1 1 1 1 1 1 1 1 1 1 1 1 1 1 1 1 1 1 1 1 1 1 1 1 1 1 1 1 1 1 1 1 1 1 1 1 1 1 1 1 1 1 1 1 1 1 1 1 1 1 1 1 1 1 1 1 1 1 1 1 1 1 1 1 1 1 1 1 1 1 1 1 1 1 1 1 1 1 1 1 1 1 1 1 1 1 1 1 1 1 1 1 1 1 1 1 1 1 1 3 3 3 5 0 7 100 100 100 7 100 100 7 100 7 100 100 100 100 100 7 7 7 7 100 100 7 7 7 7 7 7 7 7 7 7 100 100 7 1 1 1 1 1 1 1 1 1 1 1 1 1 1 1 1 1 1 1 1 1 1 1 1 1 1 1 1 1 1 1 1 1 1 1 1 1 1 1 1 1 1 1 1 1 1 1 1 1 1 1 1 1 1 1 1 1 1 1 1 1 1 1 1 1 1 1 1 1 1 1 1 1 1 1 1 1 1 1 1 1 1 1 1 1 1 1 1 1 1 1 1 1 1 1 1 1 1 1 1 1 1 1 1 12 12 12 12 12 12 12 12 12 12 12 12 12 12 12 12 12 12 12 12 12 12 12 12 12 12 12 12 12 12 12 12 12 12 12 12 12 12 12 12 12 12 12 12 12 12 12 12 12 12 12 12 12 12 12 12 12 12 12 12 12 12 12 12 12 12 12 12 12 12 12 12 12 12 12 12 12 12 12 12 12 12 12 12 12 12 12 12 12 12 12 12 12 12 12 12 12 12 12 12 12 12 12 12 12 12 12 12 12 12 12 12 9 9 9 9 9 9 9 9 9 9 9 9 9 9 9 9 9 9 10 10 10 10 10 10 10 10 10 10 10 10 10 10 10 10 10 10 10 10 10 10 10 10 10 10 10 10 10 10 10 10 10 10 10 10 10 10 10 10 10 10 10 10 10 10 10 10 10 10 10 10 10 10 10 10 10 10 10 10 10 10 10 10 10 10 10 10 10 10 10 10 10 10 10 10 10 10 10 10 10 10 10 10 10 10 10 10 10 10 10 10 10 10 10 10 10 10 11 11 11 11 1 1
staticfield java/lang/invoke/MethodType internTable Ljava/lang/invoke/MethodType$ConcurrentWeakInternSet; java/lang/invoke/MethodType$ConcurrentWeakInternSet
staticfield java/lang/invoke/MethodType NO_PTYPES [Ljava/lang/Class; 0 [Ljava/lang/Class;
staticfield java/lang/invoke/MethodType objectOnlyTypes [Ljava/lang/invoke/MethodType; 20 [Ljava/lang/invoke/MethodType;
staticfield java/lang/invoke/MethodType serialPersistentFields [Ljava/io/ObjectStreamField; 0 [Ljava/io/ObjectStreamField;
staticfield java/lang/invoke/MethodType rtypeOffset J 12
staticfield java/lang/invoke/MethodType ptypesOffset J 16
staticfield java/lang/invoke/MethodType $assertionsDisabled Z 1
ciInstanceKlass java/lang/BootstrapMethodError 0 0 38 1 1 1 1 1 1 1 1 1 1 1 1 1 1 1 1 1 1 5 0 100 100 100 100 1 1 12 12 12 12 12 10 10 10 10 10 1
instanceKlass java/lang/invoke/VolatileCallSite
instanceKlass java/lang/invoke/MutableCallSite
instanceKlass java/lang/invoke/ConstantCallSite
ciInstanceKlass java/lang/invoke/CallSite 1 1 311 8 8 8 8 8 8 8 8 7 7 7 7 1 1 1 1 1 1 1 1 1 1 1 1 1 1 1 1 1 1 1 1 1 1 1 1 1 1 1 1 1 1 1 1 1 1 1 1 1 1 1 1 1 1 1 1 1 1 1 1 1 1 1 1 1 1 1 1 1 1 1 1 1 1 1 1 1 1 1 1 1 1 1 1 1 1 1 1 1 1 1 1 1 1 1 1 1 1 1 1 1 1 1 1 1 1 1 1 1 1 1 1 1 1 1 1 1 1 100 7 100 100 100 100 7 100 100 100 100 100 100 7 100 7 100 7 7 100 100 7 1 1 1 1 1 1 1 1 1 1 1 1 1 1 1 1 1 1 1 1 1 1 1 1 1 1 1 1 1 1 1 1 1 1 1 1 1 1 1 1 1 1 1 12 12 12 12 12 12 12 12 12 12 12 12 12 12 12 12 12 12 12 12 12 12 12 12 12 12 12 12 12 12 12 12 12 12 12 12 12 12 12 12 12 12 12 12 12 12 12 12 12 12 12 12 12 12 12 12 12 12 12 12 9 9 9 9 9 9 10 10 10 10 10 10 10 10 10 10 10 10 10 10 10 10 10 10 10 10 10 10 10 10 10 10 10 10 10 10 10 10 10 10 10 10 10 10 10 10 10 10 10 10 10 10 10 10 10 10 10 10 10 10 10 10 10 10 10 1 1
staticfield java/lang/invoke/CallSite GET_TARGET Ljava/lang/invoke/MethodHandle; java/lang/invoke/DirectMethodHandle
staticfield java/lang/invoke/CallSite THROW_UCS Ljava/lang/invoke/MethodHandle; java/lang/invoke/MethodHandleImpl$AsVarargsCollector
staticfield java/lang/invoke/CallSite TARGET_OFFSET J 12
ciInstanceKlass java/lang/invoke/ConstantCallSite 1 1 42 1 1 1 1 1 1 1 1 1 1 1 1 1 1 1 1 1 1 1 1 100 100 100 7 7 1 1 12 12 12 12 12 12 9 9 10 10 10 10 10 1
ciInstanceKlass java/lang/invoke/MutableCallSite 0 0 57 1 1 1 1 1 1 1 1 1 1 1 1 1 1 1 1 1 1 1 1 1 1 1 1 1 100 100 100 100 1 1 1 1 1 1 12 12 12 12 12 12 12 12 12 12 9 9 10 10 10 10 10 10 10 10 1
ciInstanceKlass java/lang/invoke/VolatileCallSite 0 0 33 1 1 1 1 1 1 1 1 1 1 1 1 1 1 100 100 1 1 1 12 12 12 12 12 12 10 10 10 10 10 10 1
instanceKlass java/lang/StringBuilder
instanceKlass java/lang/StringBuffer
ciInstanceKlass java/lang/AbstractStringBuilder 1 1 318 3 3 3 8 8 8 8 8 8 8 8 8 8 8 8 8 1 1 1 1 1 1 1 1 1 1 1 1 1 1 1 1 1 1 1 1 1 1 1 1 1 1 1 1 1 1 1 1 1 1 1 1 1 1 1 1 1 1 1 1 1 1 1 1 1 1 1 1 1 1 1 1 1 1 1 1 1 1 1 1 1 1 1 1 1 1 1 1 1 1 1 1 1 1 1 1 1 1 1 1 1 1 1 1 1 1 1 1 1 1 1 1 1 1 1 1 1 1 1 1 1 1 1 1 1 1 1 1 1 1 1 1 5 0 100 7 100 7 100 100 100 7 7 7 100 7 100 100 100 7 7 100 1 1 1 1 1 1 1 1 1 1 1 1 1 1 1 1 1 1 1 1 1 1 1 1 1 1 1 1 1 1 1 1 1 1 1 1 1 1 1 1 1 1 1 12 12 12 12 12 12 12 12 12 12 12 12 12 12 12 12 12 12 12 12 12 12 12 12 12 12 12 12 12 12 12 12 12 12 12 12 12 12 12 12 12 12 12 12 12 12 12 12 12 12 12 12 12 12 12 9 9 10 10 10 10 10 10 10 10 10 10 10 10 10 10 10 10 10 10 10 10 10 10 10 10 10 10 10 10 10 10 10 10 10 10 10 10 10 10 10 10 10 10 10 10 10 10 10 10 10 10 10 10 10 10 10 10 10 10 10 10 10 10 11 11 1
ciInstanceKlass java/lang/StringBuffer 1 1 371 8 8 8 7 1 1 1 1 1 1 1 1 1 1 1 1 1 1 1 1 1 1 1 1 1 1 1 1 1 1 1 1 1 1 1 1 1 1 1 1 1 1 1 1 1 1 1 1 1 1 1 1 1 1 1 1 1 1 1 1 1 1 1 1 1 1 1 1 1 1 1 1 1 1 1 1 1 1 1 1 1 1 1 1 1 1 1 1 1 1 1 1 1 5 0 100 100 100 100 100 7 100 7 7 100 100 7 7 7 100 7 1 1 1 1 1 1 1 1 1 1 1 1 1 1 1 1 1 1 1 1 1 1 1 1 1 1 1 1 1 1 1 1 1 1 1 1 1 1 1 1 1 1 1 1 1 1 1 1 1 1 1 1 1 1 1 1 1 1 1 1 1 1 1 1 1 1 1 1 12 12 12 12 12 12 12 12 12 12 12 12 12 12 12 12 12 12 12 12 12 12 12 12 12 12 12 12 12 12 12 12 12 12 12 12 12 12 12 12 12 12 12 12 12 12 12 12 12 12 12 12 12 12 12 12 12 12 12 12 12 12 12 12 12 12 12 12 12 12 12 12 12 12 12 12 12 12 12 12 12 12 12 12 12 12 12 12 12 12 12 9 9 9 9 9 9 10 10 10 10 10 10 10 10 10 10 10 10 10 10 10 10 10 10 10 10 10 10 10 10 10 10 10 10 10 10 10 10 10 10 10 10 10 10 10 10 10 10 10 10 10 10 10 10 10 10 10 10 10 10 10 10 10 10 10 10 10 10 10 10 10 10 10 10 10 10 10 10 10 10 10 10 10 10 10 10 10 10 10 10 10 10 10 10 10 10 11 1 1 1
staticfield java/lang/StringBuffer serialPersistentFields [Ljava/io/ObjectStreamField; 3 [Ljava/io/ObjectStreamField;
ciInstanceKlass java/lang/StringBuilder 1 1 326 1 1 1 1 1 1 1 1 1 1 1 1 1 1 1 1 1 1 1 1 1 1 1 1 1 1 1 1 1 1 1 1 1 1 1 1 1 1 1 1 1 1 1 1 1 1 1 1 1 1 1 1 1 1 1 1 1 1 1 1 1 1 1 1 1 1 1 1 1 5 0 100 100 100 100 100 7 100 100 7 7 1 1 1 1 1 1 1 1 1 1 1 1 1 1 1 1 1 1 1 1 1 1 1 1 1 1 1 1 1 1 1 1 1 1 1 1 1 1 1 1 1 1 1 1 1 1 1 1 1 1 1 1 1 1 1 1 1 1 1 1 1 1 12 12 12 12 12 12 12 12 12 12 12 12 12 12 12 12 12 12 12 12 12 12 12 12 12 12 12 12 12 12 12 12 12 12 12 12 12 12 12 12 12 12 12 12 12 12 12 12 12 12 12 12 12 12 12 12 12 12 12 12 12 12 12 12 12 12 12 12 12 12 12 12 12 12 12 12 12 12 12 12 12 12 12 12 12 12 12 12 12 9 9 10 10 10 10 10 10 10 10 10 10 10 10 10 10 10 10 10 10 10 10 10 10 10 10 10 10 10 10 10 10 10 10 10 10 10 10 10 10 10 10 10 10 10 10 10 10 10 10 10 10 10 10 10 10 10 10 10 10 10 10 10 10 10 10 10 10 10 10 10 10 10 10 10 10 10 10 10 10 10 10 10 10 10 10 10 10 10 10 10 11 1
ciInstanceKlass sun/misc/Unsafe 1 1 389 8 8 7 7 7 7 7 7 7 7 7 7 1 1 1 1 1 1 1 1 1 1 1 1 1 1 1 1 1 1 1 1 1 1 1 1 1 1 1 1 1 1 1 1 1 1 1 1 1 1 1 1 1 1 1 1 1 1 1 1 1 1 1 1 1 1 1 1 1 1 1 1 1 1 1 1 1 1 1 1 1 1 1 1 1 1 1 1 1 1 1 1 1 1 1 1 1 1 1 1 1 1 1 1 1 1 1 1 1 1 1 1 1 1 1 1 1 1 1 1 1 1 1 1 1 1 1 1 1 1 1 1 1 1 1 1 1 1 1 1 1 1 1 1 1 1 1 1 1 1 1 1 1 1 1 1 1 1 1 1 1 1 1 1 1 1 1 1 1 1 1 1 1 1 1 1 1 1 1 1 3 100 7 100 7 7 7 7 100 100 7 7 1 1 1 1 1 1 1 1 1 1 1 1 1 1 1 1 1 1 1 1 1 1 1 1 1 1 1 1 1 1 1 1 1 1 1 1 1 1 1 1 1 1 1 1 1 1 1 1 1 1 1 1 1 1 1 1 1 1 1 1 1 1 1 1 1 1 1 1 1 12 12 12 12 12 12 12 12 12 12 12 12 12 12 12 12 12 12 12 12 12 12 12 12 12 12 12 12 12 12 12 12 12 12 12 12 12 12 12 12 12 12 12 12 12 12 12 12 12 12 12 12 12 12 12 12 12 12 12 12 12 12 9 9 9 9 9 9 9 9 9 9 9 9 9 9 9 9 9 9 9 9 10 10 10 10 10 10 10 10 10 10 10 10 10 10 10 10 10 10 10 10 10 10 10 10 10 10 10 10 10 10 10 10 10 10 10 10 10 10 10 10 10 10 10 10 1
staticfield sun/misc/Unsafe theUnsafe Lsun/misc/Unsafe; sun/misc/Unsafe
staticfield sun/misc/Unsafe ARRAY_BOOLEAN_BASE_OFFSET I 16
staticfield sun/misc/Unsafe ARRAY_BYTE_BASE_OFFSET I 16
staticfield sun/misc/Unsafe ARRAY_SHORT_BASE_OFFSET I 16
staticfield sun/misc/Unsafe ARRAY_CHAR_BASE_OFFSET I 16
staticfield sun/misc/Unsafe ARRAY_INT_BASE_OFFSET I 16
staticfield sun/misc/Unsafe ARRAY_LONG_BASE_OFFSET I 16
staticfield sun/misc/Unsafe ARRAY_FLOAT_BASE_OFFSET I 16
staticfield sun/misc/Unsafe ARRAY_DOUBLE_BASE_OFFSET I 16
staticfield sun/misc/Unsafe ARRAY_OBJECT_BASE_OFFSET I 16
staticfield sun/misc/Unsafe ARRAY_BOOLEAN_INDEX_SCALE I 1
staticfield sun/misc/Unsafe ARRAY_BYTE_INDEX_SCALE I 1
staticfield sun/misc/Unsafe ARRAY_SHORT_INDEX_SCALE I 2
staticfield sun/misc/Unsafe ARRAY_CHAR_INDEX_SCALE I 2
staticfield sun/misc/Unsafe ARRAY_INT_INDEX_SCALE I 4
staticfield sun/misc/Unsafe ARRAY_LONG_INDEX_SCALE I 8
staticfield sun/misc/Unsafe ARRAY_FLOAT_INDEX_SCALE I 4
staticfield sun/misc/Unsafe ARRAY_DOUBLE_INDEX_SCALE I 8
staticfield sun/misc/Unsafe ARRAY_OBJECT_INDEX_SCALE I 4
staticfield sun/misc/Unsafe ADDRESS_SIZE I 8
instanceKlass sun/nio/ch/ChannelInputStream
instanceKlass java/util/zip/ZipFile$ZipFileInputStream
instanceKlass java/io/FilterInputStream
instanceKlass java/io/FileInputStream
instanceKlass java/io/ByteArrayInputStream
ciInstanceKlass java/io/InputStream 1 1 61 8 1 1 1 1 1 1 1 1 1 1 1 1 1 1 1 1 1 1 1 1 1 1 1 1 1 1 1 1 1 1 1 1 1 1 1 3 5 0 100 100 100 7 100 100 100 7 12 12 12 12 12 10 10 10 10 10 10 10 1
ciInstanceKlass java/io/ByteArrayInputStream 1 1 62 1 1 1 1 1 1 1 1 1 1 1 1 1 1 1 1 1 1 1 1 1 1 1 1 1 1 1 1 1 1 1 1 1 1 1 1 7 100 7 100 7 100 7 1 12 12 12 12 12 12 12 9 9 9 9 10 10 10 10 10 1
ciInstanceKlass java/io/File 1 1 578 8 8 8 8 8 8 8 8 8 8 8 8 8 8 8 8 8 8 8 7 1 1 1 1 1 1 1 1 1 1 1 1 1 1 1 1 1 1 1 1 1 1 1 1 1 1 1 1 1 1 1 1 1 1 1 1 1 1 1 1 1 1 1 1 1 1 1 1 1 1 1 1 1 1 1 1 1 1 1 1 1 1 1 1 1 1 1 1 1 1 1 1 1 1 1 1 1 1 1 1 1 1 1 1 1 1 1 1 1 1 1 1 1 1 1 1 1 1 1 1 1 1 1 1 1 1 1 1 1 1 1 1 1 1 1 1 1 1 1 1 1 1 1 1 1 1 1 1 1 1 1 1 1 1 1 1 1 1 1 1 1 1 1 1 1 1 1 1 1 1 1 1 1 1 1 1 1 1 1 1 1 1 1 1 1 1 1 1 1 1 1 1 1 1 1 1 1 1 1 1 1 1 1 1 1 1 1 1 1 1 1 1 1 1 1 1 1 1 1 1 1 1 1 1 1 1 1 1 1 1 1 1 1 1 1 1 1 5 0 7 100 7 100 7 100 100 7 7 100 100 100 100 100 100 7 100 100 100 100 100 7 100 100 100 100 7 7 7 100 100 7 100 100 7 7 100 7 100 7 1 1 1 1 1 1 1 1 1 1 1 1 1 1 1 1 1 1 1 1 1 1 1 1 1 1 1 1 1 1 1 1 1 1 1 1 1 1 1 1 1 1 1 1 1 1 1 1 1 1 1 1 1 1 12 12 12 12 12 12 12 12 12 12 12 12 12 12 12 12 12 12 12 12 12 12 12 12 12 12 12 12 12 12 12 12 12 12 12 12 12 12 12 12 12 12 12 12 12 12 12 12 12 12 12 12 12 12 12 12 12 12 12 12 12 12 12 12 12 12 12 12 12 12 12 12 12 12 12 12 12 12 12 12 12 12 12 12 12 12 12 12 12 12 12 12 12 12 12 12 12 12 12 12 12 12 12 12 12 12 12 12 12 12 12 12 12 12 9 9 9 9 9 9 9 9 9 9 9 9 9 9 9 10 10 10 10 10 10 10 10 10 10 10 10 10 10 10 10 10 10 10 10 10 10 10 10 10 10 10 10 10 10 10 10 10 10 10 10 10 10 10 10 10 10 10 10 10 10 10 10 10 10 10 10 10 10 10 10 10 10 10 10 10 10 10 10 10 10 10 10 10 10 10 10 10 10 10 10 10 10 10 10 10 10 10 10 10 10 10 10 10 10 10 10 10 10 10 10 10 10 10 10 10 10 10 10 10 10 11 11 11 11 11 1 1 1 1
staticfield java/io/File fs Ljava/io/FileSystem; java/io/WinNTFileSystem
staticfield java/io/File separatorChar C 92
staticfield java/io/File separator Ljava/lang/String; "\"
staticfield java/io/File pathSeparatorChar C 59
staticfield java/io/File pathSeparator Ljava/lang/String; ";"
staticfield java/io/File PATH_OFFSET J 16
staticfield java/io/File PREFIX_LENGTH_OFFSET J 12
staticfield java/io/File UNSAFE Lsun/misc/Unsafe; sun/misc/Unsafe
staticfield java/io/File $assertionsDisabled Z 1
instanceKlass java/net/FactoryURLClassLoader
instanceKlass org/codehaus/plexus/classworlds/realm/ClassRealm
instanceKlass sun/misc/Launcher$ExtClassLoader
instanceKlass sun/misc/Launcher$AppClassLoader
ciInstanceKlass java/net/URLClassLoader 1 1 527 8 8 8 8 8 8 8 8 8 8 8 8 1 1 1 1 1 1 1 1 1 1 1 1 1 1 1 1 1 1 1 1 1 1 1 1 1 1 1 1 1 1 1 1 1 1 1 1 1 1 1 1 1 1 1 1 1 1 1 1 1 1 1 1 1 1 1 1 1 1 1 1 1 1 1 1 1 1 1 1 1 1 1 1 1 1 1 1 1 1 1 1 1 1 1 1 1 1 1 1 1 1 1 1 1 1 1 1 1 1 1 1 1 1 1 1 1 1 1 1 1 1 1 1 1 1 1 1 1 1 1 1 1 1 1 1 1 1 1 1 1 1 1 1 1 1 1 1 1 1 1 1 1 1 1 1 1 1 1 1 1 1 1 1 1 1 1 1 1 1 1 1 1 1 1 1 1 1 1 1 1 1 1 1 1 1 1 1 1 1 1 1 1 1 1 100 100 7 7 100 100 100 7 7 7 100 100 7 100 100 100 7 100 7 100 7 100 7 7 7 7 7 100 100 7 7 7 100 100 100 7 7 7 7 7 7 100 100 100 7 7 7 100 7 7 7 7 7 7 100 7 1 1 1 1 1 1 1 1 1 1 1 1 1 1 1 1 1 1 1 1 1 1 1 1 1 1 1 1 1 1 1 1 1 1 1 1 1 1 1 1 1 1 1 1 1 1 1 1 1 1 1 1 1 1 1 1 1 1 1 1 1 1 1 1 1 1 1 1 1 1 12 12 12 12 12 12 12 12 12 12 12 12 12 12 12 12 12 12 12 12 12 12 12 12 12 12 12 12 12 12 12 12 12 12 12 12 12 12 12 12 12 12 12 12 12 12 12 12 12 12 12 12 12 12 12 12 12 12 12 12 12 12 12 12 12 12 12 12 12 12 12 12 12 12 12 12 12 12 12 12 12 12 12 12 12 12 12 12 12 12 12 12 12 12 12 12 12 12 9 9 9 9 9 9 9 9 9 9 9 9 10 10 10 10 10 10 10 10 10 10 10 10 10 10 10 10 10 10 10 10 10 10 10 10 10 10 10 10 10 10 10 10 10 10 10 10 10 10 10 10 10 10 10 10 10 10 10 10 10 10 10 10 10 10 10 10 10 10 10 10 10 10 10 10 10 10 10 10 10 10 10 10 10 10 10 10 10 10 10 10 10 10 10 10 10 10 11 11 11 11 11 11 11 11 11
ciInstanceKlass java/net/URL 1 1 550 8 8 8 8 8 8 8 8 8 8 8 8 8 8 8 8 8 8 8 8 8 8 8 8 8 7 1 1 1 1 1 1 1 1 1 1 1 1 1 1 1 1 1 1 1 1 1 1 1 1 1 1 1 1 1 1 1 1 1 1 1 1 1 1 1 1 1 1 1 1 1 1 1 1 1 1 1 1 1 1 1 1 1 1 1 1 1 1 1 1 1 1 1 1 1 1 1 1 1 1 1 1 1 1 1 1 1 1 1 1 1 1 1 1 1 1 1 1 1 1 1 1 1 1 1 1 1 1 1 1 1 1 1 1 1 1 1 1 1 1 1 1 1 1 1 1 1 1 1 1 1 1 1 1 1 1 1 1 1 1 1 1 1 1 1 1 1 1 1 1 1 1 1 1 1 1 1 1 1 1 1 1 1 1 1 1 1 1 1 1 1 1 1 1 1 1 1 1 1 1 1 1 1 1 1 1 1 1 1 1 1 1 1 1 1 1 1 1 1 1 1 1 1 5 0 100 100 100 100 100 100 7 100 7 7 100 100 100 100 100 7 7 100 7 7 100 100 100 100 7 100 100 100 100 7 7 7 100 100 7 7 7 100 7 100 1 1 1 1 1 1 1 1 1 1 1 1 1 1 1 1 1 1 1 1 1 1 1 1 1 1 1 1 1 1 1 1 1 1 1 1 1 1 1 1 1 1 1 1 1 1 1 1 1 1 1 1 1 12 12 12 12 12 12 12 12 12 12 12 12 12 12 12 12 12 12 12 12 12 12 12 12 12 12 12 12 12 12 12 12 12 12 12 12 12 12 12 12 12 12 12 12 12 12 12 12 12 12 12 12 12 12 12 12 12 12 12 12 12 12 12 12 12 12 12 12 12 12 12 12 12 12 12 12 12 12 12 12 12 12 12 12 12 12 12 12 12 12 12 12 12 12 12 12 12 12 12 12 12 12 12 12 12 12 12 12 9 9 9 9 9 9 9 9 9 9 9 9 9 9 9 9 9 9 9 9 9 10 10 10 10 10 10 10 10 10 10 10 10 10 10 10 10 10 10 10 10 10 10 10 10 10 10 10 10 10 10 10 10 10 10 10 10 10 10 10 10 10 10 10 10 10 10 10 10 10 10 10 10 10 10 10 10 10 10 10 10 10 10 10 10 10 10 10 10 10 10 10 10 10 10 10 10 10 10 10 10 10 10 10 10 10 10 10 10 10 10 10 10 10 10 10 10 10 10 10 10 11 1
staticfield java/net/URL serialPersistentFields [Ljava/io/ObjectStreamField; 7 [Ljava/io/ObjectStreamField;
ciInstanceKlass java/util/jar/Manifest 1 1 256 8 8 8 8 8 8 8 1 1 1 1 1 1 1 1 1 1 1 1 1 1 1 1 1 1 1 1 1 1 1 1 1 1 1 1 1 1 1 1 1 1 1 1 1 1 1 1 1 1 1 1 1 1 1 1 1 1 1 1 1 1 1 1 1 1 1 1 1 1 1 1 1 1 1 1 1 1 1 1 1 1 1 1 1 1 1 1 1 1 1 1 1 1 1 1 1 1 1 1 1 100 100 100 100 100 100 7 7 100 7 100 100 7 7 100 7 100 100 7 100 7 7 1 1 1 1 1 1 1 1 1 1 1 1 1 1 1 1 1 1 1 1 1 1 1 1 1 12 12 12 12 12 12 12 12 12 12 12 12 12 12 12 12 12 12 12 12 12 12 12 12 12 12 12 12 12 12 12 12 12 12 12 12 12 12 12 12 12 12 12 12 12 12 12 12 9 9 9 10 10 10 10 10 10 10 10 10 10 10 10 10 10 10 10 10 10 10 10 10 10 10 10 10 10 10 10 10 10 10 10 10 10 10 10 10 10 10 10 10 10 10 11 11 11 11 11 11 11 11 11 11 11 11 1 1
ciInstanceKlass sun/misc/Launcher 1 1 218 8 8 8 8 8 8 8 8 1 1 1 1 1 1 1 1 1 1 1 1 1 1 1 1 1 1 1 1 1 1 1 1 1 1 1 1 1 1 1 1 1 1 1 1 1 1 1 1 1 1 1 1 1 1 1 1 1 1 1 1 1 1 1 1 1 1 1 1 1 1 1 1 1 1 1 1 1 1 1 1 1 1 1 1 1 1 1 1 1 1 1 1 1 1 1 1 100 100 7 100 100 100 100 100 100 100 100 7 100 7 100 7 7 100 7 7 100 7 7 7 7 7 1 1 1 1 1 1 1 1 1 1 1 1 1 1 1 1 1 1 1 1 1 1 1 12 12 12 12 12 12 12 12 12 12 12 12 12 12 12 12 12 12 12 12 12 12 12 12 12 12 12 12 12 12 12 12 9 9 9 9 9 9 10 10 10 10 10 10 10 10 10 10 10 10 10 10 10 10 10 10 10 10 10 10 10 10 10 10 10 10 10 10 1 1 1 1
ciInstanceKlass sun/misc/Launcher$AppClassLoader 1 1 201 8 8 7 1 1 1 1 1 1 1 1 1 1 1 1 1 1 1 1 1 1 1 1 1 1 1 1 1 1 1 1 1 1 1 1 1 1 1 1 1 1 1 1 1 1 1 1 1 1 1 1 1 1 1 1 1 1 1 1 1 1 1 1 1 1 1 1 1 1 1 1 1 1 1 1 1 1 1 1 1 100 100 100 100 100 7 7 100 7 100 7 7 100 100 7 100 7 100 7 100 7 7 7 100 7 7 1 1 1 1 1 1 1 1 1 1 1 1 1 1 1 1 1 1 1 1 1 1 1 1 1 12 12 12 12 12 12 12 12 12 12 12 12 12 12 12 12 12 12 12 12 12 12 12 12 12 12 12 12 12 12 12 12 12 9 9 10 10 10 10 10 10 10 10 10 10 10 10 10 10 10 10 10 10 10 10 10 10 10 10 10 10 10 10 10 10 10 10 11 1
staticfield sun/misc/Launcher$AppClassLoader $assertionsDisabled Z 1
ciInstanceKlass sun/misc/Launcher$ExtClassLoader 1 1 237 8 8 8 7 1 1 1 1 1 1 1 1 1 1 1 1 1 1 1 1 1 1 1 1 1 1 1 1 1 1 1 1 1 1 1 1 1 1 1 1 1 1 1 1 1 1 1 1 1 1 1 1 1 1 1 1 1 1 1 1 1 1 1 1 1 1 1 1 1 1 1 1 1 1 1 1 1 1 1 1 1 1 1 1 1 1 1 1 1 1 1 1 1 1 100 100 100 100 7 100 7 100 7 7 100 100 100 7 7 100 100 100 7 100 100 100 7 7 7 7 7 100 7 7 100 1 1 1 1 1 1 1 1 1 1 1 1 1 1 1 1 1 1 1 1 1 1 1 1 1 1 12 12 12 12 12 12 12 12 12 12 12 12 12 12 12 12 12 12 12 12 12 12 12 12 12 12 12 12 12 12 12 12 12 12 12 12 12 12 12 12 12 9 9 10 10 10 10 10 10 10 10 10 10 10 10 10 10 10 10 10 10 10 10 10 10 10 10 10 10 10 10 10 10 10 10 10 10 10 10 10 10 10 11 11 1
ciInstanceKlass java/security/CodeSource 1 1 324 8 8 8 8 8 8 8 8 8 8 8 8 8 8 1 1 1 1 1 1 1 1 1 1 1 1 1 1 1 1 1 1 1 1 1 1 1 1 1 1 1 1 1 1 1 1 1 1 1 1 1 1 1 1 1 1 1 1 1 1 1 1 1 1 1 1 1 1 1 1 1 1 1 1 1 1 1 1 1 1 1 1 1 1 1 1 1 1 1 1 1 1 1 1 1 1 1 1 1 1 1 1 1 1 1 1 1 1 1 1 1 1 1 1 1 1 1 1 1 1 1 1 1 1 1 1 1 1 1 1 1 1 1 1 1 1 5 0 100 100 100 100 100 100 100 100 100 7 100 100 100 7 100 7 100 100 100 100 100 100 100 100 100 100 1 1 1 1 1 1 1 1 1 1 1 1 1 1 1 1 1 1 1 1 1 1 1 1 1 12 12 12 12 12 12 12 12 12 12 12 12 12 12 12 12 12 12 12 12 12 12 12 12 12 12 12 12 12 12 12 12 12 12 12 12 12 12 12 12 12 12 12 12 12 12 12 12 12 12 12 12 12 12 12 12 12 12 12 12 12 9 9 9 9 9 10 10 10 10 10 10 10 10 10 10 10 10 10 10 10 10 10 10 10 10 10 10 10 10 10 10 10 10 10 10 10 10 10 10 10 10 10 10 10 10 10 10 10 10 10 10 10 10 10 10 10 10 10 10 10 10 10 10 10 10 10 10 10 11 11 11 11 1
ciInstanceKlass java/lang/StackTraceElement 1 1 98 8 8 8 8 8 8 8 8 1 1 1 1 1 1 1 1 1 1 1 1 1 1 1 1 1 1 1 1 1 1 1 1 1 1 1 1 1 1 1 1 1 1 1 1 1 1 1 1 1 1 1 5 0 100 100 7 100 7 100 1 1 1 1 1 1 12 12 12 12 12 12 12 12 12 12 12 12 12 12 12 9 9 9 9 10 10 10 10 10 10 10 10 10 10 10 10 1
instanceKlass java/nio/LongBuffer
instanceKlass java/nio/CharBuffer
instanceKlass java/nio/ByteBuffer
ciInstanceKlass java/nio/Buffer 1 1 103 8 8 8 8 1 1 1 1 1 1 1 1 1 1 1 1 1 1 1 1 1 1 1 1 1 1 1 1 1 1 1 1 1 1 1 1 1 1 1 1 1 1 1 1 1 1 1 1 1 1 1 1 1 1 1 1 1 1 1 1 3 100 100 7 100 7 100 100 100 1 1 1 1 12 12 12 12 12 12 12 12 12 12 12 9 9 9 9 10 10 10 10 10 10 10 10 10 10 10 10 10 1
ciInstanceKlass java/lang/Boolean 1 1 110 8 8 8 1 1 1 1 1 1 1 1 1 1 1 1 1 1 1 1 1 1 1 1 1 1 1 1 1 1 1 1 1 1 1 1 1 1 1 1 1 1 1 1 1 1 1 1 1 1 1 1 1 1 1 1 1 1 1 1 1 5 0 100 7 7 100 100 100 7 100 7 7 1 1 1 1 1 1 1 1 12 12 12 12 12 12 12 12 12 12 12 12 12 12 9 9 9 9 10 10 10 10 10 10 10 10 10 10 1
staticfield java/lang/Boolean TRUE Ljava/lang/Boolean; java/lang/Boolean
staticfield java/lang/Boolean FALSE Ljava/lang/Boolean; java/lang/Boolean
staticfield java/lang/Boolean TYPE Ljava/lang/Class; java/lang/Class
ciInstanceKlass java/lang/Character 1 1 459 3 3 3 3 3 3 3 3 8 8 7 1 1 1 1 1 1 1 1 1 1 1 1 1 1 1 1 1 1 1 1 1 1 1 1 1 1 1 1 1 1 1 1 1 1 1 1 1 1 1 1 1 1 1 1 1 1 1 1 1 1 1 1 1 1 1 1 1 1 1 1 1 1 1 1 1 1 1 1 1 1 1 1 1 1 1 1 1 1 1 1 1 1 1 1 1 1 1 1 1 1 1 1 1 1 1 1 1 1 1 1 1 1 1 1 1 1 1 1 1 1 1 1 1 1 1 1 1 1 1 1 1 1 1 1 1 1 1 1 1 1 1 1 1 1 1 1 1 1 1 1 1 1 1 1 1 1 1 1 1 1 1 1 1 1 1 1 1 1 1 1 1 1 1 1 1 1 1 1 1 1 1 1 1 1 1 1 1 1 1 1 1 1 1 1 1 1 1 1 1 1 1 1 1 1 1 1 1 1 1 1 1 1 1 1 1 1 1 1 1 1 1 1 1 3 3 3 3 3 3 3 3 3 3 3 3 3 3 3 3 3 3 3 3 3 3 3 3 3 3 3 3 3 3 3 3 3 3 3 3 3 5 0 5 0 100 100 7 7 100 100 100 7 100 7 100 100 100 100 7 7 100 100 1 1 1 1 1 1 1 1 1 1 1 1 1 1 1 12 12 12 12 12 12 12 12 12 12 12 12 12 12 12 12 12 12 12 12 12 12 12 12 12 12 12 12 12 12 12 12 12 12 12 12 12 12 12 12 12 12 12 12 12 12 12 12 12 12 12 12 12 12 12 12 12 12 12 12 12 12 12 12 12 12 12 12 9 9 9 9 9 10 10 10 10 10 10 10 10 10 10 10 10 10 10 10 10 10 10 10 10 10 10 10 10 10 10 10 10 10 10 10 10 10 10 10 10 10 10 10 10 10 10 10 10 10 10 10 10 10 10 10 10 10 10 10 10 10 10 10 10 10 10 10 10 10 10 10 10 10 10 10 10 10 10 10 10 10 10 10 10 11 11 1 1 1 1 1
staticfield java/lang/Character TYPE Ljava/lang/Class; java/lang/Class
staticfield java/lang/Character $assertionsDisabled Z 1
instanceKlass java/math/BigInteger
instanceKlass java/util/concurrent/atomic/AtomicLong
instanceKlass java/util/concurrent/atomic/AtomicInteger
instanceKlass java/lang/Long
instanceKlass java/lang/Integer
instanceKlass java/lang/Short
instanceKlass java/lang/Byte
instanceKlass java/lang/Double
instanceKlass java/lang/Float
ciInstanceKlass java/lang/Number 1 1 34 1 1 1 1 1 1 1 1 1 1 1 1 1 1 1 1 1 1 1 1 1 1 1 5 0 100 100 7 12 12 10 10 1
ciInstanceKlass java/lang/Float 1 1 169 3 3 3 4 4 4 4 8 8 8 1 1 1 1 1 1 1 1 1 1 1 1 1 1 1 1 1 1 1 1 1 1 1 1 1 1 1 1 1 1 1 1 1 1 1 1 1 1 1 1 1 1 1 1 1 1 1 1 1 1 1 1 1 1 1 1 1 1 1 1 1 1 1 1 1 1 1 1 1 1 1 1 1 1 1 1 1 1 1 1 1 1 1 1 1 1 1 1 3 3 3 3 4 4 5 0 7 100 100 7 100 7 7 100 7 1 1 1 1 1 1 1 1 1 12 12 12 12 12 12 12 12 12 12 12 12 12 12 12 12 12 12 12 12 12 9 9 10 10 10 10 10 10 10 10 10 10 10 10 10 10 10 10 10 10 10 10 1
staticfield java/lang/Float TYPE Ljava/lang/Class; java/lang/Class
ciInstanceKlass java/lang/Double 1 1 223 8 8 8 8 8 8 8 8 8 8 1 1 1 1 1 1 1 1 1 1 1 1 1 1 1 1 1 1 1 1 1 1 1 1 1 1 1 1 1 1 1 1 1 1 1 1 1 1 1 1 1 1 1 1 1 1 1 1 1 1 1 1 1 1 1 1 1 1 1 1 1 1 1 1 1 1 1 1 1 1 1 1 1 1 1 1 1 1 1 1 1 1 1 1 1 1 1 1 1 1 1 1 1 1 1 1 1 1 1 1 1 3 3 3 3 5 0 5 0 5 0 5 0 5 0 6 0 6 0 6 0 6 0 6 0 6 0 6 0 7 100 7 100 100 7 7 100 100 7 1 1 1 1 1 1 1 1 1 1 1 12 12 12 12 12 12 12 12 12 12 12 12 12 12 12 12 12 12 12 12 12 12 12 12 12 12 12 12 12 12 9 9 10 10 10 10 10 10 10 10 10 10 10 10 10 10 10 10 10 10 10 10 10 10 10 10 10 10 10 10 10 1
staticfield java/lang/Double TYPE Ljava/lang/Class; java/lang/Class
ciInstanceKlass java/lang/Byte 1 1 153 8 8 8 8 8 1 1 1 1 1 1 1 1 1 1 1 1 1 1 1 1 1 1 1 1 1 1 1 1 1 1 1 1 1 1 1 1 1 1 1 1 1 1 1 1 1 1 1 1 1 1 1 1 1 1 1 1 1 1 1 1 1 1 1 1 1 1 1 1 1 1 1 1 1 1 1 1 3 3 3 3 5 0 5 0 7 7 7 100 100 7 7 100 1 1 1 1 1 1 1 1 1 1 1 1 1 1 12 12 12 12 12 12 12 12 12 12 12 12 12 12 12 12 12 12 12 12 12 9 9 9 10 10 10 10 10 10 10 10 10 10 10 10 10 10 10 10 10 10 10 1 1
staticfield java/lang/Byte TYPE Ljava/lang/Class; java/lang/Class
ciInstanceKlass java/lang/Short 1 1 159 3 3 8 8 8 8 8 1 1 1 1 1 1 1 1 1 1 1 1 1 1 1 1 1 1 1 1 1 1 1 1 1 1 1 1 1 1 1 1 1 1 1 1 1 1 1 1 1 1 1 1 1 1 1 1 1 1 1 1 1 1 1 1 1 1 1 1 1 1 1 1 1 1 1 1 1 1 1 1 1 1 3 3 3 3 5 0 5 0 7 100 100 7 7 7 7 100 1 1 1 1 1 1 1 1 1 1 1 1 1 1 12 12 12 12 12 12 12 12 12 12 12 12 12 12 12 12 12 12 12 12 12 12 9 9 9 10 10 10 10 10 10 10 10 10 10 10 10 10 10 10 10 10 10 10 10 1 1
staticfield java/lang/Short TYPE Ljava/lang/Class; java/lang/Class
ciInstanceKlass java/lang/Integer 1 1 309 3 3 3 3 3 3 3 3 3 3 3 3 3 3 3 8 8 8 8 8 8 8 8 8 8 8 8 8 8 8 8 1 1 1 1 1 1 1 1 1 1 1 1 1 1 1 1 1 1 1 1 1 1 1 1 1 1 1 1 1 1 1 1 1 1 1 1 1 1 1 1 1 1 1 1 1 1 1 1 1 1 1 1 1 1 1 1 1 1 1 1 1 1 1 1 1 1 1 1 1 1 1 1 1 1 1 1 1 1 1 1 1 1 1 1 1 1 1 1 1 1 1 1 1 1 1 1 1 1 1 1 1 1 1 1 1 1 1 1 1 1 1 1 1 1 1 1 1 1 1 1 1 1 1 1 1 1 1 1 1 1 1 1 1 1 1 1 1 1 3 3 5 0 5 0 5 0 100 7 7 100 100 7 7 100 7 100 7 7 100 100 7 100 7 1 1 1 1 1 1 1 1 1 1 1 1 1 1 1 1 1 12 12 12 12 12 12 12 12 12 12 12 12 12 12 12 12 12 12 12 12 12 12 12 12 12 12 12 12 12 12 12 12 12 12 12 12 12 12 12 12 12 12 12 12 12 12 12 9 9 9 9 9 9 9 9 10 10 10 10 10 10 10 10 10 10 10 10 10 10 10 10 10 10 10 10 10 10 10 10 10 10 10 10 10 10 10 10 10 10 10 10 10 10 10 10 1 1
staticfield java/lang/Integer TYPE Ljava/lang/Class; java/lang/Class
staticfield java/lang/Integer digits [C 36
staticfield java/lang/Integer DigitTens [C 100
staticfield java/lang/Integer DigitOnes [C 100
staticfield java/lang/Integer sizeTable [I 10
ciInstanceKlass java/lang/Long 1 1 356 3 3 8 8 8 8 8 8 8 8 8 8 8 8 8 8 8 8 8 1 1 1 1 1 1 1 1 1 1 1 1 1 1 1 1 1 1 1 1 1 1 1 1 1 1 1 1 1 1 1 1 1 1 1 1 1 1 1 1 1 1 1 1 1 1 1 1 1 1 1 1 1 1 1 1 1 1 1 1 1 1 1 1 1 1 1 1 1 1 1 1 1 1 1 1 1 1 1 1 1 1 1 1 1 1 1 1 1 1 1 1 1 1 1 1 1 1 1 1 1 1 1 1 1 1 1 1 1 1 1 1 1 1 1 1 1 1 1 1 1 1 1 1 1 1 1 1 1 1 1 1 1 1 1 1 1 1 1 1 1 1 1 1 3 3 5 0 5 0 5 0 5 0 5 0 5 0 5 0 5 0 5 0 5 0 5 0 5 0 5 0 5 0 5 0 100 7 7 100 100 7 7 7 7 100 7 7 100 100 7 100 100 100 1 1 1 1 1 1 1 1 1 1 1 1 1 1 1 1 1 1 1 1 1 1 12 12 12 12 12 12 12 12 12 12 12 12 12 12 12 12 12 12 12 12 12 12 12 12 12 12 12 12 12 12 12 12 12 12 12 12 12 12 12 12 12 12 12 12 12 12 12 12 12 12 12 12 12 12 12 12 12 12 9 9 9 9 9 9 10 10 10 10 10 10 10 10 10 10 10 10 10 10 10 10 10 10 10 10 10 10 10 10 10 10 10 10 10 10 10 10 10 10 10 10 10 10 10 10 10 10 10 10 10 10 10 10 10 10 10 10 10 10 1 1
staticfield java/lang/Long TYPE Ljava/lang/Class; java/lang/Class
ciInstanceKlass java/lang/NullPointerException 1 1 21 1 1 1 1 1 1 1 1 1 1 1 5 0 100 7 12 12 10 10 1
ciInstanceKlass java/lang/ArithmeticException 1 1 21 1 1 1 1 1 1 1 1 1 1 1 5 0 100 100 12 12 10 10 1
ciInstanceKlass java/security/AccessController 1 1 187 8 8 8 8 8 8 8 8 1 1 1 1 1 1 1 1 1 1 1 1 1 1 1 1 1 1 1 1 1 1 1 1 1 1 1 1 1 1 1 1 1 1 1 1 1 1 1 1 1 1 1 1 1 1 1 1 1 1 1 1 1 1 1 1 1 1 1 1 1 1 100 100 100 100 100 100 7 100 7 7 100 100 100 7 7 100 1 1 1 1 1 1 1 1 1 1 1 1 1 1 1 1 1 1 1 1 1 1 1 1 1 1 1 1 1 1 1 1 12 12 12 12 12 12 12 12 12 12 12 12 12 12 12 12 12 12 12 12 12 12 12 12 12 12 12 12 12 12 12 12 12 10 10 10 10 10 10 10 10 10 10 10 10 10 10 10 10 10 10 10 10 10 10 10 10 10 10 10 10 10 10 10 10 10 10 1
ciInstanceKlass java/security/PrivilegedAction 1 0 12 1 1 1 1 1 1 1 100 100 1 1
ciInstanceKlass java/util/Collection 1 1 87 1 1 1 1 1 1 1 1 1 1 1 1 1 1 1 1 1 1 1 1 1 1 1 1 1 1 1 1 1 1 1 1 1 1 1 1 1 1 1 1 1 1 100 100 7 100 100 100 100 7 1 1 1 1 1 1 1 1 1 1 1 1 1 1 1 1 1 12 12 12 12 12 12 12 12 12 10 10 10 11 11 11 11 11 11 1
instanceKlass com/sun/tools/javac/util/List
instanceKlass java/util/AbstractMap$2
instanceKlass org/eclipse/sisu/inject/MildElements
instanceKlass org/eclipse/sisu/inject/MildValues$1
instanceKlass com/google/common/collect/AbstractMapBasedMultimap$WrappedCollection
instanceKlass com/google/common/collect/Maps$Values
instanceKlass com/google/common/collect/AbstractMultimap$Values
instanceKlass java/util/TreeMap$Values
instanceKlass com/google/common/collect/ImmutableCollection
instanceKlass java/util/AbstractQueue
instanceKlass java/util/LinkedHashMap$LinkedValues
instanceKlass java/util/HashMap$Values
instanceKlass java/util/ArrayDeque
instanceKlass java/util/AbstractSet
instanceKlass java/util/AbstractList
ciInstanceKlass java/util/AbstractCollection 1 1 143 3 3 8 8 8 1 1 1 1 1 1 1 1 1 1 1 1 1 1 1 1 1 1 1 1 1 1 1 1 1 1 1 1 1 1 1 1 1 1 1 1 1 1 1 1 1 1 1 1 1 1 1 1 1 1 1 1 1 1 1 1 1 1 1 1 7 7 7 100 7 100 100 7 7 100 7 7 7 1 1 1 1 1 1 1 1 1 1 1 1 1 1 1 1 1 12 12 12 12 12 12 12 12 12 12 12 12 12 12 12 12 12 12 12 12 12 10 10 10 10 10 10 10 10 10 10 10 10 10 10 10 10 10 10 10 10 11 11 11 11 11 1
ciInstanceKlass java/util/Set 1 1 48 1 1 1 1 1 1 1 1 1 1 1 1 1 1 1 1 1 1 1 1 1 1 1 1 1 1 1 1 100 100 100 7 1 1 1 1 1 1 1 1 1 1 1 1 12 10 1
instanceKlass java/util/EnumMap$EntrySet
instanceKlass java/util/Hashtable$KeySet
instanceKlass java/util/IdentityHashMap$EntrySet
instanceKlass java/util/WeakHashMap$EntrySet
instanceKlass java/util/IdentityHashMap$KeySet
instanceKlass org/eclipse/aether/graph/Dependency$Exclusions
instanceKlass java/util/Collections$SingletonSet
instanceKlass java/lang/ProcessEnvironment$CheckedKeySet
instanceKlass java/util/AbstractMap$1
instanceKlass org/eclipse/sisu/wire/EntrySetAdapter
instanceKlass java/util/TreeMap$EntrySet
instanceKlass org/eclipse/sisu/wire/EntryMapAdapter$EntrySet
instanceKlass com/google/common/collect/Sets$ImprovedAbstractSet
instanceKlass com/google/common/collect/Sets$SetView
instanceKlass sun/util/resources/ParallelListResourceBundle$KeySet
instanceKlass java/util/LinkedHashMap$LinkedEntrySet
instanceKlass java/util/EnumSet
instanceKlass java/util/LinkedHashMap$LinkedKeySet
instanceKlass java/lang/ProcessEnvironment$CheckedEntrySet
instanceKlass java/util/TreeMap$KeySet
instanceKlass java/util/HashMap$EntrySet
instanceKlass java/util/TreeSet
instanceKlass java/util/HashMap$KeySet
instanceKlass java/util/HashSet
instanceKlass java/util/WeakHashMap$KeySet
instanceKlass java/util/Collections$SetFromMap
instanceKlass java/util/Hashtable$EntrySet
instanceKlass java/util/Collections$EmptySet
ciInstanceKlass java/util/AbstractSet 1 1 71 1 1 1 1 1 1 1 1 1 1 1 1 1 1 1 1 1 1 1 1 1 1 1 1 1 1 1 1 1 1 1 1 100 100 7 7 7 7 7 7 7 1 1 1 1 12 12 12 12 12 12 12 12 12 12 12 10 10 10 10 10 10 10 11 11 11 11 11 11 1
instanceKlass org/apache/maven/project/DefaultProjectBuilder$1
instanceKlass java/util/Collections$SingletonMap
instanceKlass org/eclipse/sisu/wire/EntryMapAdapter
instanceKlass com/google/common/collect/Maps$ViewCachingAbstractMap
instanceKlass com/google/common/collect/MapMakerInternalMap
instanceKlass org/eclipse/sisu/wire/MergedProperties
instanceKlass com/google/common/cache/LocalCache
instanceKlass java/util/EnumMap
instanceKlass java/util/IdentityHashMap
instanceKlass java/util/concurrent/ConcurrentHashMap
instanceKlass java/util/TreeMap
instanceKlass java/util/WeakHashMap
instanceKlass sun/util/PreHashedMap
instanceKlass java/util/HashMap
instanceKlass java/util/Collections$EmptyMap
ciInstanceKlass java/util/AbstractMap 1 1 152 8 8 1 1 1 1 1 1 1 1 1 1 1 1 1 1 1 1 1 1 1 1 1 1 1 1 1 1 1 1 1 1 1 1 1 1 1 1 1 1 1 1 1 1 1 1 1 1 1 1 1 1 1 1 1 1 1 1 1 1 1 100 7 100 7 100 100 7 7 7 100 100 100 7 7 7 7 1 1 1 1 1 1 1 1 1 1 1 1 1 1 1 1 1 1 1 12 12 12 12 12 12 12 12 12 12 12 12 12 12 12 12 12 12 12 12 12 12 12 9 9 10 10 10 10 10 10 10 10 10 10 10 10 10 10 11 11 11 11 11 11 11 11 11 11 11 11 11 1 1 1
ciInstanceKlass sun/misc/SharedSecrets 1 1 168 100 100 100 100 100 100 100 100 7 100 1 1 1 1 1 1 1 1 1 1 1 1 1 1 1 1 1 1 1 1 1 1 1 1 1 1 1 1 1 1 1 1 1 1 1 1 1 1 1 1 1 1 1 1 1 1 1 1 1 1 1 1 1 1 1 1 1 1 1 1 1 1 1 1 1 1 1 100 7 7 1 1 1 1 1 1 1 1 1 1 1 1 1 1 1 1 1 1 1 1 1 1 1 1 1 1 1 1 1 1 1 1 1 1 1 1 1 1 1 1 1 1 1 1 1 1 1 1 12 12 12 12 12 12 12 12 12 12 12 12 12 12 12 12 12 12 12 9 9 9 9 9 9 9 9 9 9 9 9 9 9 9 9 10 10 10 1
staticfield sun/misc/SharedSecrets unsafe Lsun/misc/Unsafe; sun/misc/Unsafe
ciInstanceKlass sun/reflect/Reflection 1 1 233 8 8 8 8 8 8 8 8 8 8 7 7 100 7 1 1 1 1 1 1 1 1 1 1 1 1 1 1 1 1 1 1 1 1 1 1 1 1 1 1 1 1 1 1 1 1 1 1 1 1 1 1 1 1 1 1 1 1 1 1 1 1 1 1 1 1 1 1 1 1 1 1 1 1 1 1 1 1 1 1 1 1 1 1 1 1 1 1 1 1 1 1 1 1 1 1 1 1 1 100 7 100 7 100 100 100 100 100 7 100 100 7 100 7 7 7 100 1 1 1 1 1 1 1 1 1 1 1 1 1 1 1 1 1 1 1 1 1 1 1 1 1 1 1 1 1 1 1 1 1 1 1 1 1 1 12 12 12 12 12 12 12 12 12 12 12 12 12 12 12 12 12 12 12 12 12 12 12 12 12 12 12 12 12 12 12 12 12 12 12 9 9 10 10 10 10 10 10 10 10 10 10 10 10 10 10 10 10 10 10 10 10 10 10 10 10 10 10 10 10 10 10 10 10 10 10 10 10 11 11 11 1
instanceKlass com/sun/tools/javac/comp/CompileStates
instanceKlass org/apache/maven/artifact/versioning/ManagedVersionMap
instanceKlass java/lang/ProcessEnvironment
instanceKlass java/util/LinkedHashMap
ciInstanceKlass java/util/HashMap 1 1 482 3 3 4 4 4 4 4 8 8 8 100 100 100 1 1 1 1 1 1 1 1 1 1 1 1 1 1 1 1 1 1 1 1 1 1 1 1 1 1 1 1 1 1 1 1 1 1 1 1 1 1 1 1 1 1 1 1 1 1 1 1 1 1 1 1 1 1 1 1 1 1 1 1 1 1 1 1 1 1 1 1 1 1 1 1 1 1 1 1 1 1 1 1 1 1 1 1 1 1 1 1 1 1 1 1 1 1 1 1 1 1 1 1 1 1 1 1 1 1 1 1 1 1 1 1 1 1 1 1 1 1 1 1 1 1 1 1 1 1 1 1 1 1 1 1 1 1 1 1 1 1 1 1 1 1 1 1 1 1 1 1 1 1 1 1 1 1 1 1 1 1 1 1 1 1 1 1 1 1 1 1 1 1 1 1 1 1 1 1 1 3 3 3 3 5 0 100 7 100 100 100 100 100 100 100 100 100 7 100 100 100 100 7 100 100 100 7 100 100 7 100 7 100 100 100 100 7 100 7 7 100 100 7 7 7 7 7 100 100 7 100 100 1 1 1 1 1 1 1 1 1 1 1 1 1 1 1 1 1 1 1 1 1 1 1 1 1 1 1 1 1 1 1 1 1 1 1 1 1 1 1 1 1 1 1 1 1 1 1 1 1 1 1 1 1 1 1 1 1 1 1 1 1 1 1 1 1 1 1 1 1 1 1 1 12 12 12 12 12 12 12 12 12 12 12 12 12 12 12 12 12 12 12 12 12 12 12 12 12 12 12 12 12 12 12 12 12 12 12 12 12 12 12 12 12 12 12 12 12 12 12 12 12 12 12 12 12 12 12 12 12 12 12 12 12 12 12 12 12 12 12 12 12 12 12 12 12 9 9 9 9 9 9 9 9 9 9 9 9 9 9 10 10 10 10 10 10 10 10 10 10 10 10 10 10 10 10 10 10 10 10 10 10 10 10 10 10 10 10 10 10 10 10 10 10 10 10 10 10 10 10 10 10 10 10 10 10 10 10 10 10 10 10 10 11 11 11 11 11 11 11 11 11 11 11 11 11 11 1 1 1 1 1 1 1 1 1 1 1 1 1
ciInstanceKlass java/util/Map$Entry 1 0 155 8 8 8 8 8 8 8 8 8 8 8 1 1 1 1 1 1 1 1 1 1 1 1 1 1 1 1 1 1 1 1 1 1 1 1 1 1 1 1 1 1 1 1 1 1 1 1 1 1 1 1 1 1 1 1 1 1 1 1 1 1 1 1 1 1 1 1 1 1 1 3 3 100 100 100 100 100 100 100 100 100 100 100 100 100 1 1 1 1 1 1 1 1 1 1 1 12 12 12 12 12 12 12 12 12 12 12 12 12 12 12 12 12 12 12 12 12 12 12 10 10 10 10 10 10 10 10 10 10 10 10 10 10 11 11 11 11 11 11 11 11 15 15 15 15 15 16 16 18 18 18 18 1 1
ciInstanceKlass java/util/Iterator 1 1 45 8 1 1 1 1 1 1 1 1 1 1 1 1 1 1 1 1 1 1 1 1 1 1 1 100 100 7 7 7 1 1 1 1 12 12 12 12 12 10 10 11 11 11 1
instanceKlass com/sun/tools/javac/util/MandatoryWarningHandler$DeferredDiagnosticKind
instanceKlass com/sun/tools/javac/comp/Infer$BoundErrorKind
instanceKlass com/sun/tools/javac/tree/TreeInfo$PosKind
instanceKlass com/sun/tools/javac/comp/Resolve$SearchResultKind
instanceKlass com/sun/tools/javac/code/Attribute$RetentionPolicy
instanceKlass javax/lang/model/element/NestingKind
instanceKlass javax/lang/model/element/Modifier
instanceKlass com/sun/tools/javac/code/Kinds$KindName
instanceKlass com/sun/tools/javac/comp/LambdaToMethod$LambdaSymbolKind
instanceKlass com/sun/tools/javac/util/Bits$BitsState
instanceKlass com/sun/tools/javac/comp/Flow$FlowKind
instanceKlass com/sun/tools/javac/comp/Flow$BaseAnalyzer$JumpKind
instanceKlass com/sun/tools/javac/comp/Infer$IncorporationBinaryOpKind
instanceKlass com/sun/tools/javac/comp/Infer$InferenceStep
instanceKlass com/sun/tools/javac/comp/Infer$GraphInferenceSteps
instanceKlass com/sun/tools/javac/comp/Infer$DependencyKind
instanceKlass com/sun/tools/javac/code/Type$UndetVar$InferenceBound
instanceKlass com/sun/tools/javac/comp/Resolve$MethodCheckDiag
instanceKlass com/sun/tools/javac/comp/DeferredAttr$ArgumentExpressionKind
instanceKlass com/sun/tools/javac/util/Log$WriterKind
instanceKlass lombok/EqualsAndHashCode$CacheStrategy
instanceKlass lombok/core/handlers/HandlerUtil$JavadocTag
instanceKlass lombok/javac/handlers/JavacHandlerUtil$CopyJavadoc
instanceKlass lombok/core/handlers/HandlerUtil$FieldAccess
instanceKlass lombok/javac/handlers/HandleConstructor$SkipIfConstructorExists
instanceKlass lombok/AccessLevel
instanceKlass lombok/javac/handlers/JavacHandlerUtil$MemberExistsResult
instanceKlass lombok/delombok/LombokOptionsFactory$LombokOptionCompilerVersion
instanceKlass lombok/core/configuration/LogDeclaration$LogFactoryParameter
instanceKlass com/sun/tools/javac/tree/JCTree$JCMemberReference$OverloadKind
instanceKlass com/sun/tools/javac/tree/JCTree$JCMemberReference$ReferenceKind
instanceKlass com/sun/source/tree/LambdaExpressionTree$BodyKind
instanceKlass lombok/core/AST$Kind
instanceKlass lombok/core/configuration/CapitalizationStrategy
instanceKlass lombok/core/configuration/NullCheckExceptionType
instanceKlass lombok/core/configuration/CallSuperType
instanceKlass lombok/core/configuration/FlagUsageType
instanceKlass com/sun/tools/javac/code/TypeAnnotationPosition$TypePathEntryKind
instanceKlass com/sun/tools/javac/code/TypeAnnotations$AnnotationType
instanceKlass com/sun/source/tree/Tree$Kind
instanceKlass javax/lang/model/element/ElementKind
instanceKlass com/sun/tools/javac/comp/Resolve$InterfaceLookupPhase
instanceKlass com/sun/tools/javac/util/JCDiagnostic$DiagnosticType
instanceKlass com/sun/tools/javac/code/TargetType
instanceKlass com/sun/source/tree/MemberReferenceTree$ReferenceMode
instanceKlass com/sun/tools/javac/tree/JCTree$JCLambda$ParameterKind
instanceKlass com/sun/tools/javac/tree/JCTree$JCPolyExpression$PolyKind
instanceKlass com/sun/tools/javac/code/BoundKind
instanceKlass com/sun/tools/javac/parser/JavacParser$ParensResult
instanceKlass com/sun/tools/javac/parser/Tokens$Comment$CommentStyle
instanceKlass javax/lang/model/type/TypeKind
instanceKlass com/sun/tools/javac/util/RichDiagnosticFormatter$RichConfiguration$RichFormatterFeature
instanceKlass com/sun/tools/javac/util/RichDiagnosticFormatter$WhereClauseKind
instanceKlass com/sun/tools/javac/comp/CompileStates$CompileState
instanceKlass com/sun/tools/javac/main/JavaCompiler$ImplicitSourcePolicy
instanceKlass com/sun/tools/javac/jvm/Code$StackMapFormat
instanceKlass com/sun/tools/javac/parser/Tokens$Token$Tag
instanceKlass com/sun/tools/javac/parser/Tokens$TokenKind
instanceKlass com/sun/tools/javac/jvm/ClassFile$Version
instanceKlass com/sun/tools/javac/jvm/Profile
instanceKlass com/sun/tools/javac/comp/Resolve$VerboseResolutionMode
instanceKlass com/sun/tools/javac/comp/DeferredAttr$AttrMode
instanceKlass com/sun/tools/javac/tree/JCTree$Tag
instanceKlass com/sun/tools/javac/comp/Infer$IncorporationStep
instanceKlass com/sun/tools/javac/main/Option$PkgInfo
instanceKlass com/sun/tools/javac/comp/Resolve$MethodResolutionPhase
instanceKlass com/sun/tools/javac/code/TypeTag
instanceKlass com/sun/tools/javac/jvm/ClassReader$AttributeKind
instanceKlass com/sun/tools/javac/main/JavaCompiler$CompilePolicy
instanceKlass com/sun/tools/javac/code/Source
instanceKlass com/sun/tools/javac/jvm/Target
instanceKlass com/sun/tools/javac/util/BasicDiagnosticFormatter$BasicConfiguration$SourcePosition
instanceKlass com/sun/tools/javac/util/BasicDiagnosticFormatter$BasicConfiguration$BasicFormatKind
instanceKlass com/sun/tools/javac/api/DiagnosticFormatter$Configuration$MultilineLimit
instanceKlass com/sun/tools/javac/api/DiagnosticFormatter$Configuration$DiagnosticPart
instanceKlass com/sun/tools/javac/util/JCDiagnostic$DiagnosticFlag
instanceKlass javax/tools/StandardLocation
instanceKlass com/sun/tools/javac/code/Lint$LintCategory
instanceKlass com/sun/tools/javac/main/Option$ChoiceKind
instanceKlass com/sun/tools/javac/main/Option$OptionKind
instanceKlass com/sun/tools/javac/main/Option$OptionGroup
instanceKlass com/sun/tools/javac/main/Option
instanceKlass javax/tools/JavaFileObject$Kind
instanceKlass javax/tools/Diagnostic$Kind
instanceKlass javax/lang/model/SourceVersion
instanceKlass org/apache/maven/shared/utils/io/ScanConductor$ScanAction
instanceKlass org/codehaus/plexus/compiler/CompilerConfiguration$CompilerReuseStrategy
instanceKlass java/nio/file/StandardCopyOption
instanceKlass java/time/format/TextStyle
instanceKlass java/time/format/DateTimeFormatterBuilder$SettingsParser
instanceKlass java/time/format/ResolverStyle
instanceKlass java/time/format/SignStyle
instanceKlass java/time/temporal/IsoFields$Unit
instanceKlass java/time/temporal/IsoFields$Field
instanceKlass java/time/temporal/ChronoUnit
instanceKlass java/time/temporal/ChronoField
instanceKlass com/google/inject/internal/ErrorId
instanceKlass org/eclipse/sisu/space/GlobberStrategy
instanceKlass org/eclipse/aether/util/graph/transformer/ConflictResolver$Verbosity
instanceKlass org/apache/maven/plugin/MojoExecution$Source
instanceKlass java/util/stream/MatchOps$MatchKind
instanceKlass java/nio/file/AccessMode
instanceKlass org/eclipse/aether/RepositoryEvent$EventType
instanceKlass org/eclipse/aether/named/support/ReadWriteLockNamedLock$Step
instanceKlass org/apache/maven/project/ProjectBuildingRequest$RepositoryMerging
instanceKlass org/fusesource/jansi/Ansi$Attribute
instanceKlass org/fusesource/jansi/Ansi$Color
instanceKlass org/apache/maven/shared/utils/logging/Style
instanceKlass org/eclipse/sisu/inject/QualifyingStrategy
instanceKlass com/google/inject/internal/InjectorImpl$JitLimitation
instanceKlass org/eclipse/sisu/bean/DeclaredMembers$View
instanceKlass com/google/inject/internal/Initializer$InjectableReferenceState
instanceKlass com/google/common/collect/MapMakerInternalMap$Strength
instanceKlass org/apache/maven/settings/building/SettingsProblem$Severity
instanceKlass org/eclipse/aether/metadata/Metadata$Nature
instanceKlass org/apache/maven/model/building/ModelProblem$Version
instanceKlass org/apache/maven/building/Problem$Severity
instanceKlass org/apache/maven/plugin/internal/DefaultPluginValidationManager$ValidationReportLevel
instanceKlass org/apache/maven/plugin/PluginValidationManager$IssueLocality
instanceKlass org/apache/maven/classrealm/ClassRealmRequest$RealmType
instanceKlass org/apache/maven/model/building/ModelProblem$Severity
instanceKlass org/apache/maven/execution/ExecutionEvent$Type
instanceKlass org/apache/maven/artifact/ArtifactScopeEnum
instanceKlass com/google/inject/spi/InjectionPoint$Position
instanceKlass java/lang/annotation/ElementType
instanceKlass java/lang/annotation/RetentionPolicy
instanceKlass com/google/inject/internal/InternalFlags$ColorizeOption
instanceKlass com/google/inject/internal/InternalFlags$BytecodeGenOption
instanceKlass com/google/inject/internal/InternalFlags$NullableProvidesOption
instanceKlass com/google/inject/internal/InternalFlags$CustomClassLoadingOption
instanceKlass com/google/inject/internal/InternalFlags$IncludeStackTraceOption
instanceKlass com/google/inject/Key$NullAnnotationStrategy
instanceKlass sun/reflect/annotation/TypeAnnotation$TypeAnnotationTarget
instanceKlass com/google/common/cache/LocalCache$EntryFactory
instanceKlass com/google/common/cache/CacheBuilder$NullListener
instanceKlass com/google/common/cache/CacheBuilder$OneWeigher
instanceKlass com/google/common/cache/LocalCache$Strength
instanceKlass sun/util/logging/PlatformLogger$Level
instanceKlass com/google/inject/Stage
instanceKlass org/eclipse/sisu/space/BeanScanning
instanceKlass java/math/RoundingMode
instanceKlass sun/util/locale/provider/LocaleProviderAdapter$Type
instanceKlass java/util/stream/StreamShape
instanceKlass java/util/stream/Collector$Characteristics
instanceKlass java/util/stream/StreamOpFlag$Type
instanceKlass java/util/stream/StreamOpFlag
instanceKlass java/util/Locale$Category
instanceKlass org/slf4j/impl/OutputChoice$OutputChoiceType
instanceKlass java/nio/file/LinkOption
instanceKlass org/fusesource/jansi/AnsiColors
instanceKlass org/fusesource/jansi/AnsiMode
instanceKlass org/fusesource/jansi/AnsiType
instanceKlass java/util/concurrent/TimeUnit
instanceKlass java/lang/invoke/LambdaFormEditor$Transform$Kind
instanceKlass java/lang/invoke/MethodHandleImpl$Intrinsic
instanceKlass java/lang/invoke/LambdaForm$BasicType
instanceKlass sun/invoke/util/Wrapper
instanceKlass java/net/InetAddress$Cache$Type
instanceKlass sun/nio/fs/WindowsPathType
instanceKlass sun/launcher/LauncherHelper
instanceKlass java/io/File$PathStatus
ciInstanceKlass java/lang/Enum 1 1 119 8 8 8 8 7 1 1 1 1 1 1 1 1 1 1 1 1 1 1 1 1 1 1 1 1 1 1 1 1 1 1 1 1 1 1 1 1 1 1 1 1 1 1 1 1 1 1 1 1 1 1 1 1 1 1 1 1 1 1 1 100 100 100 100 7 100 100 100 100 100 100 7 100 7 1 1 1 1 1 1 1 1 1 1 12 12 12 12 12 12 12 12 12 12 12 12 12 12 9 9 10 10 10 10 10 10 10 10 10 10 10 10 10 10 10 10 11 1
ciInstanceKlass sun/misc/JavaLangAccess 1 0 46 1 1 1 1 1 1 1 1 1 1 1 1 1 1 1 1 1 1 1 1 1 100 100 100 1 1 1 1 1 1 1 1 1 1 1 1 1 1 1 1 1 1 1 1 1
ciInstanceKlass java/lang/System$2 1 1 116 1 1 1 1 1 1 1 1 1 1 1 1 1 1 1 1 1 1 1 1 1 1 1 1 1 1 1 1 1 1 1 1 1 1 1 1 1 1 1 1 1 1 1 7 7 7 100 100 100 100 7 100 100 1 1 1 1 1 1 1 1 1 1 1 1 1 1 1 1 1 1 1 1 1 1 1 1 1 1 1 1 12 12 12 12 12 12 12 12 12 12 12 12 12 12 12 12 12 10 10 10 10 10 10 10 10 10 10 10 10 10 10 10 10 1
ciInstanceKlass java/lang/NoSuchMethodException 1 1 21 1 1 1 1 1 1 1 1 1 1 1 5 0 100 7 12 12 10 10 1
ciInstanceKlass java/lang/reflect/InvocationTargetException 0 0 32 1 1 1 1 1 1 1 1 1 1 1 1 1 1 1 5 0 100 100 100 1 1 1 1 12 12 12 9 10 10 1
ciInstanceKlass java/lang/IllegalAccessException 0 0 21 1 1 1 1 1 1 1 1 1 1 1 5 0 100 100 12 12 10 10 1
instanceKlass java/nio/channels/OverlappingFileLockException
instanceKlass org/apache/http/conn/ssl/SSLInitializationException
instanceKlass java/util/concurrent/CancellationException
ciInstanceKlass java/lang/IllegalStateException 0 0 27 1 1 1 1 1 1 1 1 1 1 1 1 5 0 100 100 1 12 12 12 12 10 10 10 10 1
ciInstanceKlass sun/reflect/DelegatingMethodAccessorImpl 1 1 30 1 1 1 1 1 1 1 1 1 1 1 1 1 1 100 100 7 7 1 1 12 12 12 12 9 10 10 10 1
instanceKlass com/sun/tools/javac/comp/Todo
instanceKlass com/sun/tools/javac/util/ListBuffer
instanceKlass java/util/concurrent/ArrayBlockingQueue
instanceKlass java/util/concurrent/ConcurrentLinkedQueue
instanceKlass com/google/common/cache/LocalCache$2
instanceKlass java/util/concurrent/LinkedBlockingQueue
ciInstanceKlass java/util/AbstractQueue 1 1 90 8 1 1 1 1 1 1 1 1 1 1 1 1 1 1 1 1 1 1 1 1 1 1 1 1 1 1 1 1 1 1 1 1 1 1 1 100 100 100 100 7 7 100 100 100 100 1 1 1 1 12 12 12 12 12 12 12 12 12 10 10 10 10 10 10 10 10 10 11 11 11 1 1 100 1 8 1 1 12 10 1 1 1 8 1 1 8 1 1
ciInstanceKlass java/util/EnumMap 1 1 320 8 8 1 1 1 1 1 1 1 1 1 1 1 1 1 1 1 1 1 1 1 1 1 1 1 1 1 1 1 1 1 1 1 1 1 1 1 1 1 1 1 1 1 1 1 1 1 1 1 1 1 1 1 1 1 1 1 1 1 1 1 1 1 1 1 1 1 1 1 1 1 1 1 1 1 1 1 1 1 1 1 1 1 1 1 1 1 1 1 1 1 1 1 1 1 1 1 1 1 1 1 1 1 1 1 1 1 1 1 1 1 1 1 1 1 1 1 1 1 1 1 1 1 5 0 100 100 100 100 100 100 7 100 100 100 100 7 100 7 100 7 100 100 7 7 100 7 100 100 100 100 100 100 100 100 100 7 7 1 1 1 1 1 1 1 1 1 1 1 1 1 1 1 1 1 1 1 1 1 1 1 1 1 1 1 1 1 1 1 1 1 1 1 1 1 1 1 1 1 1 1 12 12 12 12 12 12 12 12 12 12 12 12 12 12 12 12 12 12 12 12 12 12 12 12 12 12 12 12 12 12 12 12 12 12 12 12 12 12 12 12 12 12 12 12 12 12 12 12 12 12 9 9 9 9 9 9 9 9 9 10 10 10 10 10 10 10 10 10 10 10 10 10 10 10 10 10 10 10 10 10 10 10 10 10 10 10 10 10 10 10 10 10 10 10 10 10 10 10 10 10 10 10 11 11 11 11 11 11 11 11 1 1 1 1 1 1 1 1
staticfield java/util/EnumMap NULL Ljava/lang/Object; java/util/EnumMap$1
staticfield java/util/EnumMap ZERO_LENGTH_ENUM_ARRAY [Ljava/lang/Enum; 0 [Ljava/lang/Enum;
ciInstanceKlass java/util/EnumMap$1 1 1 23 8 1 1 1 1 1 1 1 1 1 1 1 1 1 1 1 7 100 100 12 10 1
ciInstanceKlass java/lang/Class$4 1 1 44 1 1 1 1 1 1 1 1 1 1 1 1 1 1 1 1 1 1 1 1 1 1 100 7 7 7 100 1 1 1 1 12 12 12 12 12 12 9 9 10 10 10 1
instanceKlass java/util/JumboEnumSet
instanceKlass java/util/RegularEnumSet
ciInstanceKlass java/util/EnumSet 1 1 211 8 8 8 8 8 1 1 1 1 1 1 1 1 1 1 1 1 1 1 1 1 1 1 1 1 1 1 1 1 1 1 1 1 1 1 1 1 1 1 1 1 1 1 1 1 1 1 1 1 1 1 1 1 1 1 1 1 1 1 1 1 1 1 1 1 1 1 1 1 1 1 1 1 1 1 1 1 1 1 1 1 1 100 100 100 100 7 100 100 100 7 100 7 100 7 7 7 100 7 7 7 7 7 1 1 1 1 1 1 1 1 1 1 1 1 1 1 1 1 1 1 1 1 1 1 1 1 1 1 1 1 1 1 1 1 1 1 1 1 1 1 1 12 12 12 12 12 12 12 12 12 12 12 12 12 12 12 12 12 12 12 12 12 12 12 12 12 12 12 12 12 12 12 9 9 9 10 10 10 10 10 10 10 10 10 10 10 10 10 10 10 10 10 10 10 10 10 10 10 10 10 10 10 11 11 11 11 11 1 1
ciInstanceKlass java/util/RegularEnumSet 1 1 135 8 1 1 1 1 1 1 1 1 1 1 1 1 1 1 1 1 1 1 1 1 1 1 1 1 1 1 1 1 1 1 1 1 1 1 1 1 1 1 1 1 1 1 1 1 1 1 1 1 1 1 1 1 1 1 1 1 1 5 0 5 0 100 100 7 7 7 100 7 7 7 1 1 1 1 1 1 1 1 1 1 1 1 1 1 1 1 1 12 12 12 12 12 12 12 12 12 12 12 12 12 12 12 12 12 12 12 12 12 12 9 9 9 10 10 10 10 10 10 10 10 10 10 10 10 10 10 10 10 10 10 10 1 1
ciInstanceKlass java/util/NoSuchElementException 1 1 21 1 1 1 1 1 1 1 1 1 1 1 5 0 7 100 12 12 10 10 1
ciInstanceKlass org/apache/maven/model/building/ModelProblem$Severity 1 1 59 7 1 9 12 1 1 9 12 1 9 12 1 9 12 1 1 10 7 12 1 1 10 7 12 1 1 1 10 12 1 1 8 10 8 8 10 12 1 1 1 1 1 1 1 1 1 1 1 1 1 1 1 1 1 1 100 1 1
staticfield org/apache/maven/model/building/ModelProblem$Severity FATAL Lorg/apache/maven/model/building/ModelProblem$Severity; org/apache/maven/model/building/ModelProblem$Severity
staticfield org/apache/maven/model/building/ModelProblem$Severity ERROR Lorg/apache/maven/model/building/ModelProblem$Severity; org/apache/maven/model/building/ModelProblem$Severity
staticfield org/apache/maven/model/building/ModelProblem$Severity WARNING Lorg/apache/maven/model/building/ModelProblem$Severity; org/apache/maven/model/building/ModelProblem$Severity
staticfield org/apache/maven/model/building/ModelProblem$Severity $VALUES [Lorg/apache/maven/model/building/ModelProblem$Severity; 3 [Lorg/apache/maven/model/building/ModelProblem$Severity;
ciInstanceKlass java/util/JumboEnumSet 1 1 166 8 1 1 1 1 1 1 1 1 1 1 1 1 1 1 1 1 1 1 1 1 1 1 1 1 1 1 1 1 1 1 1 1 1 1 1 1 1 1 1 1 1 1 1 1 1 1 1 1 1 1 1 1 1 1 1 1 1 1 1 1 1 1 1 1 1 1 1 1 5 0 5 0 100 100 100 100 7 100 7 100 100 7 7 100 1 1 1 1 1 1 1 1 1 1 1 1 1 1 1 1 1 1 1 12 12 12 12 12 12 12 12 12 12 12 12 12 12 12 12 12 12 12 12 12 12 12 12 12 12 12 12 12 9 9 9 9 10 10 10 10 10 10 10 10 10 10 10 10 10 10 10 10 10 10 10 10 10 10 10 10 10 10 1 1
instanceKlass com/sun/tools/javac/main/Option$27
instanceKlass com/sun/tools/javac/main/Option$26
instanceKlass com/sun/tools/javac/main/Option$25
instanceKlass com/sun/tools/javac/main/Option$24
instanceKlass com/sun/tools/javac/main/Option$23
instanceKlass com/sun/tools/javac/main/Option$22
instanceKlass com/sun/tools/javac/main/Option$21
instanceKlass com/sun/tools/javac/main/Option$20
instanceKlass com/sun/tools/javac/main/Option$19
instanceKlass com/sun/tools/javac/main/Option$18
instanceKlass com/sun/tools/javac/main/Option$17
instanceKlass com/sun/tools/javac/main/Option$16
instanceKlass com/sun/tools/javac/main/Option$15
instanceKlass com/sun/tools/javac/main/Option$14
instanceKlass com/sun/tools/javac/main/Option$13
instanceKlass com/sun/tools/javac/main/Option$12
instanceKlass com/sun/tools/javac/main/Option$11
instanceKlass com/sun/tools/javac/main/Option$10
instanceKlass com/sun/tools/javac/main/Option$9
instanceKlass com/sun/tools/javac/main/Option$8
instanceKlass com/sun/tools/javac/main/Option$7
instanceKlass com/sun/tools/javac/main/Option$6
instanceKlass com/sun/tools/javac/main/Option$5
instanceKlass com/sun/tools/javac/main/Option$4
instanceKlass com/sun/tools/javac/main/Option$3
instanceKlass com/sun/tools/javac/main/Option$2
instanceKlass com/sun/tools/javac/main/Option$1
ciInstanceKlass com/sun/tools/javac/main/Option 1 1 942 8 8 8 8 8 8 8 8 8 8 8 8 8 8 8 8 8 8 8 8 8 8 8 8 8 8 8 8 8 8 8 8 8 8 8 8 8 8 8 8 8 8 8 8 8 8 8 8 8 8 8 8 8 8 8 8 8 8 8 8 8 8 8 8 8 8 8 8 8 8 8 8 8 8 8 8 8 8 8 8 8 8 8 8 8 8 8 8 8 8 8 8 8 8 8 8 8 8 8 8 8 8 8 8 8 8 8 8 8 8 8 8 8 8 8 8 8 8 8 8 7 1 1 1 1 1 1 1 1 1 1 1 1 1 1 1 1 1 1 1 1 1 1 1 1 1 1 1 1 1 1 1 1 1 1 1 1 1 1 1 1 1 1 1 1 1 1 1 1 1 1 1 1 1 1 1 1 1 1 1 1 1 1 1 1 1 1 1 1 1 1 1 1 1 1 1 1 1 1 1 1 1 1 1 1 1 1 1 1 1 1 1 1 1 1 1 1 1 1 1 1 1 1 1 1 1 1 1 1 1 1 1 1 1 1 1 1 1 1 1 1 1 1 1 1 1 1 1 1 1 1 1 1 1 1 1 1 1 1 1 1 1 1 1 1 1 1 1 1 1 1 1 1 1 1 1 1 1 1 1 1 1 1 1 1 1 1 1 1 1 1 1 1 1 1 1 1 1 1 1 1 1 1 1 1 1 1 1 1 1 1 1 1 1 1 1 1 1 1 1 1 1 1 1 1 1 1 1 1 1 1 1 1 1 1 1 1 1 1 1 1 1 1 1 1 1 1 1 1 1 1 1 1 1 1 1 1 1 1 1 1 1 1 1 1 1 1 1 1 1 1 1 1 1 1 1 1 1 1 1 1 1 1 1 1 1 1 1 1 1 1 1 1 1 1 1 1 1 1 1 1 1 1 1 1 1 1 1 1 1 1 1 1 1 1 1 1 1 1 1 1 1 1 1 1 1 1 1 1 1 1 1 1 1 1 1 1 1 1 1 1 1 1 1 1 1 1 1 1 1 1 1 8 8 8 8 8 8 8 8 8 8 8 8 8 8 8 8 8 8 8 8 8 8 8 8 8 8 8 8 8 8 8 8 8 8 8 8 8 8 8 8 8 8 8 8 8 8 8 8 8 8 8 8 8 8 8 8 8 8 8 8 8 8 8 8 8 8 8 8 8 8 8 8 8 8 8 8 8 8 8 8 8 100 7 100 100 7 7 7 7 7 7 7 7 7 7 7 7 7 7 7 7 7 7 7 7 7 7 7 7 7 7 7 7 7 7 7 100 7 100 100 100 7 7 100 7 7 7 7 100 7 7 100 7 1 1 1 1 1 1 1 1 1 1 1 1 1 1 1 1 1 1 1 1 1 1 1 1 1 1 1 1 1 1 1 1 1 1 1 1 1 1 1 1 1 1 1 1 1 1 1 1 1 1 1 1 1 1 1 1 1 1 1 1 1 12 12 12 12 12 12 12 12 12 12 12 12 12 12 12 12 12 12 12 12 12 12 12 12 12 12 12 12 12 12 12 12 12 12 12 12 12 12 12 12 12 12 12 12 12 12 12 12 12 12 12 12 12 12 12 12 12 12 12 12 12 12 12 12 12 12 12 12 12 12 12 12 12 12 12 12 12 12 12 12 12 12 12 12 12 12 12 12 12 12 12 12 12 12 12 12 12 12 12 12 12 12 12 12 12 12 12 12 12 12 12 12 12 12 12 12 12 12 12 12 12 12 12 12 12 12 12 12 12 9 9 9 9 9 9 9 9 9 9 9 9 9 9 9 9 9 9 9 9 9 9 9 9 9 9 9 9 9 9 9 9 9 9 9 9 9 9 9 9 9 9 9 9 9 9 9 9 9 9 9 9 9 9 9 9 9 9 9 9 9 9 9 9 9 9 9 9 9 9 9 9 9 9 9 9 9 9 9 9 9 9 10 10 10 10 10 10 10 10 10 10 10 10 10 10 10 10 10 10 10 10 10 10 10 10 10 10 10 10 10 10 10 10 10 10 10 10 10 10 10 10 10 10 10 10 10 10 10 10 10 10 10 10 10 10 10 10 10 10 10 10 10 10 10 10 10 11 11 11 11 11 11 11 11 11 11 1 1 1 1 1 1 1 1 1
staticfield com/sun/tools/javac/main/Option G Lcom/sun/tools/javac/main/Option; com/sun/tools/javac/main/Option
staticfield com/sun/tools/javac/main/Option G_NONE Lcom/sun/tools/javac/main/Option; com/sun/tools/javac/main/Option$1
staticfield com/sun/tools/javac/main/Option G_CUSTOM Lcom/sun/tools/javac/main/Option; com/sun/tools/javac/main/Option
staticfield com/sun/tools/javac/main/Option XLINT Lcom/sun/tools/javac/main/Option; com/sun/tools/javac/main/Option
staticfield com/sun/tools/javac/main/Option XLINT_CUSTOM Lcom/sun/tools/javac/main/Option; com/sun/tools/javac/main/Option
staticfield com/sun/tools/javac/main/Option XDOCLINT Lcom/sun/tools/javac/main/Option; com/sun/tools/javac/main/Option
staticfield com/sun/tools/javac/main/Option XDOCLINT_CUSTOM Lcom/sun/tools/javac/main/Option; com/sun/tools/javac/main/Option$2
staticfield com/sun/tools/javac/main/Option NOWARN Lcom/sun/tools/javac/main/Option; com/sun/tools/javac/main/Option$3
staticfield com/sun/tools/javac/main/Option VERBOSE Lcom/sun/tools/javac/main/Option; com/sun/tools/javac/main/Option
staticfield com/sun/tools/javac/main/Option DEPRECATION Lcom/sun/tools/javac/main/Option; com/sun/tools/javac/main/Option$4
staticfield com/sun/tools/javac/main/Option CLASSPATH Lcom/sun/tools/javac/main/Option; com/sun/tools/javac/main/Option
staticfield com/sun/tools/javac/main/Option CP Lcom/sun/tools/javac/main/Option; com/sun/tools/javac/main/Option$5
staticfield com/sun/tools/javac/main/Option SOURCEPATH Lcom/sun/tools/javac/main/Option; com/sun/tools/javac/main/Option
staticfield com/sun/tools/javac/main/Option BOOTCLASSPATH Lcom/sun/tools/javac/main/Option; com/sun/tools/javac/main/Option$6
staticfield com/sun/tools/javac/main/Option XBOOTCLASSPATH_PREPEND Lcom/sun/tools/javac/main/Option; com/sun/tools/javac/main/Option
staticfield com/sun/tools/javac/main/Option XBOOTCLASSPATH_APPEND Lcom/sun/tools/javac/main/Option; com/sun/tools/javac/main/Option
staticfield com/sun/tools/javac/main/Option XBOOTCLASSPATH Lcom/sun/tools/javac/main/Option; com/sun/tools/javac/main/Option$7
staticfield com/sun/tools/javac/main/Option EXTDIRS Lcom/sun/tools/javac/main/Option; com/sun/tools/javac/main/Option
staticfield com/sun/tools/javac/main/Option DJAVA_EXT_DIRS Lcom/sun/tools/javac/main/Option; com/sun/tools/javac/main/Option$8
staticfield com/sun/tools/javac/main/Option ENDORSEDDIRS Lcom/sun/tools/javac/main/Option; com/sun/tools/javac/main/Option
staticfield com/sun/tools/javac/main/Option DJAVA_ENDORSED_DIRS Lcom/sun/tools/javac/main/Option; com/sun/tools/javac/main/Option$9
staticfield com/sun/tools/javac/main/Option PROC Lcom/sun/tools/javac/main/Option; com/sun/tools/javac/main/Option
staticfield com/sun/tools/javac/main/Option PROCESSOR Lcom/sun/tools/javac/main/Option; com/sun/tools/javac/main/Option
staticfield com/sun/tools/javac/main/Option PROCESSORPATH Lcom/sun/tools/javac/main/Option; com/sun/tools/javac/main/Option
staticfield com/sun/tools/javac/main/Option PARAMETERS Lcom/sun/tools/javac/main/Option; com/sun/tools/javac/main/Option
staticfield com/sun/tools/javac/main/Option D Lcom/sun/tools/javac/main/Option; com/sun/tools/javac/main/Option
staticfield com/sun/tools/javac/main/Option S Lcom/sun/tools/javac/main/Option; com/sun/tools/javac/main/Option
staticfield com/sun/tools/javac/main/Option H Lcom/sun/tools/javac/main/Option; com/sun/tools/javac/main/Option
staticfield com/sun/tools/javac/main/Option IMPLICIT Lcom/sun/tools/javac/main/Option; com/sun/tools/javac/main/Option
staticfield com/sun/tools/javac/main/Option ENCODING Lcom/sun/tools/javac/main/Option; com/sun/tools/javac/main/Option$10
staticfield com/sun/tools/javac/main/Option SOURCE Lcom/sun/tools/javac/main/Option; com/sun/tools/javac/main/Option$11
staticfield com/sun/tools/javac/main/Option TARGET Lcom/sun/tools/javac/main/Option; com/sun/tools/javac/main/Option$12
staticfield com/sun/tools/javac/main/Option PROFILE Lcom/sun/tools/javac/main/Option; com/sun/tools/javac/main/Option$13
staticfield com/sun/tools/javac/main/Option VERSION Lcom/sun/tools/javac/main/Option; com/sun/tools/javac/main/Option$14
staticfield com/sun/tools/javac/main/Option FULLVERSION Lcom/sun/tools/javac/main/Option; com/sun/tools/javac/main/Option$15
staticfield com/sun/tools/javac/main/Option DIAGS Lcom/sun/tools/javac/main/Option; com/sun/tools/javac/main/Option$16
staticfield com/sun/tools/javac/main/Option HELP Lcom/sun/tools/javac/main/Option; com/sun/tools/javac/main/Option$17
staticfield com/sun/tools/javac/main/Option A Lcom/sun/tools/javac/main/Option; com/sun/tools/javac/main/Option$18
staticfield com/sun/tools/javac/main/Option X Lcom/sun/tools/javac/main/Option; com/sun/tools/javac/main/Option$19
staticfield com/sun/tools/javac/main/Option J Lcom/sun/tools/javac/main/Option; com/sun/tools/javac/main/Option$20
staticfield com/sun/tools/javac/main/Option MOREINFO Lcom/sun/tools/javac/main/Option; com/sun/tools/javac/main/Option$21
staticfield com/sun/tools/javac/main/Option WERROR Lcom/sun/tools/javac/main/Option; com/sun/tools/javac/main/Option
staticfield com/sun/tools/javac/main/Option PROMPT Lcom/sun/tools/javac/main/Option; com/sun/tools/javac/main/Option
staticfield com/sun/tools/javac/main/Option DOE Lcom/sun/tools/javac/main/Option; com/sun/tools/javac/main/Option
staticfield com/sun/tools/javac/main/Option PRINTSOURCE Lcom/sun/tools/javac/main/Option; com/sun/tools/javac/main/Option
staticfield com/sun/tools/javac/main/Option WARNUNCHECKED Lcom/sun/tools/javac/main/Option; com/sun/tools/javac/main/Option$22
staticfield com/sun/tools/javac/main/Option XMAXERRS Lcom/sun/tools/javac/main/Option; com/sun/tools/javac/main/Option
staticfield com/sun/tools/javac/main/Option XMAXWARNS Lcom/sun/tools/javac/main/Option; com/sun/tools/javac/main/Option
staticfield com/sun/tools/javac/main/Option XSTDOUT Lcom/sun/tools/javac/main/Option; com/sun/tools/javac/main/Option$23
staticfield com/sun/tools/javac/main/Option XPRINT Lcom/sun/tools/javac/main/Option; com/sun/tools/javac/main/Option
staticfield com/sun/tools/javac/main/Option XPRINTROUNDS Lcom/sun/tools/javac/main/Option; com/sun/tools/javac/main/Option
staticfield com/sun/tools/javac/main/Option XPRINTPROCESSORINFO Lcom/sun/tools/javac/main/Option; com/sun/tools/javac/main/Option
staticfield com/sun/tools/javac/main/Option XPREFER Lcom/sun/tools/javac/main/Option; com/sun/tools/javac/main/Option
staticfield com/sun/tools/javac/main/Option XPKGINFO Lcom/sun/tools/javac/main/Option; com/sun/tools/javac/main/Option
staticfield com/sun/tools/javac/main/Option O Lcom/sun/tools/javac/main/Option; com/sun/tools/javac/main/Option
staticfield com/sun/tools/javac/main/Option XJCOV Lcom/sun/tools/javac/main/Option; com/sun/tools/javac/main/Option
staticfield com/sun/tools/javac/main/Option PLUGIN Lcom/sun/tools/javac/main/Option; com/sun/tools/javac/main/Option$24
staticfield com/sun/tools/javac/main/Option XDIAGS Lcom/sun/tools/javac/main/Option; com/sun/tools/javac/main/Option
staticfield com/sun/tools/javac/main/Option XD Lcom/sun/tools/javac/main/Option; com/sun/tools/javac/main/Option$25
staticfield com/sun/tools/javac/main/Option AT Lcom/sun/tools/javac/main/Option; com/sun/tools/javac/main/Option$26
staticfield com/sun/tools/javac/main/Option SOURCEFILE Lcom/sun/tools/javac/main/Option; com/sun/tools/javac/main/Option$27
staticfield com/sun/tools/javac/main/Option $VALUES [Lcom/sun/tools/javac/main/Option; 61 [Lcom/sun/tools/javac/main/Option;
ciInstanceKlass com/sun/tools/javac/main/Option$OptionGroup 1 1 55 8 8 8 8 7 1 1 1 1 1 1 1 1 1 1 1 1 1 1 1 1 1 1 1 1 7 100 7 1 1 1 1 1 1 1 12 12 12 12 12 12 12 12 9 9 9 9 9 10 10 10 10 1 1
staticfield com/sun/tools/javac/main/Option$OptionGroup BASIC Lcom/sun/tools/javac/main/Option$OptionGroup; com/sun/tools/javac/main/Option$OptionGroup
staticfield com/sun/tools/javac/main/Option$OptionGroup FILEMANAGER Lcom/sun/tools/javac/main/Option$OptionGroup; com/sun/tools/javac/main/Option$OptionGroup
staticfield com/sun/tools/javac/main/Option$OptionGroup INFO Lcom/sun/tools/javac/main/Option$OptionGroup; com/sun/tools/javac/main/Option$OptionGroup
staticfield com/sun/tools/javac/main/Option$OptionGroup OPERAND Lcom/sun/tools/javac/main/Option$OptionGroup; com/sun/tools/javac/main/Option$OptionGroup
staticfield com/sun/tools/javac/main/Option$OptionGroup $VALUES [Lcom/sun/tools/javac/main/Option$OptionGroup; 4 [Lcom/sun/tools/javac/main/Option$OptionGroup;
instanceKlass com/sun/tools/javac/util/List$1
ciInstanceKlass com/sun/tools/javac/util/List 1 1 308 8 8 8 8 1 1 1 1 1 1 1 1 1 1 1 1 1 1 1 1 1 1 1 1 1 1 1 1 1 1 1 1 1 1 1 1 1 1 1 1 1 1 1 1 1 1 1 1 1 1 1 1 1 1 1 1 1 1 1 1 1 1 1 1 1 1 1 1 1 1 1 1 1 1 1 1 1 1 1 1 1 1 1 1 1 1 1 1 1 1 1 1 1 1 1 1 1 1 1 1 1 100 7 7 7 7 7 7 100 100 100 7 7 100 100 100 100 7 100 100 100 7 100 1 1 1 1 1 1 1 1 1 1 1 1 1 1 1 1 1 1 1 1 1 1 1 1 1 1 1 1 1 1 1 1 1 1 1 1 1 1 1 1 1 1 1 1 1 1 1 1 1 1 1 1 1 1 1 1 1 1 1 1 1 1 1 1 1 1 1 1 1 1 1 1 1 1 12 12 12 12 12 12 12 12 12 12 12 12 12 12 12 12 12 12 12 12 12 12 12 12 12 12 12 12 12 12 12 12 12 12 12 12 12 12 12 12 12 12 12 12 12 12 12 12 12 12 9 9 9 9 10 10 10 10 10 10 10 10 10 10 10 10 10 10 10 10 10 10 10 10 10 10 10 10 10 10 10 10 10 10 10 10 10 10 10 10 10 10 10 10 10 10 10 10 10 10 10 10 11 11 11 11 11 11 11 1
staticfield com/sun/tools/javac/util/List EMPTY_LIST Lcom/sun/tools/javac/util/List; com/sun/tools/javac/util/List$1
staticfield com/sun/tools/javac/util/List EMPTYITERATOR Ljava/util/Iterator; com/sun/tools/javac/util/List$2
ciInstanceKlass com/sun/tools/javac/util/List$1 1 1 27 1 1 1 1 1 1 1 1 1 1 1 1 1 1 7 100 100 1 1 1 1 12 12 10 10 1
ciInstanceKlass com/sun/tools/javac/util/List$2 1 1 32 1 1 1 1 1 1 1 1 1 1 1 1 1 1 1 1 1 1 100 100 7 100 100 100 1 1 12 10 10 10 1
ciInstanceKlass com/sun/tools/javac/util/List$3 1 1 53 1 1 1 1 1 1 1 1 1 1 1 1 1 1 1 1 1 1 1 1 1 1 1 1 1 7 7 7 100 100 100 1 1 1 1 1 1 1 12 12 12 12 12 12 9 9 9 9 10 10 10 1
ciInstanceKlass com/sun/tools/javac/code/Type$Visitor 1 0 82 1 1 1 1 1 1 1 1 1 1 1 1 1 1 1 1 1 1 1 1 1 1 1 1 1 1 1 1 1 1 1 1 1 100 100 100 100 100 100 100 100 100 100 100 100 100 100 1 1 1 1 1 1 1 1 1 1 1 1 1 1 1 1 1 1 1 1 1 1 1 1 1 1 1 1 1 1 1 1 1 1
instanceKlass com/sun/tools/javac/code/Type
instanceKlass com/sun/tools/javac/code/Symbol
ciInstanceKlass com/sun/tools/javac/code/AnnoConstruct 1 1 263 8 8 8 7 100 1 1 1 1 1 1 1 1 1 1 1 1 1 1 1 1 1 1 1 1 1 1 1 1 1 1 1 1 1 1 1 1 1 1 1 1 1 1 1 1 1 1 1 1 1 1 1 1 1 1 1 1 1 1 1 1 1 1 1 1 1 1 1 1 1 1 1 1 1 1 1 1 1 1 1 1 1 1 1 1 1 1 1 1 1 1 1 1 1 100 100 100 7 100 100 100 100 100 100 100 100 100 100 100 100 7 100 100 100 100 100 100 7 100 100 100 100 100 7 100 100 1 1 1 1 1 1 1 1 1 1 1 1 1 1 1 1 1 1 1 1 1 1 1 1 1 1 1 1 1 1 1 1 1 1 1 1 1 1 1 1 1 1 12 12 12 12 12 12 12 12 12 12 12 12 12 12 12 12 12 12 12 12 12 12 12 12 12 12 12 12 12 12 12 12 12 12 12 12 12 12 12 12 12 12 12 9 9 9 9 9 9 9 9 9 10 10 10 10 10 10 10 10 10 10 10 10 10 10 10 10 10 10 10 10 10 10 10 10 10 10 10 10 10 10 10 10 10 10 10 10 11 11 1 1 1 1
staticfield com/sun/tools/javac/code/AnnoConstruct REPEATABLE_CLASS Ljava/lang/Class; java/lang/Class
staticfield com/sun/tools/javac/code/AnnoConstruct VALUE_ELEMENT_METHOD Ljava/lang/reflect/Method; java/lang/reflect/Method
instanceKlass com/sun/tools/javac/code/Symbol$DelegatedSymbol
instanceKlass com/sun/tools/javac/comp/Resolve$ResolveError
instanceKlass com/sun/tools/javac/code/Symbol$MethodSymbol
instanceKlass com/sun/tools/javac/code/Symbol$VarSymbol
instanceKlass com/sun/tools/javac/code/Symbol$TypeSymbol
ciInstanceKlass com/sun/tools/javac/code/Symbol 1 1 505 8 8 1 1 1 1 1 1 1 1 1 1 1 1 1 1 1 1 1 1 1 1 1 1 1 1 1 1 1 1 1 1 1 1 1 1 1 1 1 1 1 1 1 1 1 1 1 1 1 1 1 1 1 1 1 1 1 1 1 1 1 1 1 1 1 1 1 1 1 1 1 1 1 1 1 1 1 1 1 1 1 1 1 1 1 1 1 1 1 1 1 1 1 1 1 1 1 1 1 1 1 1 1 1 1 1 1 1 1 1 1 1 1 1 1 1 1 1 1 1 1 1 1 1 1 1 1 1 1 1 1 1 1 1 1 1 1 1 1 1 1 1 1 1 1 1 1 1 1 1 1 1 1 1 1 1 1 1 1 1 1 1 1 1 1 1 1 1 1 1 1 5 0 5 0 5 0 5 0 5 0 5 0 5 0 5 0 5 0 7 100 7 100 100 7 7 7 7 7 100 100 100 100 100 7 7 7 100 100 7 7 100 7 7 100 100 7 7 7 7 7 7 100 100 7 100 7 1 1 1 1 1 1 1 1 1 1 1 1 1 1 1 1 1 1 1 1 1 1 1 1 1 1 1 1 1 1 1 1 1 1 1 1 1 1 1 1 1 1 1 1 1 1 1 1 1 1 1 1 1 1 1 1 1 1 1 1 1 1 1 1 1 1 1 1 1 1 1 12 12 12 12 12 12 12 12 12 12 12 12 12 12 12 12 12 12 12 12 12 12 12 12 12 12 12 12 12 12 12 12 12 12 12 12 12 12 12 12 12 12 12 12 12 12 12 12 12 12 12 12 12 12 12 12 12 12 12 12 12 12 12 12 12 12 12 12 12 12 12 12 12 12 12 12 12 12 12 12 12 12 12 12 12 12 12 12 12 12 12 9 9 9 9 9 9 9 9 9 9 9 9 9 9 9 9 9 9 9 9 9 10 10 10 10 10 10 10 10 10 10 10 10 10 10 10 10 10 10 10 10 10 10 10 10 10 10 10 10 10 10 10 10 10 10 10 10 10 10 10 10 10 10 10 10 10 10 10 10 10 10 10 10 10 10 10 10 10 10 10 10 10 10 10 10 10 10 10 10 10 10 10 10 10 11 11 11 11 1 1 1 1 1 1 1 1 1 1 1 1 1 1 1 1 1
instanceKlass com/sun/tools/javac/code/Symbol$TypeVariableSymbol
instanceKlass com/sun/tools/javac/code/Symtab$4
instanceKlass com/sun/tools/javac/code/Symbol$PackageSymbol
instanceKlass com/sun/tools/javac/code/Symbol$ClassSymbol
ciInstanceKlass com/sun/tools/javac/code/Symbol$TypeSymbol 1 1 165 1 1 1 1 1 1 1 1 1 1 1 1 1 1 1 1 1 1 1 1 1 1 1 1 1 1 1 1 1 1 1 1 1 1 1 1 1 1 1 1 1 1 1 1 1 1 1 1 1 1 1 1 1 1 1 5 0 7 7 7 7 100 7 7 7 7 7 7 7 1 1 1 1 1 1 1 1 1 1 1 1 1 1 1 1 1 1 1 1 1 1 1 1 1 1 1 1 1 1 12 12 12 12 12 12 12 12 12 12 12 12 12 12 12 12 12 12 12 12 12 12 12 12 12 12 12 12 12 9 9 9 9 9 9 9 9 9 9 9 9 9 10 10 10 10 10 10 10 10 10 10 10 10 10 10 10 10 10 10 11 1 1 1 1
instanceKlass lombok/javac/Javac$JCNoType
instanceKlass com/sun/tools/javac/comp/DeferredAttr$DeferredType
instanceKlass com/sun/tools/javac/code/Type$PackageType
instanceKlass com/sun/tools/javac/code/Type$UnknownType
instanceKlass com/sun/tools/javac/code/Type$BottomType
instanceKlass com/sun/tools/javac/code/Type$DelegatedType
instanceKlass com/sun/tools/javac/code/Type$JCVoidType
instanceKlass com/sun/tools/javac/code/Type$JCPrimitiveType
instanceKlass com/sun/tools/javac/code/Type$MethodType
instanceKlass com/sun/tools/javac/code/Type$JCNoType
instanceKlass com/sun/tools/javac/code/Type$WildcardType
instanceKlass com/sun/tools/javac/code/Type$AnnotatedType
instanceKlass com/sun/tools/javac/code/Type$TypeVar
instanceKlass com/sun/tools/javac/code/Type$ClassType
instanceKlass com/sun/tools/javac/code/Type$ArrayType
ciInstanceKlass com/sun/tools/javac/code/Type 1 1 413 8 8 8 8 1 1 1 1 1 1 1 1 1 1 1 1 1 1 1 1 1 1 1 1 1 1 1 1 1 1 1 1 1 1 1 1 1 1 1 1 1 1 1 1 1 1 1 1 1 1 1 1 1 1 1 1 1 1 1 1 1 1 1 1 1 1 1 1 1 1 1 1 1 1 1 1 1 1 1 1 1 1 1 1 1 1 1 1 1 1 1 1 1 1 1 1 1 1 1 1 1 1 1 1 1 1 1 1 1 1 1 1 1 1 1 1 1 1 1 1 1 1 1 1 1 1 1 1 1 1 1 1 1 1 1 1 1 1 1 1 1 1 1 1 1 1 1 1 1 1 1 1 1 1 1 1 1 1 1 1 5 0 5 0 5 0 100 7 100 100 100 100 7 7 7 7 7 100 100 100 100 100 100 100 100 100 100 100 100 100 100 100 7 100 100 100 100 100 100 7 100 100 100 7 7 7 100 100 7 100 100 100 7 100 100 1 1 1 1 1 1 1 1 1 1 1 1 1 1 1 1 1 1 1 1 1 1 1 1 1 1 1 1 1 1 1 1 1 1 1 1 1 1 1 1 1 1 1 1 1 1 1 1 1 1 1 1 1 1 1 1 1 1 1 1 1 1 1 12 12 12 12 12 12 12 12 12 12 12 12 12 12 12 12 12 12 12 12 12 12 12 12 12 12 12 12 12 12 12 12 12 12 12 12 12 12 12 12 12 12 12 12 12 12 12 12 12 12 9 9 9 9 9 9 9 9 9 9 9 9 9 10 10 10 10 10 10 10 10 10 10 10 10 10 10 10 10 10 10 10 10 10 10 10 10 10 10 10 10 10 10 10 10 10 10 10 10 10 10 10 10 10 10 10 10 11 11 11 11 1 1 1 1 1 1 1 1 1 1 1 1 1 1 1 1 1 1 1 1 1 1 1
staticfield com/sun/tools/javac/code/Type noType Lcom/sun/tools/javac/code/Type$JCNoType; com/sun/tools/javac/code/Type$1
staticfield com/sun/tools/javac/code/Type recoveryType Lcom/sun/tools/javac/code/Type$JCNoType; com/sun/tools/javac/code/Type$2
staticfield com/sun/tools/javac/code/Type stuckType Lcom/sun/tools/javac/code/Type$JCNoType; com/sun/tools/javac/code/Type$3
instanceKlass com/sun/tools/javac/code/Type$UnionClassType
instanceKlass com/sun/tools/javac/code/Type$ErasedClassType
instanceKlass com/sun/tools/javac/code/Type$IntersectionClassType
instanceKlass com/sun/tools/javac/code/Type$ClassType$1
instanceKlass com/sun/tools/javac/jvm/ClassReader$2
instanceKlass com/sun/tools/javac/code/Type$ErrorType
ciInstanceKlass com/sun/tools/javac/code/Type$ClassType 1 1 284 8 8 8 8 1 1 1 1 1 1 1 1 1 1 1 1 1 1 1 1 1 1 1 1 1 1 1 1 1 1 1 1 1 1 1 1 1 1 1 1 1 1 1 1 1 1 1 1 1 1 1 1 1 1 1 1 1 1 1 1 1 1 1 1 1 1 1 1 1 1 1 1 1 1 1 1 1 1 1 1 1 1 1 1 1 1 1 1 1 1 1 1 1 1 1 1 5 0 100 100 7 7 7 7 7 7 7 7 100 100 100 100 100 100 7 100 1 1 1 1 1 1 1 1 1 1 1 1 1 1 1 1 1 1 1 1 1 1 1 1 1 1 1 1 1 1 1 1 1 1 1 1 1 1 1 1 1 1 1 1 1 1 1 1 12 12 12 12 12 12 12 12 12 12 12 12 12 12 12 12 12 12 12 12 12 12 12 12 12 12 12 12 12 12 12 12 12 12 12 12 12 12 12 12 12 12 12 12 12 12 12 12 12 12 12 12 12 12 9 9 9 9 9 9 9 9 9 9 9 9 9 9 9 9 9 10 10 10 10 10 10 10 10 10 10 10 10 10 10 10 10 10 10 10 10 10 10 10 10 10 10 10 10 10 10 10 10 10 10 10 10 10 10 10 10 10 11 11 1 1 1 1 1
instanceKlass com/sun/tools/javac/comp/MemberEnter$9
ciInstanceKlass com/sun/tools/javac/code/Type$ErrorType 1 1 146 1 1 1 1 1 1 1 1 1 1 1 1 1 1 1 1 1 1 1 1 1 1 1 1 1 1 1 1 1 1 1 1 1 1 1 1 1 1 1 1 1 1 1 1 1 1 1 1 1 1 1 1 1 1 5 0 100 7 100 7 100 100 7 7 100 100 7 7 7 100 100 100 1 1 1 1 1 1 1 1 1 1 1 1 1 1 1 1 1 1 1 1 1 1 1 1 1 1 1 1 1 12 12 12 12 12 12 12 12 12 12 12 12 12 12 12 12 12 12 9 9 9 9 9 9 9 9 10 10 10 10 10 10 10 10 11 11 1 1 1 1 1 1 1 1
instanceKlass com/sun/tools/javac/code/Type$CapturedType
ciInstanceKlass com/sun/tools/javac/code/Type$TypeVar 1 1 113 1 1 1 1 1 1 1 1 1 1 1 1 1 1 1 1 1 1 1 1 1 1 1 1 1 1 1 1 1 1 1 1 1 1 1 1 1 1 1 1 100 100 7 7 7 7 7 100 100 100 1 1 1 1 1 1 1 1 1 1 1 1 1 1 1 1 1 1 1 1 1 1 1 12 12 12 12 12 12 12 12 12 12 12 12 12 12 12 12 12 9 9 9 9 9 9 9 9 10 10 10 10 10 10 10 10 11 11 1 1 1 1
instanceKlass com/sun/tools/javac/code/Symbol$DynamicMethodSymbol
instanceKlass com/sun/tools/javac/comp/Resolve$13
instanceKlass com/sun/tools/javac/comp/Resolve$10
instanceKlass com/sun/tools/javac/code/Symbol$MethodSymbol$1
instanceKlass com/sun/tools/javac/code/Symbol$OperatorSymbol
ciInstanceKlass com/sun/tools/javac/code/Symbol$MethodSymbol 1 1 501 8 8 8 8 8 8 8 1 1 1 1 1 1 1 1 1 1 1 1 1 1 1 1 1 1 1 1 1 1 1 1 1 1 1 1 1 1 1 1 1 1 1 1 1 1 1 1 1 1 1 1 1 1 1 1 1 1 1 1 1 1 1 1 1 1 1 1 1 1 1 1 1 1 1 1 1 1 1 1 1 1 1 1 1 1 1 1 1 1 1 1 1 1 1 1 1 1 1 1 1 1 1 1 1 1 1 1 1 1 1 1 1 1 1 1 1 1 1 1 1 1 1 1 1 1 1 1 1 1 1 1 1 1 1 1 1 1 1 1 1 1 1 1 1 1 1 1 1 1 1 1 1 5 0 5 0 5 0 5 0 5 0 5 0 5 0 5 0 5 0 100 7 7 7 100 7 7 7 100 7 7 100 7 100 7 7 100 7 7 7 7 7 100 7 7 7 7 100 1 1 1 1 1 1 1 1 1 1 1 1 1 1 1 1 1 1 1 1 1 1 1 1 1 1 1 1 1 1 1 1 1 1 1 1 1 1 1 1 1 1 1 1 1 1 1 1 1 1 1 1 1 1 1 1 1 1 1 1 1 1 1 1 1 1 1 1 1 1 1 1 1 1 1 1 1 1 1 1 1 1 12 12 12 12 12 12 12 12 12 12 12 12 12 12 12 12 12 12 12 12 12 12 12 12 12 12 12 12 12 12 12 12 12 12 12 12 12 12 12 12 12 12 12 12 12 12 12 12 12 12 12 12 12 12 12 12 12 12 12 12 12 12 12 12 12 12 12 12 12 12 12 12 12 12 12 12 12 12 12 12 12 12 12 12 12 12 12 12 12 12 12 12 12 12 12 12 12 12 9 9 9 9 9 9 9 9 9 9 9 9 9 9 9 9 9 9 9 9 9 9 9 9 9 9 9 9 9 9 9 10 10 10 10 10 10 10 10 10 10 10 10 10 10 10 10 10 10 10 10 10 10 10 10 10 10 10 10 10 10 10 10 10 10 10 10 10 10 10 10 10 10 10 10 10 10 10 10 10 10 10 10 10 10 10 10 10 10 10 10 10 10 10 10 10 10 10 10 10 10 10 10 10 10 10 10 10 10 11 11 11 11 1 1 1 1 1 1 1 1 1
staticfield com/sun/tools/javac/code/Symbol$MethodSymbol implementation_filter Lcom/sun/tools/javac/util/Filter; com/sun/tools/javac/code/Symbol$MethodSymbol$2
ciInstanceKlass com/sun/tools/javac/util/ListBuffer 1 1 156 1 1 1 1 1 1 1 1 1 1 1 1 1 1 1 1 1 1 1 1 1 1 1 1 1 1 1 1 1 1 1 1 1 1 1 1 1 1 1 1 1 1 1 1 1 1 1 1 1 1 1 1 1 1 1 1 1 1 7 7 7 7 100 7 7 7 1 1 1 1 1 1 1 1 1 1 1 1 1 1 1 1 1 1 1 1 1 1 1 1 1 1 1 1 1 12 12 12 12 12 12 12 12 12 12 12 12 12 12 12 12 12 12 12 12 12 12 12 12 12 12 12 9 9 9 9 9 9 10 10 10 10 10 10 10 10 10 10 10 10 10 10 10 10 10 10 10 10 10 10 10 11 11 11 1
ciInstanceKlass com/sun/tools/javac/file/RegularFileObject 1 1 343 8 8 8 8 8 8 1 1 1 1 1 1 1 1 1 1 1 1 1 1 1 1 1 1 1 1 1 1 1 1 1 1 1 1 1 1 1 1 1 1 1 1 1 1 1 1 1 1 1 1 1 1 1 1 1 1 1 1 1 1 1 1 1 1 1 1 1 1 1 1 1 1 1 1 1 1 1 1 1 1 1 1 1 1 1 1 1 1 1 1 1 1 1 1 1 1 1 1 1 1 1 1 1 1 1 1 1 1 1 1 1 1 1 1 1 1 1 1 1 7 7 7 7 7 7 7 100 7 100 100 7 7 7 7 7 100 7 7 7 100 100 100 100 7 100 7 1 1 1 1 1 1 1 1 1 1 1 1 1 1 1 1 1 1 1 1 1 1 1 1 1 1 1 1 1 1 1 1 1 1 1 1 1 1 1 1 1 1 1 1 1 1 1 1 1 1 1 1 12 12 12 12 12 12 12 12 12 12 12 12 12 12 12 12 12 12 12 12 12 12 12 12 12 12 12 12 12 12 12 12 12 12 12 12 12 12 12 12 12 12 12 12 12 12 12 12 12 12 12 12 12 12 12 12 12 12 12 12 12 12 12 12 12 12 12 12 9 9 9 9 9 9 9 9 9 9 9 9 9 10 10 10 10 10 10 10 10 10 10 10 10 10 10 10 10 10 10 10 10 10 10 10 10 10 10 10 10 10 10 10 10 10 10 10 10 10 10 10 10 10 10 10 10 10 10 10 10 10 10 10 10 10 10 10 10 10 11 11 11 1 1 1
staticfield com/sun/tools/javac/file/RegularFileObject isMacOS Z 0
instanceKlass com/sun/tools/javac/jvm/ClassReader$BadClassFile
ciInstanceKlass com/sun/tools/javac/code/Symbol$CompletionFailure 1 1 60 1 1 1 1 1 1 1 1 1 1 1 1 1 1 1 1 1 1 1 1 1 1 1 1 5 0 100 7 100 100 7 1 1 1 1 1 1 1 1 1 1 1 1 12 12 12 12 12 12 12 9 9 9 10 10 10 10 1 1
ciInstanceKlass com/sun/tools/javac/code/Symbol$ClassSymbol 1 1 385 8 100 1 1 1 1 1 1 1 1 1 1 1 1 1 1 1 1 1 1 1 1 1 1 1 1 1 1 1 1 1 1 1 1 1 1 1 1 1 1 1 1 1 1 1 1 1 1 1 1 1 1 1 1 1 1 1 1 1 1 1 1 1 1 1 1 1 1 1 1 1 1 1 1 1 1 1 1 1 1 1 1 1 1 1 1 1 1 1 1 1 1 1 1 1 1 1 1 1 1 1 1 1 1 1 1 1 1 1 1 1 1 1 1 1 1 1 1 1 1 1 1 5 0 5 0 5 0 5 0 5 0 5 0 5 0 100 100 100 100 100 7 7 100 7 100 7 100 100 7 7 7 100 7 7 7 7 100 100 100 100 7 7 100 100 1 1 1 1 1 1 1 1 1 1 1 1 1 1 1 1 1 1 1 1 1 1 1 1 1 1 1 1 1 1 1 1 1 1 1 1 1 1 1 1 1 1 1 1 1 1 1 1 1 1 1 1 1 1 1 1 1 1 1 1 1 12 12 12 12 12 12 12 12 12 12 12 12 12 12 12 12 12 12 12 12 12 12 12 12 12 12 12 12 12 12 12 12 12 12 12 12 12 12 12 12 12 12 12 12 12 12 12 12 12 12 12 12 12 12 12 12 12 12 12 12 12 12 12 12 12 12 12 12 12 12 12 12 9 9 9 9 9 9 9 9 9 9 9 9 9 9 9 9 9 9 9 9 9 9 9 9 9 9 9 9 9 9 9 9 10 10 10 10 10 10 10 10 10 10 10 10 10 10 10 10 10 10 10 10 10 10 10 10 10 10 10 10 10 10 10 10 10 10 10 10 10 10 10 10 10 11 11 1 1 1 1 1 1 1 1 1 1 1
instanceKlass com/sun/tools/javac/util/SharedNameTable$NameImpl
ciInstanceKlass com/sun/tools/javac/util/Name 1 1 103 1 1 1 1 1 1 1 1 1 1 1 1 1 1 1 1 1 1 1 1 1 1 1 1 1 1 1 1 1 1 1 1 1 1 1 1 1 1 1 1 1 1 1 1 1 1 100 7 7 7 7 7 7 7 100 1 1 1 1 1 1 1 1 1 1 1 1 1 1 12 12 12 12 12 12 12 12 12 12 12 12 12 12 12 9 10 10 10 10 10 10 10 10 10 10 10 10 10 10 11 1 1
ciInstanceKlass com/sun/tools/javac/code/Symbol$Completer 1 0 17 1 1 1 1 1 1 1 1 100 100 100 100 1 1 1 1
instanceKlass com/sun/tools/javac/code/Type$3
instanceKlass com/sun/tools/javac/code/Type$2
instanceKlass com/sun/tools/javac/code/Type$1
ciInstanceKlass com/sun/tools/javac/code/Type$JCNoType 1 1 55 1 1 1 1 1 1 1 1 1 1 1 1 1 1 1 1 1 1 1 1 1 1 1 100 100 7 100 7 100 100 100 1 1 1 1 1 1 1 1 1 1 12 12 12 12 12 9 9 10 10 11 1 1 1
ciInstanceKlass com/sun/tools/javac/jvm/ClassReader$2 1 1 95 1 1 1 1 1 1 1 1 1 1 1 1 1 1 1 1 1 1 1 1 1 1 1 1 1 1 1 1 1 1 1 1 1 1 100 7 7 7 100 7 7 7 7 100 1 1 1 1 1 1 1 1 1 1 1 1 1 12 12 12 12 12 12 12 12 12 12 12 12 12 12 12 12 9 9 9 9 9 9 10 10 10 10 10 10 10 10 10 10 10 1 1 1 1
instanceKlass com/sun/tools/javac/jvm/UninitializedType
instanceKlass com/sun/tools/javac/code/Type$UndetVar
instanceKlass com/sun/tools/javac/code/Type$ForAll
ciInstanceKlass com/sun/tools/javac/code/Type$DelegatedType 1 1 75 1 1 1 1 1 1 1 1 1 1 1 1 1 1 1 1 1 1 1 1 1 1 1 1 1 1 100 100 7 7 1 1 1 1 1 1 1 1 1 1 1 12 12 12 12 12 12 12 12 12 12 12 12 12 12 12 9 9 9 10 10 10 10 10 10 10 10 10 10 10 10 1 1 1
ciInstanceKlass com/sun/tools/javac/code/Symtab 1 1 877 8 8 8 8 8 8 8 8 8 8 8 8 8 8 8 8 8 8 8 8 8 8 8 8 8 8 8 8 8 8 8 8 8 8 8 8 8 8 8 8 8 8 8 8 8 8 8 8 8 8 8 8 8 8 8 8 8 8 8 8 8 8 8 1 1 1 1 1 1 1 1 1 1 1 1 1 1 1 1 1 1 1 1 1 1 1 1 1 1 1 1 1 1 1 1 1 1 1 1 1 1 1 1 1 1 1 1 1 1 1 1 1 1 1 1 1 1 1 1 1 1 1 1 1 1 1 1 1 1 1 1 1 1 1 1 1 1 1 1 1 1 1 1 1 1 1 1 1 1 1 1 1 1 1 1 1 1 1 1 1 1 1 1 1 1 1 1 1 1 1 1 1 1 1 1 1 1 1 1 1 1 1 1 1 1 1 1 1 1 1 1 1 1 1 1 1 1 1 1 1 1 1 1 1 1 1 1 1 1 1 1 1 1 1 1 1 1 1 1 1 1 1 1 1 1 1 1 1 1 1 1 1 1 1 1 1 1 1 1 1 1 1 1 1 1 1 1 1 1 1 1 1 1 1 1 1 1 1 1 1 1 1 1 1 1 1 1 1 1 1 1 1 1 1 1 1 1 1 1 1 1 1 1 1 1 1 1 1 1 1 1 1 1 1 1 1 1 1 1 1 1 1 1 1 1 1 1 1 1 1 1 1 1 1 1 1 1 1 1 1 1 1 1 1 1 1 1 1 1 1 1 1 1 1 1 1 1 1 1 1 1 1 1 1 1 1 1 1 1 1 1 1 1 1 1 1 1 1 1 5 0 5 0 5 0 5 0 5 0 5 0 5 0 8 8 8 8 8 8 8 8 8 8 8 8 8 8 8 8 8 8 8 8 8 8 8 8 8 8 8 8 8 8 8 8 8 7 7 100 7 100 100 7 7 7 7 7 7 7 7 7 7 7 7 7 7 100 7 7 7 7 7 7 7 7 7 7 7 7 7 7 7 7 7 7 7 1 1 1 1 1 1 1 1 1 1 1 1 1 1 1 1 1 1 1 1 1 1 1 1 1 1 1 1 1 1 1 1 1 1 1 1 1 1 1 1 1 1 1 1 1 1 1 1 1 1 1 1 1 1 1 1 1 1 1 1 1 1 1 1 1 1 1 1 1 1 12 12 12 12 12 12 12 12 12 12 12 12 12 12 12 12 12 12 12 12 12 12 12 12 12 12 12 12 12 12 12 12 12 12 12 12 12 12 12 12 12 12 12 12 12 12 12 12 12 12 12 12 12 12 12 12 12 12 12 12 12 12 12 12 12 12 12 12 12 12 12 12 12 12 12 12 12 12 12 12 12 12 12 12 12 12 12 12 12 12 12 12 12 12 12 12 12 12 12 12 12 12 12 12 12 12 12 12 12 12 12 12 12 12 12 12 12 12 12 12 12 12 12 12 12 12 12 12 12 12 12 12 12 12 12 12 12 12 12 12 12 12 12 12 12 12 12 12 12 12 12 12 12 12 12 12 12 12 12 12 12 12 12 12 9 9 9 9 9 9 9 9 9 9 9 9 9 9 9 9 9 9 9 9 9 9 9 9 9 9 9 9 9 9 9 9 9 9 9 9 9 9 9 9 9 9 9 9 9 9 9 9 9 9 9 9 9 9 9 9 9 9 9 9 9 9 9 9 9 9 9 9 9 9 9 9 9 9 9 9 9 9 9 9 9 9 9 9 9 9 9 9 9 9 9 9 9 9 9 9 9 9 9 9 9 9 9 9 9 9 9 9 9 9 9 9 9 9 9 9 9 9 10 10 10 10 10 10 10 10 10 10 10 10 10 10 10 10 10 10 10 10 10 10 10 10 10 10 10 10 10 10 10 10 10 10 10 10 10 10 10 10 10 10 10 10 10 10 10 10 10 10 10 10 10 10 10 10 10 10 11 11 1 1 1 1 1 1 1 1 1 1 1 1 1 1 1 1 1 1
staticfield com/sun/tools/javac/code/Symtab symtabKey Lcom/sun/tools/javac/util/Context$Key; com/sun/tools/javac/util/Context$Key
ciInstanceKlass com/sun/tools/javac/code/Type$1 1 1 22 8 1 1 1 1 1 1 1 1 1 1 1 1 100 100 7 1 12 10 1 1
ciInstanceKlass com/sun/tools/javac/code/TypeTag 1 1 244 8 8 8 8 8 8 8 8 8 8 8 8 8 8 8 8 8 8 8 8 8 8 8 8 8 8 7 1 1 1 1 1 1 1 1 1 1 1 1 1 1 1 1 1 1 1 1 1 1 1 1 1 1 1 1 1 1 1 1 1 1 1 1 1 1 1 1 1 1 1 1 1 1 1 1 1 1 1 1 1 1 1 1 1 1 1 1 1 1 1 1 1 1 1 1 1 1 1 1 1 1 7 100 100 7 100 100 7 100 7 1 1 1 1 1 1 1 1 1 1 1 1 1 1 1 1 1 12 12 12 12 12 12 12 12 12 12 12 12 12 12 12 12 12 12 12 12 12 12 12 12 12 12 12 12 12 12 12 12 12 12 12 12 12 12 12 12 12 12 12 12 12 12 12 12 12 12 12 12 12 12 12 12 9 9 9 9 9 9 9 9 9 9 9 9 9 9 9 9 9 9 9 9 9 9 9 9 9 9 9 9 9 9 9 9 9 9 9 9 9 9 9 9 9 9 9 9 9 9 10 10 10 10 10 10 10 10 10 10 10 1 1 1
staticfield com/sun/tools/javac/code/TypeTag BYTE Lcom/sun/tools/javac/code/TypeTag; com/sun/tools/javac/code/TypeTag
staticfield com/sun/tools/javac/code/TypeTag CHAR Lcom/sun/tools/javac/code/TypeTag; com/sun/tools/javac/code/TypeTag
staticfield com/sun/tools/javac/code/TypeTag SHORT Lcom/sun/tools/javac/code/TypeTag; com/sun/tools/javac/code/TypeTag
staticfield com/sun/tools/javac/code/TypeTag LONG Lcom/sun/tools/javac/code/TypeTag; com/sun/tools/javac/code/TypeTag
staticfield com/sun/tools/javac/code/TypeTag FLOAT Lcom/sun/tools/javac/code/TypeTag; com/sun/tools/javac/code/TypeTag
staticfield com/sun/tools/javac/code/TypeTag INT Lcom/sun/tools/javac/code/TypeTag; com/sun/tools/javac/code/TypeTag
staticfield com/sun/tools/javac/code/TypeTag DOUBLE Lcom/sun/tools/javac/code/TypeTag; com/sun/tools/javac/code/TypeTag
staticfield com/sun/tools/javac/code/TypeTag BOOLEAN Lcom/sun/tools/javac/code/TypeTag; com/sun/tools/javac/code/TypeTag
staticfield com/sun/tools/javac/code/TypeTag VOID Lcom/sun/tools/javac/code/TypeTag; com/sun/tools/javac/code/TypeTag
staticfield com/sun/tools/javac/code/TypeTag CLASS Lcom/sun/tools/javac/code/TypeTag; com/sun/tools/javac/code/TypeTag
staticfield com/sun/tools/javac/code/TypeTag ARRAY Lcom/sun/tools/javac/code/TypeTag; com/sun/tools/javac/code/TypeTag
staticfield com/sun/tools/javac/code/TypeTag METHOD Lcom/sun/tools/javac/code/TypeTag; com/sun/tools/javac/code/TypeTag
staticfield com/sun/tools/javac/code/TypeTag PACKAGE Lcom/sun/tools/javac/code/TypeTag; com/sun/tools/javac/code/TypeTag
staticfield com/sun/tools/javac/code/TypeTag TYPEVAR Lcom/sun/tools/javac/code/TypeTag; com/sun/tools/javac/code/TypeTag
staticfield com/sun/tools/javac/code/TypeTag WILDCARD Lcom/sun/tools/javac/code/TypeTag; com/sun/tools/javac/code/TypeTag
staticfield com/sun/tools/javac/code/TypeTag FORALL Lcom/sun/tools/javac/code/TypeTag; com/sun/tools/javac/code/TypeTag
staticfield com/sun/tools/javac/code/TypeTag DEFERRED Lcom/sun/tools/javac/code/TypeTag; com/sun/tools/javac/code/TypeTag
staticfield com/sun/tools/javac/code/TypeTag BOT Lcom/sun/tools/javac/code/TypeTag; com/sun/tools/javac/code/TypeTag
staticfield com/sun/tools/javac/code/TypeTag NONE Lcom/sun/tools/javac/code/TypeTag; com/sun/tools/javac/code/TypeTag
staticfield com/sun/tools/javac/code/TypeTag ERROR Lcom/sun/tools/javac/code/TypeTag; com/sun/tools/javac/code/TypeTag
staticfield com/sun/tools/javac/code/TypeTag UNKNOWN Lcom/sun/tools/javac/code/TypeTag; com/sun/tools/javac/code/TypeTag
staticfield com/sun/tools/javac/code/TypeTag UNDETVAR Lcom/sun/tools/javac/code/TypeTag; com/sun/tools/javac/code/TypeTag
staticfield com/sun/tools/javac/code/TypeTag UNINITIALIZED_THIS Lcom/sun/tools/javac/code/TypeTag; com/sun/tools/javac/code/TypeTag
staticfield com/sun/tools/javac/code/TypeTag UNINITIALIZED_OBJECT Lcom/sun/tools/javac/code/TypeTag; com/sun/tools/javac/code/TypeTag
staticfield com/sun/tools/javac/code/TypeTag $VALUES [Lcom/sun/tools/javac/code/TypeTag; 24 [Lcom/sun/tools/javac/code/TypeTag;
ciInstanceKlass com/sun/tools/javac/code/Type$ClassType$1 1 1 64 1 1 1 1 1 1 1 1 1 1 1 1 1 1 1 1 1 1 1 1 1 1 100 7 100 7 7 1 1 1 1 1 1 1 1 1 1 1 1 1 1 12 12 12 12 12 12 12 12 12 12 9 9 9 9 10 10 10 10 10 1 1 1
ciInstanceKlass com/sun/tools/javac/util/Filter 1 0 12 1 1 1 1 1 1 100 100 1 1 1
ciInstanceKlass com/sun/tools/javac/code/Types 1 1 1726 8 8 8 8 8 1 1 1 1 1 1 1 1 1 1 1 1 1 1 1 1 1 1 1 1 1 1 1 1 1 1 1 1 1 1 1 1 1 1 1 1 1 1 1 1 1 1 1 1 1 1 1 1 1 1 1 1 1 1 1 1 1 1 1 1 1 1 1 1 1 1 1 1 1 1 1 1 1 1 1 1 1 1 1 1 1 1 1 1 1 1 1 1 1 1 1 1 1 1 1 1 1 1 1 1 1 1 1 1 1 1 1 1 1 1 1 1 1 1 1 1 1 1 1 1 1 1 1 1 1 1 1 1 1 1 1 1 1 1 1 1 1 1 1 1 1 1 1 1 1 1 1 1 1 1 1 1 1 1 1 1 1 1 1 1 1 1 1 1 1 1 1 1 1 1 1 1 1 1 1 1 1 1 1 1 1 1 1 1 1 1 1 1 1 1 1 1 1 1 1 1 1 1 1 1 1 1 1 1 1 1 1 1 1 1 1 1 1 1 1 1 1 1 1 1 1 1 1 1 1 1 1 1 1 1 1 1 1 1 1 1 1 1 1 1 1 1 1 1 1 1 1 1 1 1 1 1 1 1 1 1 1 1 1 1 1 1 1 1 1 1 1 1 1 1 1 1 1 1 1 1 1 1 1 1 1 1 1 1 1 1 1 1 1 1 1 1 1 1 1 1 1 1 1 1 1 1 1 1 1 1 1 1 1 1 1 1 1 1 1 1 1 1 1 1 1 1 1 1 1 1 1 1 1 1 1 1 1 1 1 1 1 1 1 1 1 1 1 1 1 1 1 1 1 1 1 1 1 1 1 1 1 1 1 1 1 1 1 1 1 1 1 1 1 1 1 1 1 1 1 1 1 1 1 1 1 1 1 1 1 1 1 1 1 1 1 1 1 1 1 1 1 1 1 1 1 1 1 1 1 1 1 1 1 1 1 1 1 1 1 1 1 1 1 1 1 1 1 1 1 1 1 1 1 1 1 1 1 1 1 1 1 1 1 1 1 1 1 1 1 1 1 1 1 1 1 1 1 1 1 1 1 1 1 1 1 1 1 1 1 1 1 1 1 1 1 1 1 1 1 3 5 0 5 0 5 0 5 0 5 0 5 0 5 0 5 0 8 8 8 8 8 8 100 100 100 7 7 7 7 100 7 100 7 7 7 7 7 7 100 100 7 7 7 7 7 7 7 7 7 7 7 100 100 7 7 7 100 7 7 7 7 7 7 7 7 7 7 7 7 7 7 7 7 7 7 7 7 7 7 7 7 7 7 7 7 7 7 100 7 100 100 7 7 100 7 7 7 7 100 7 7 7 7 100 100 7 7 7 7 7 100 7 7 7 7 100 7 7 7 7 100 100 100 7 7 7 7 100 7 7 100 7 7 7 7 7 100 100 7 7 7 7 7 100 100 1 1 1 1 1 1 1 1 1 1 1 1 1 1 1 1 1 1 1 1 1 1 1 1 1 1 1 1 1 1 1 1 1 1 1 1 1 1 1 1 1 1 1 1 1 1 1 1 1 1 1 1 1 1 1 1 1 1 1 1 1 1 1 1 1 1 1 1 1 1 1 1 1 1 1 1 1 1 1 1 1 1 1 1 1 1 1 1 1 1 1 1 1 1 1 1 1 1 1 1 1 1 1 1 1 1 1 1 1 1 1 1 1 1 1 1 1 1 1 1 1 1 1 1 1 1 1 1 1 1 1 1 1 1 1 1 1 1 1 1 1 1 1 1 1 1 1 1 1 1 1 1 1 1 1 1 1 1 1 1 1 1 1 1 1 1 1 1 1 1 1 1 1 1 1 1 1 1 1 1 1 1 1 1 1 1 1 1 1 1 1 1 1 1 1 1 1 1 1 1 1 1 1 1 1 1 1 1 1 1 1 1 1 1 1 1 1 1 1 1 1 1 1 1 1 1 1 1 1 1 1 1 1 1 1 1 1 1 1 1 1 1 1 1 1 1 1 1 1 1 12 12 12 12 12 12 12 12 12 12 12 12 12 12 12 12 12 12 12 12 12 12 12 12 12 12 12 12 12 12 12 12 12 12 12 12 12 12 12 12 12 12 12 12 12 12 12 12 12 12 12 12 12 12 12 12 12 12 12 12 12 12 12 12 12 12 12 12 12 12 12 12 12 12 12 12 12 12 12 12 12 12 12 12 12 12 12 12 12 12 12 12 12 12 12 12 12 12 12 12 12 12 12 12 12 12 12 12 12 12 12 12 12 12 12 12 12 12 12 12 12 12 12 12 12 12 12 12 12 12 12 12 12 12 12 12 12 12 12 12 12 12 12 12 12 12 12 12 12 12 12 12 12 12 12 12 12 12 12 12 12 12 12 12 12 12 12 12 12 12 12 12 12 12 12 12 12 12 12 12 12 12 12 12 12 12 12 12 12 12 12 12 12 12 12 12 12 12 12 12 12 12 12 12 12 12 12 12 12 12 12 12 12 12 12 12 12 12 12 12 12 12 12 12 12 12 12 12 12 12 12 12 12 12 12 12 12 12 12 12 12 12 12 12 12 12 12 12 12 12 12 12 12 12 12 12 12 12 12 12 12 12 12 12 12 12 12 12 12 12 12 12 12 12 12 12 12 12 12 12 12 12 12 12 12 12 12 12 12 12 12 12 12 12 12 12 12 12 12 12 12 12 12 12 12 12 12 12 12 12 12 12 12 12 12 12 12 12 12 12 12 12 12 12 12 12 12 12 12 12 12 12 12 12 12 12 12 12 12 12 12 12 12 12 12 12 12 12 12 12 12 12 12 12 12 12 12 12 12 12 12 12 12 12 9 9 9 9 9 9 9 9 9 9 9 9 9 9 9 9 9 9 9 9 9 9 9 9 9 9 9 9 9 9 9 9 9 9 9 9 9 9 9 9 9 9 9 9 9 9 9 9 9 9 9 9 9 9 9 9 9 9 9 9 9 9 9 9 9 9 9 9 9 9 9 9 9 9 9 9 9 9 9 9 9 9 9 9 9 9 9 9 9 9 9 9 9 9 9 9 9 9 9 9 9 9 9 9 9 9 9 9 9 9 9 9 9 9 9 9 9 9 9 9 9 9 9 9 9 9 9 9 9 9 9 9 9 9 9 9 9 9 9 9 9 9 9 9 9 10 10 10 10 10 10 10 10 10 10 10 10 10 10 10 10 10 10 10 10 10 10 10 10 10 10 10 10 10 10 10 10 10 10 10 10 10 10 10 10 10 10 10 10 10 10 10 10 10 10 10 10 10 10 10 10 10 10 10 10 10 10 10 10 10 10 10 10 10 10 10 10 10 10 10 10 10 10 10 10 10 10 10 10 10 10 10 10 10 10 10 10 10 10 10 10 10 10 10 10 10 10 10 10 10 10 10 10 10 10 10 10 10 10 10 10 10 10 10 10 10 10 10 10 10 10 10 10 10 10 10 10 10 10 10 10 10 10 10 10 10 10 10 10 10 10 10 10 10 10 10 10 10 10 10 10 10 10 10 10 10 10 10 10 10 10 10 10 10 10 10 10 10 10 10 10 10 10 10 10 10 10 10 10 10 10 10 10 10 10 10 10 10 10 10 10 10 10 10 10 10 10 10 10 10 10 10 10 10 10 10 10 10 10 10 10 10 10 10 10 10 10 10 10 10 10 10 10 10 10 10 10 10 10 10 10 10 10 10 10 10 10 10 10 10 10 10 10 10 10 10 10 10 10 10 10 10 10 10 10 10 10 10 10 10 10 10 10 10 10 10 10 10 10 10 10 10 10 10 10 10 11 11 11 11 11 11 11 11 11 1 1 1 1 1 1 1 1 1 1 1 1 1 1 1 1 1 1 1 1 1 1 1 1 1 1 1 1 1 1 1 1 1 1 1 1 1 1 1 1 1 1 1 1 1 1 1 1 1 1
staticfield com/sun/tools/javac/code/Types typesKey Lcom/sun/tools/javac/util/Context$Key; com/sun/tools/javac/util/Context$Key
staticfield com/sun/tools/javac/code/Types newInstanceFun Lcom/sun/tools/javac/code/Type$Mapping; com/sun/tools/javac/code/Types$22
staticfield com/sun/tools/javac/code/Types hashCode Lcom/sun/tools/javac/code/Types$UnaryVisitor; com/sun/tools/javac/code/Types$26
instanceKlass com/sun/tools/javac/code/Types$MapVisitor
instanceKlass com/sun/tools/javac/code/Types$SimpleVisitor
ciInstanceKlass com/sun/tools/javac/code/Types$DefaultTypeVisitor 1 1 106 1 1 1 1 1 1 1 1 1 1 1 1 1 1 1 1 1 1 1 1 1 1 1 1 1 1 1 1 1 1 1 1 1 1 1 1 1 1 1 1 1 1 7 100 100 100 100 100 100 100 100 100 100 100 100 100 7 7 1 1 1 1 1 1 1 1 1 1 1 1 1 1 1 1 1 1 1 1 1 1 1 1 1 1 1 12 12 12 12 12 10 10 10 10 10 1 1 1 1 1 1 1 1 1 1
instanceKlass com/sun/tools/javac/code/Types$Adapter
instanceKlass com/sun/tools/javac/comp/Resolve$1
instanceKlass com/sun/tools/javac/code/Types$MembersClosureCache
instanceKlass com/sun/tools/javac/code/Types$15
instanceKlass com/sun/tools/javac/code/Types$14
instanceKlass com/sun/tools/javac/code/Types$13
instanceKlass com/sun/tools/javac/code/Types$TypeRelation
instanceKlass com/sun/tools/javac/code/Types$2
instanceKlass com/sun/tools/javac/code/Types$UnaryVisitor
ciInstanceKlass com/sun/tools/javac/code/Types$SimpleVisitor 1 1 56 1 1 1 1 1 1 1 1 1 1 1 1 1 1 1 1 1 1 1 1 1 100 100 7 100 7 100 7 7 1 1 1 1 1 1 1 1 1 1 12 12 12 12 9 9 10 10 10 1 1 1 1 1 1 1
instanceKlass com/sun/tools/javac/code/Types$Rewriter
instanceKlass com/sun/tools/javac/code/Types$Subst
instanceKlass com/sun/tools/javac/util/RichDiagnosticFormatter$1
instanceKlass com/sun/tools/javac/comp/Check$5
instanceKlass com/sun/tools/javac/code/Types$26
instanceKlass com/sun/tools/javac/code/Types$21
instanceKlass com/sun/tools/javac/code/Types$20
instanceKlass com/sun/tools/javac/code/Types$19
instanceKlass com/sun/tools/javac/code/Types$18
instanceKlass com/sun/tools/javac/code/Types$11
instanceKlass com/sun/tools/javac/code/Types$1
ciInstanceKlass com/sun/tools/javac/code/Types$UnaryVisitor 1 1 32 1 1 1 1 1 1 1 1 1 1 1 1 1 1 1 7 100 100 7 100 1 1 1 1 12 12 10 10 1 1 1
instanceKlass com/sun/tools/javac/code/Types$5
instanceKlass com/sun/tools/javac/code/Types$LooseSameTypeVisitor
ciInstanceKlass com/sun/tools/javac/code/Types$SameTypeVisitor 1 1 310 8 1 1 1 1 1 1 1 1 1 1 1 1 1 1 1 1 1 1 1 1 1 1 1 1 1 1 1 1 1 1 1 1 1 1 1 1 1 1 1 1 1 1 1 1 1 1 1 1 1 1 1 1 1 1 1 1 1 1 1 1 1 1 1 1 1 1 1 1 1 1 1 1 1 1 1 1 1 1 1 1 1 1 1 1 1 1 1 1 1 1 1 1 1 1 100 100 7 100 7 100 7 7 100 7 7 7 100 7 7 7 7 7 100 100 100 7 100 100 100 1 1 1 1 1 1 1 1 1 1 1 1 1 1 1 1 1 1 1 1 1 1 1 1 1 1 1 1 1 1 1 1 1 1 1 1 1 1 1 1 1 1 1 1 1 1 1 1 12 12 12 12 12 12 12 12 12 12 12 12 12 12 12 12 12 12 12 12 12 12 12 12 12 12 12 12 12 12 12 12 12 12 12 12 12 12 12 12 12 12 12 12 12 12 12 12 12 12 12 12 12 12 12 12 12 12 12 12 9 9 9 9 9 9 9 9 9 9 9 9 9 9 9 10 10 10 10 10 10 10 10 10 10 10 10 10 10 10 10 10 10 10 10 10 10 10 10 10 10 10 10 10 10 10 10 10 10 10 10 10 10 10 10 10 10 10 10 10 10 10 10 10 10 10 11 11 1 1 1 1 1 1 1 1 1 1 1 1 1
instanceKlass com/sun/tools/javac/code/Types$6
ciInstanceKlass com/sun/tools/javac/code/Types$LooseSameTypeVisitor 1 1 94 1 1 1 1 1 1 1 1 1 1 1 1 1 1 1 1 1 1 1 1 1 1 1 1 1 1 1 1 1 1 1 1 1 1 100 100 100 7 7 100 7 7 100 100 100 7 100 1 1 1 1 1 1 1 1 1 1 1 1 1 12 12 12 12 12 12 12 12 12 12 12 12 12 9 9 9 10 10 10 10 10 10 10 10 10 11 11 1 1 1 1 1 1
ciInstanceKlass com/sun/tools/javac/code/Types$5 1 1 78 1 1 1 1 1 1 1 1 1 1 1 1 1 1 1 1 1 1 1 1 1 1 1 1 1 1 1 1 7 100 7 7 7 7 7 7 1 1 1 1 1 1 1 1 1 1 1 1 1 1 1 12 12 12 12 12 12 12 12 12 12 12 9 9 9 9 10 10 10 10 10 10 10 1 1 1 1
instanceKlass com/sun/tools/javac/code/Type$UndetVar$1
instanceKlass com/sun/tools/javac/comp/Infer$InferenceContext$1
instanceKlass com/sun/tools/javac/comp/DeferredAttr$DeferredTypeMap
instanceKlass com/sun/tools/javac/code/Types$22
instanceKlass com/sun/tools/javac/code/Types$17
instanceKlass com/sun/tools/javac/code/Types$16
instanceKlass com/sun/tools/javac/code/Types$12
instanceKlass com/sun/tools/javac/code/Types$10
ciInstanceKlass com/sun/tools/javac/code/Type$Mapping 1 1 26 1 1 1 1 1 1 1 1 1 1 1 1 100 7 7 1 1 1 1 12 12 9 10 1 1
ciInstanceKlass com/sun/tools/javac/code/Type$IntersectionClassType 1 1 132 1 1 1 1 1 1 1 1 1 1 1 1 1 1 1 1 1 1 1 1 1 1 1 1 1 1 1 1 1 1 1 1 1 1 1 1 1 1 1 1 1 1 1 1 1 1 1 5 0 100 7 100 7 7 7 7 100 7 7 100 100 100 100 1 1 1 1 1 1 1 1 1 1 1 1 1 1 1 1 1 1 1 1 1 12 12 12 12 12 12 12 12 12 12 12 12 12 12 12 12 12 12 12 12 9 9 9 9 9 9 9 9 9 10 10 10 10 10 10 10 10 10 10 11 1 1 1 1 1 1 1
instanceKlass com/sun/tools/javac/code/Type$CapturedUndetVar
ciInstanceKlass com/sun/tools/javac/code/Type$UndetVar 1 1 283 8 8 8 8 8 8 7 1 1 1 1 1 1 1 1 1 1 1 1 1 1 1 1 1 1 1 1 1 1 1 1 1 1 1 1 1 1 1 1 1 1 1 1 1 1 1 1 1 1 1 1 1 1 1 1 1 1 1 1 1 1 1 1 1 1 1 1 1 1 1 1 1 1 1 1 1 1 1 1 1 1 1 1 1 1 1 1 1 1 1 1 1 1 1 1 1 100 7 7 7 100 7 7 7 7 7 7 7 7 7 100 100 100 7 7 7 7 7 7 1 1 1 1 1 1 1 1 1 1 1 1 1 1 1 1 1 1 1 1 1 1 1 1 1 1 1 1 1 1 1 1 1 1 1 1 1 1 1 1 1 1 1 1 1 1 1 1 1 1 12 12 12 12 12 12 12 12 12 12 12 12 12 12 12 12 12 12 12 12 12 12 12 12 12 12 12 12 12 12 12 12 12 12 12 12 12 12 12 12 12 12 12 12 12 12 12 12 12 12 9 9 9 9 9 9 9 9 9 9 10 10 10 10 10 10 10 10 10 10 10 10 10 10 10 10 10 10 10 10 10 10 10 10 10 10 10 10 10 10 10 10 10 10 10 11 11 11 11 11 11 11 11 11 11 1 1 1 1 1 1 1 1
ciInstanceKlass com/sun/tools/javac/code/Type$CapturedType 1 1 83 8 8 1 1 1 1 1 1 1 1 1 1 1 1 1 1 1 1 1 1 1 1 1 1 1 1 1 1 1 1 1 5 0 5 0 7 7 7 7 100 7 100 1 1 1 1 1 1 1 1 1 1 1 1 12 12 12 12 12 12 12 12 12 12 12 12 9 9 9 10 10 10 10 10 10 10 10 11 1 1 1 1
instanceKlass com/sun/tools/javac/comp/Check$ConversionWarner
ciInstanceKlass com/sun/tools/javac/util/Warner 1 1 73 7 1 1 1 1 1 1 1 1 1 1 1 1 1 1 1 1 1 1 1 1 1 1 1 1 1 1 1 1 1 100 100 100 7 7 7 1 1 1 1 1 1 1 1 1 12 12 12 12 12 12 12 12 12 12 12 12 9 9 9 9 10 10 10 10 10 10 10 10 1 1 1
instanceKlass com/sun/tools/javac/comp/Infer$InferenceException
ciInstanceKlass com/sun/tools/javac/comp/Resolve$InapplicableMethodException 1 1 56 1 1 1 1 1 1 1 1 1 1 1 1 1 1 1 1 1 1 1 1 1 1 1 1 5 0 100 100 7 100 7 100 7 100 1 1 1 1 1 1 1 1 1 12 12 12 12 12 9 9 10 10 10 1 1
ciInstanceKlass com/sun/tools/javac/comp/Infer$InferenceException 1 1 57 1 1 1 1 1 1 1 1 1 1 1 1 1 1 1 1 1 1 1 1 1 1 1 1 1 5 0 100 7 100 7 7 100 7 1 1 1 1 1 1 1 1 1 12 12 12 12 12 9 9 10 10 10 1 1 1
ciInstanceKlass com/sun/tools/javac/comp/Infer 1 1 869 8 8 8 8 8 8 1 1 1 1 1 1 1 1 1 1 1 1 1 1 1 1 1 1 1 1 1 1 1 1 1 1 1 1 1 1 1 1 1 1 1 1 1 1 1 1 1 1 1 1 1 1 1 1 1 1 1 1 1 1 1 1 1 1 1 1 1 1 1 1 1 1 1 1 1 1 1 1 1 1 1 1 1 1 1 1 1 1 1 1 1 1 1 1 1 1 1 1 1 1 1 1 1 1 1 1 1 1 1 1 1 1 1 1 1 1 1 1 1 1 1 1 1 1 1 1 1 1 1 1 1 1 1 1 1 1 1 1 1 1 1 1 1 1 1 1 1 1 1 1 1 1 1 1 1 1 1 1 1 1 1 1 1 1 1 1 1 1 1 1 1 1 1 1 1 1 1 1 1 1 1 1 1 1 1 1 1 1 1 1 1 1 1 1 1 1 1 1 1 1 1 1 1 1 1 1 1 1 1 1 1 1 1 1 1 1 1 1 1 1 1 1 1 1 1 1 1 1 1 1 1 1 1 1 1 1 1 1 1 1 1 1 1 1 1 1 1 1 1 1 1 1 1 1 1 1 1 1 1 1 1 1 3 5 0 100 7 7 100 100 100 7 7 7 7 100 7 100 100 7 7 7 7 7 7 100 7 7 7 100 7 7 7 100 100 7 7 100 100 100 100 100 100 100 100 7 7 7 100 100 100 7 7 100 7 7 100 7 100 100 100 100 100 100 7 7 7 100 100 7 7 7 7 7 7 7 7 100 7 7 7 7 1 1 1 1 1 1 1 1 1 1 1 1 1 1 1 1 1 1 1 1 1 1 1 1 1 1 1 1 1 1 1 1 1 1 1 1 1 1 1 1 1 1 1 1 1 1 1 1 1 1 1 1 1 1 1 1 1 1 1 1 1 1 1 1 1 1 1 1 1 1 1 1 1 1 1 1 1 1 1 1 1 1 1 1 1 1 1 1 1 1 1 1 1 1 1 1 1 1 1 1 1 1 1 1 1 1 1 1 1 1 1 1 1 1 1 1 1 1 1 1 1 12 12 12 12 12 12 12 12 12 12 12 12 12 12 12 12 12 12 12 12 12 12 12 12 12 12 12 12 12 12 12 12 12 12 12 12 12 12 12 12 12 12 12 12 12 12 12 12 12 12 12 12 12 12 12 12 12 12 12 12 12 12 12 12 12 12 12 12 12 12 12 12 12 12 12 12 12 12 12 12 12 12 12 12 12 12 12 12 12 12 12 12 12 12 12 12 12 12 12 12 12 12 12 12 12 12 12 12 12 12 12 12 12 12 12 12 12 12 12 12 12 12 12 12 12 12 12 12 12 12 12 12 12 12 12 12 12 12 12 12 12 12 12 12 12 12 12 12 12 12 12 12 12 12 12 12 12 12 12 12 12 12 12 12 12 12 12 12 12 12 12 12 12 9 9 9 9 9 9 9 9 9 9 9 9 9 9 9 9 9 9 9 9 9 9 9 9 9 9 9 9 9 9 9 9 9 9 9 9 9 9 9 9 9 9 9 9 9 9 9 9 9 9 9 9 9 9 9 9 9 9 9 9 9 9 9 9 9 10 10 10 10 10 10 10 10 10 10 10 10 10 10 10 10 10 10 10 10 10 10 10 10 10 10 10 10 10 10 10 10 10 10 10 10 10 10 10 10 10 10 10 10 10 10 10 10 10 10 10 10 10 10 10 10 10 10 10 10 10 10 10 10 10 10 10 10 10 10 10 10 10 10 10 10 10 10 10 10 10 10 10 10 10 10 10 10 10 10 10 10 10 10 10 10 10 10 10 10 10 10 10 10 10 10 10 10 10 10 10 10 10 10 11 11 11 11 11 11 11 11 1 1 1 1 1 1 1 1 1 1 1 1 1 1 1 1 1 1 1 1 1 1 1 1 1 1 1 1 1 1 1 1 1 1 1 1 1 1 1 1 1 1 1 1 1
staticfield com/sun/tools/javac/comp/Infer inferKey Lcom/sun/tools/javac/util/Context$Key; com/sun/tools/javac/util/Context$Key
staticfield com/sun/tools/javac/comp/Infer anyPoly Lcom/sun/tools/javac/code/Type; com/sun/tools/javac/code/Type$JCNoType
instanceKlass com/sun/tools/javac/comp/Infer$IncorporationStep$11
instanceKlass com/sun/tools/javac/comp/Infer$IncorporationStep$10
instanceKlass com/sun/tools/javac/comp/Infer$IncorporationStep$9
instanceKlass com/sun/tools/javac/comp/Infer$IncorporationStep$8
instanceKlass com/sun/tools/javac/comp/Infer$IncorporationStep$7
instanceKlass com/sun/tools/javac/comp/Infer$IncorporationStep$6
instanceKlass com/sun/tools/javac/comp/Infer$IncorporationStep$5
instanceKlass com/sun/tools/javac/comp/Infer$IncorporationStep$4
instanceKlass com/sun/tools/javac/comp/Infer$IncorporationStep$3
instanceKlass com/sun/tools/javac/comp/Infer$IncorporationStep$2
instanceKlass com/sun/tools/javac/comp/Infer$IncorporationStep$1
ciInstanceKlass com/sun/tools/javac/comp/Infer$IncorporationStep 1 1 225 8 8 8 8 8 8 8 8 8 8 8 8 7 1 1 1 1 1 1 1 1 1 1 1 1 1 1 1 1 1 1 1 1 1 1 1 1 1 1 1 1 1 1 1 1 1 1 1 1 1 1 1 1 1 1 1 1 1 1 1 1 1 1 1 1 1 1 1 1 1 1 1 1 1 1 1 1 1 1 1 1 1 1 1 1 1 1 1 7 100 7 7 7 7 7 7 7 7 7 7 7 7 7 7 7 7 7 100 100 7 7 7 7 1 1 1 1 1 1 1 1 1 1 1 1 1 1 1 1 1 1 1 1 1 1 1 1 12 12 12 12 12 12 12 12 12 12 12 12 12 12 12 12 12 12 12 12 12 12 12 12 12 12 12 12 12 12 12 12 12 12 9 9 9 9 9 9 9 9 9 9 9 9 9 9 9 9 9 9 9 10 10 10 10 10 10 10 10 10 10 10 10 10 10 10 10 10 10 10 10 10 10 10 10 10 11 11 1 1 1 1 1 1 1
staticfield com/sun/tools/javac/comp/Infer$IncorporationStep CHECK_BOUNDS Lcom/sun/tools/javac/comp/Infer$IncorporationStep; com/sun/tools/javac/comp/Infer$IncorporationStep$1
staticfield com/sun/tools/javac/comp/Infer$IncorporationStep EQ_CHECK_LEGACY Lcom/sun/tools/javac/comp/Infer$IncorporationStep; com/sun/tools/javac/comp/Infer$IncorporationStep$2
staticfield com/sun/tools/javac/comp/Infer$IncorporationStep EQ_CHECK Lcom/sun/tools/javac/comp/Infer$IncorporationStep; com/sun/tools/javac/comp/Infer$IncorporationStep$3
staticfield com/sun/tools/javac/comp/Infer$IncorporationStep CROSS_UPPER_LOWER Lcom/sun/tools/javac/comp/Infer$IncorporationStep; com/sun/tools/javac/comp/Infer$IncorporationStep$4
staticfield com/sun/tools/javac/comp/Infer$IncorporationStep CROSS_UPPER_EQ Lcom/sun/tools/javac/comp/Infer$IncorporationStep; com/sun/tools/javac/comp/Infer$IncorporationStep$5
staticfield com/sun/tools/javac/comp/Infer$IncorporationStep CROSS_EQ_LOWER Lcom/sun/tools/javac/comp/Infer$IncorporationStep; com/sun/tools/javac/comp/Infer$IncorporationStep$6
staticfield com/sun/tools/javac/comp/Infer$IncorporationStep CROSS_UPPER_UPPER Lcom/sun/tools/javac/comp/Infer$IncorporationStep; com/sun/tools/javac/comp/Infer$IncorporationStep$7
staticfield com/sun/tools/javac/comp/Infer$IncorporationStep CROSS_EQ_EQ Lcom/sun/tools/javac/comp/Infer$IncorporationStep; com/sun/tools/javac/comp/Infer$IncorporationStep$8
staticfield com/sun/tools/javac/comp/Infer$IncorporationStep PROP_UPPER Lcom/sun/tools/javac/comp/Infer$IncorporationStep; com/sun/tools/javac/comp/Infer$IncorporationStep$9
staticfield com/sun/tools/javac/comp/Infer$IncorporationStep PROP_LOWER Lcom/sun/tools/javac/comp/Infer$IncorporationStep; com/sun/tools/javac/comp/Infer$IncorporationStep$10
staticfield com/sun/tools/javac/comp/Infer$IncorporationStep PROP_EQ Lcom/sun/tools/javac/comp/Infer$IncorporationStep; com/sun/tools/javac/comp/Infer$IncorporationStep$11
staticfield com/sun/tools/javac/comp/Infer$IncorporationStep $VALUES [Lcom/sun/tools/javac/comp/Infer$IncorporationStep; 11 [Lcom/sun/tools/javac/comp/Infer$IncorporationStep;
ciInstanceKlass com/sun/tools/javac/comp/Infer$IncorporationStep$1 1 1 120 1 1 1 1 1 1 1 1 1 1 1 1 1 1 1 1 1 1 1 1 1 1 1 1 1 1 1 1 1 1 1 1 1 1 1 1 1 1 1 7 7 7 7 100 7 7 7 7 7 7 1 1 1 1 1 1 1 1 1 1 1 1 1 1 1 1 1 1 1 12 12 12 12 12 12 12 12 12 12 12 12 12 12 12 12 12 12 12 12 12 12 9 9 9 9 9 9 9 9 10 10 10 10 10 10 10 10 10 10 10 10 11 11 1 1 1 1 1 1
ciInstanceKlass com/sun/tools/javac/comp/Infer$IncorporationStep$5 1 1 74 1 1 1 1 1 1 1 1 1 1 1 1 1 1 1 1 1 1 1 1 1 1 1 1 1 1 1 1 7 7 7 100 100 7 7 7 7 7 1 1 1 1 1 1 1 1 1 1 12 12 12 12 12 12 12 12 12 12 9 9 10 10 10 10 10 10 11 11 1 1 1 1 1
ciInstanceKlass com/sun/tools/javac/comp/Infer$IncorporationStep$7 1 1 111 1 1 1 1 1 1 1 1 1 1 1 1 1 1 1 1 1 1 1 1 1 1 1 1 1 1 1 1 1 1 1 1 1 1 1 1 1 1 1 1 1 7 7 7 7 7 100 7 100 7 100 7 100 100 1 1 1 1 1 1 1 1 1 1 1 1 1 1 1 12 12 12 12 12 12 12 12 12 12 12 12 12 12 12 12 12 12 9 9 9 9 9 9 10 10 10 10 10 10 10 10 10 10 10 10 1 1 1 1 1
ciInstanceKlass com/sun/tools/javac/comp/Infer$InferenceContext 1 1 425 8 8 8 1 1 1 1 1 1 1 1 1 1 1 1 1 1 1 1 1 1 1 1 1 1 1 1 1 1 1 1 1 1 1 1 1 1 1 1 1 1 1 1 1 1 1 1 1 1 1 1 1 1 1 1 1 1 1 1 1 1 1 1 1 1 1 1 1 1 1 1 1 1 1 1 1 1 1 1 1 1 1 1 1 1 1 1 1 1 1 1 1 1 1 1 1 1 1 1 1 1 1 1 1 1 1 1 1 1 1 1 1 1 1 1 1 1 1 1 1 1 1 1 1 1 1 100 7 7 7 7 7 7 7 7 7 100 7 7 7 7 7 7 7 100 7 7 7 7 7 7 7 7 100 7 7 7 7 7 7 1 1 1 1 1 1 1 1 1 1 1 1 1 1 1 1 1 1 1 1 1 1 1 1 1 1 1 1 1 1 1 1 1 1 1 1 1 1 1 1 1 1 1 1 1 1 1 1 1 1 1 1 1 1 1 1 1 1 1 1 1 1 1 1 1 1 1 1 1 1 1 1 1 1 1 1 1 1 1 1 12 12 12 12 12 12 12 12 12 12 12 12 12 12 12 12 12 12 12 12 12 12 12 12 12 12 12 12 12 12 12 12 12 12 12 12 12 12 12 12 12 12 12 12 12 12 12 12 12 12 12 12 12 12 12 12 12 12 12 12 12 12 12 12 12 12 12 12 12 12 12 12 12 12 12 12 12 12 12 12 12 9 9 9 9 9 9 9 9 9 9 9 9 10 10 10 10 10 10 10 10 10 10 10 10 10 10 10 10 10 10 10 10 10 10 10 10 10 10 10 10 10 10 10 10 10 10 10 10 10 10 10 10 10 10 10 10 10 10 10 10 10 10 10 10 10 10 10 10 10 10 10 10 10 10 10 10 10 10 10 10 10 11 11 11 11 11 11 11 11 11 11 1 1 1 1 1 1 1 1 1 1 1 1
ciInstanceKlass com/sun/tools/javac/code/Type$CapturedUndetVar 1 1 71 1 1 1 1 1 1 1 1 1 1 1 1 1 1 1 1 1 1 1 1 1 1 1 1 1 1 7 7 100 100 7 100 7 100 100 100 1 1 1 1 1 1 1 1 1 1 12 12 12 12 12 12 12 12 12 9 9 9 9 10 10 10 10 11 1 1 1 1 1 1
ciInstanceKlass com/sun/tools/javac/util/ListBuffer$1 1 1 63 1 1 1 1 1 1 1 1 1 1 1 1 1 1 1 1 1 1 1 1 1 1 1 1 1 1 1 1 7 7 7 7 100 100 100 1 1 1 1 1 1 1 1 1 12 12 12 12 12 12 12 12 9 9 9 9 10 10 10 10 10 1
ciInstanceKlass com/sun/tools/javac/code/Types$Subst 1 1 264 1 1 1 1 1 1 1 1 1 1 1 1 1 1 1 1 1 1 1 1 1 1 1 1 1 1 1 1 1 1 1 1 1 1 1 1 1 1 1 1 1 1 1 1 1 1 1 1 1 1 1 1 1 1 1 1 1 1 1 1 1 1 1 1 1 1 1 1 1 1 1 1 1 1 1 1 7 100 100 100 7 7 7 7 100 7 100 7 100 100 7 7 7 7 7 100 1 1 1 1 1 1 1 1 1 1 1 1 1 1 1 1 1 1 1 1 1 1 1 1 1 1 1 1 1 1 1 1 1 1 1 1 1 1 1 1 1 1 1 1 1 1 1 1 12 12 12 12 12 12 12 12 12 12 12 12 12 12 12 12 12 12 12 12 12 12 12 12 12 12 12 12 12 12 12 12 12 12 12 12 12 12 12 12 12 12 12 12 12 12 12 12 12 12 12 12 9 9 9 9 9 9 9 9 9 9 9 9 9 9 9 9 9 9 9 9 10 10 10 10 10 10 10 10 10 10 10 10 10 10 10 10 10 10 10 10 10 10 10 10 10 10 10 10 10 10 10 10 10 10 10 1 1 1 1 1 1 1 1 1 1 1 1
ciInstanceKlass java/util/EnumMap$EntrySet 1 1 117 1 1 1 1 1 1 1 1 1 1 1 1 1 1 1 1 1 1 1 1 1 1 1 1 1 1 1 1 1 1 1 1 1 1 1 1 1 1 1 1 1 1 1 1 1 100 100 100 100 100 100 7 100 100 7 7 100 100 1 1 1 1 1 1 1 1 1 1 1 1 1 1 1 1 12 12 12 12 12 12 12 12 12 12 12 12 12 12 12 12 12 12 12 9 10 10 10 10 10 10 10 10 10 10 10 10 10 10 10 10 11 11 1 1 1 1
instanceKlass java/util/EnumMap$EntryIterator
ciInstanceKlass java/util/EnumMap$EnumMapIterator 1 1 66 1 1 1 1 1 1 1 1 1 1 1 1 1 1 1 1 1 1 1 1 1 1 1 1 100 7 7 100 7 100 1 1 1 1 1 1 12 12 12 12 12 12 12 12 9 9 9 10 10 10 10 10 10 1 1 1 100 1 8 1 1 12 10 1 1
ciInstanceKlass java/util/EnumMap$EntryIterator 1 1 78 1 1 1 1 1 1 1 1 1 1 1 1 1 1 1 1 1 1 1 1 1 1 1 1 1 1 1 1 1 100 100 7 7 7 100 100 100 1 1 1 1 1 1 1 1 1 1 1 12 12 12 12 12 12 12 12 12 12 12 12 12 9 9 9 9 10 10 10 10 10 10 10 10 10 1 1 1
ciInstanceKlass java/util/EnumMap$EntryIterator$Entry 1 1 118 8 8 1 1 1 1 1 1 1 1 1 1 1 1 1 1 1 1 1 1 1 1 1 1 1 1 1 1 1 1 1 1 1 1 1 1 1 1 1 1 1 1 1 1 1 1 1 1 1 1 100 7 100 7 100 7 7 100 100 1 1 1 1 1 1 1 1 1 1 1 1 1 1 12 12 12 12 12 12 12 12 12 12 12 12 12 12 12 12 12 12 12 12 9 9 9 10 10 10 10 10 10 10 10 10 10 10 10 10 10 10 10 10 11 11 1 1
ciInstanceKlass com/sun/tools/javac/code/Type$UndetVar$1 1 1 50 1 1 1 1 1 1 1 1 1 1 1 1 1 1 1 1 1 1 1 7 7 100 7 7 1 1 1 1 1 1 1 1 12 12 12 12 12 12 12 9 9 9 9 10 10 10 1 1 1
instanceKlass com/sun/tools/javac/code/Type$UndetVar$InferenceBound$3
instanceKlass com/sun/tools/javac/code/Type$UndetVar$InferenceBound$2
instanceKlass com/sun/tools/javac/code/Type$UndetVar$InferenceBound$1
ciInstanceKlass com/sun/tools/javac/code/Type$UndetVar$InferenceBound 1 1 68 8 8 8 7 1 1 1 1 1 1 1 1 1 1 1 1 1 1 1 1 1 1 1 1 1 1 1 1 1 7 100 100 100 7 7 7 7 1 1 1 1 1 1 1 1 1 12 12 12 12 12 12 12 9 9 9 9 10 10 10 10 10 10 10 1 1 1
staticfield com/sun/tools/javac/code/Type$UndetVar$InferenceBound UPPER Lcom/sun/tools/javac/code/Type$UndetVar$InferenceBound; com/sun/tools/javac/code/Type$UndetVar$InferenceBound$1
staticfield com/sun/tools/javac/code/Type$UndetVar$InferenceBound LOWER Lcom/sun/tools/javac/code/Type$UndetVar$InferenceBound; com/sun/tools/javac/code/Type$UndetVar$InferenceBound$2
staticfield com/sun/tools/javac/code/Type$UndetVar$InferenceBound EQ Lcom/sun/tools/javac/code/Type$UndetVar$InferenceBound; com/sun/tools/javac/code/Type$UndetVar$InferenceBound$3
staticfield com/sun/tools/javac/code/Type$UndetVar$InferenceBound $VALUES [Lcom/sun/tools/javac/code/Type$UndetVar$InferenceBound; 3 [Lcom/sun/tools/javac/code/Type$UndetVar$InferenceBound;
ciInstanceKlass com/sun/tools/javac/code/Type$UndetVar$UndetVarListener 1 0 21 1 1 1 1 1 1 1 1 1 100 100 100 100 100 1 1 1 1 1 1
ciInstanceKlass com/sun/tools/javac/code/Type$UndetVar$InferenceBound$1 1 1 30 1 1 1 1 1 1 1 1 1 1 1 1 1 100 100 100 7 100 1 1 1 1 12 12 9 10 1 1 1
ciInstanceKlass com/sun/tools/javac/code/Type$UndetVar$InferenceBound$2 1 1 30 1 1 1 1 1 1 1 1 1 1 1 1 1 100 100 100 7 100 1 1 1 1 12 12 9 10 1 1 1
ciInstanceKlass com/sun/tools/javac/code/Type$UndetVar$InferenceBound$3 1 1 30 1 1 1 1 1 1 1 1 1 1 1 1 1 100 100 100 7 100 1 1 1 1 12 12 9 10 1 1 1
ciInstanceKlass com/sun/tools/javac/comp/Infer$MultiUndetVarListener 1 1 80 1 1 1 1 1 1 1 1 1 1 1 1 1 1 1 1 1 1 1 1 1 1 1 1 1 1 1 1 1 1 1 1 1 7 7 100 100 7 7 7 7 7 7 1 1 1 1 1 1 1 1 1 1 1 12 12 12 12 12 12 12 12 12 12 9 9 9 9 9 10 10 11 11 11 1 1 1 1 1
ciInstanceKlass com/sun/tools/javac/comp/Infer$BoundFilter 1 1 54 1 1 1 1 1 1 1 1 1 1 1 1 1 1 1 1 1 1 1 1 1 1 7 7 100 7 7 100 7 1 1 1 1 1 1 1 12 12 12 12 12 12 12 9 9 10 10 10 10 10 1 1 1
ciInstanceKlass com/sun/tools/javac/code/Type$UndetVar$2 1 1 48 1 1 1 1 1 1 1 1 1 1 1 1 1 1 1 1 1 1 1 1 100 100 7 100 100 7 7 1 1 1 1 1 1 1 12 12 12 12 12 9 9 10 10 1 1 1 1
instanceKlass com/sun/tools/javac/comp/Infer$IncorporationBinaryOpKind$5
instanceKlass com/sun/tools/javac/comp/Infer$IncorporationBinaryOpKind$4
instanceKlass com/sun/tools/javac/comp/Infer$IncorporationBinaryOpKind$3
instanceKlass com/sun/tools/javac/comp/Infer$IncorporationBinaryOpKind$2
instanceKlass com/sun/tools/javac/comp/Infer$IncorporationBinaryOpKind$1
ciInstanceKlass com/sun/tools/javac/comp/Infer$IncorporationBinaryOpKind 1 1 79 8 8 8 8 8 7 1 1 1 1 1 1 1 1 1 1 1 1 1 1 1 1 1 1 1 1 1 1 1 1 1 1 1 1 100 100 100 7 7 7 7 7 7 1 1 1 1 1 1 1 1 1 12 12 12 12 12 12 12 12 12 9 9 9 9 9 9 10 10 10 10 10 10 10 10 10 1 1
staticfield com/sun/tools/javac/comp/Infer$IncorporationBinaryOpKind IS_SUBTYPE Lcom/sun/tools/javac/comp/Infer$IncorporationBinaryOpKind; com/sun/tools/javac/comp/Infer$IncorporationBinaryOpKind$1
staticfield com/sun/tools/javac/comp/Infer$IncorporationBinaryOpKind IS_SAME_TYPE Lcom/sun/tools/javac/comp/Infer$IncorporationBinaryOpKind; com/sun/tools/javac/comp/Infer$IncorporationBinaryOpKind$2
staticfield com/sun/tools/javac/comp/Infer$IncorporationBinaryOpKind ADD_UPPER_BOUND Lcom/sun/tools/javac/comp/Infer$IncorporationBinaryOpKind; com/sun/tools/javac/comp/Infer$IncorporationBinaryOpKind$3
staticfield com/sun/tools/javac/comp/Infer$IncorporationBinaryOpKind ADD_LOWER_BOUND Lcom/sun/tools/javac/comp/Infer$IncorporationBinaryOpKind; com/sun/tools/javac/comp/Infer$IncorporationBinaryOpKind$4
staticfield com/sun/tools/javac/comp/Infer$IncorporationBinaryOpKind ADD_EQ_BOUND Lcom/sun/tools/javac/comp/Infer$IncorporationBinaryOpKind; com/sun/tools/javac/comp/Infer$IncorporationBinaryOpKind$5
staticfield com/sun/tools/javac/comp/Infer$IncorporationBinaryOpKind $VALUES [Lcom/sun/tools/javac/comp/Infer$IncorporationBinaryOpKind; 5 [Lcom/sun/tools/javac/comp/Infer$IncorporationBinaryOpKind;
ciInstanceKlass com/sun/tools/javac/comp/Infer$IncorporationBinaryOpKind$1 1 1 29 1 1 1 1 1 1 1 1 1 1 1 1 1 7 100 100 7 100 1 1 1 1 12 12 10 10 1 1
ciInstanceKlass com/sun/tools/javac/comp/Infer$IncorporationBinaryOpKind$2 1 1 29 1 1 1 1 1 1 1 1 1 1 1 1 1 7 100 100 7 100 1 1 1 1 12 12 10 10 1 1
ciInstanceKlass com/sun/tools/javac/comp/Infer$IncorporationBinaryOp 1 1 61 1 1 1 1 1 1 1 1 1 1 1 1 1 1 1 1 1 1 1 1 1 1 7 7 7 7 7 1 1 1 1 1 1 1 1 1 1 12 12 12 12 12 12 12 12 12 12 9 9 9 9 9 10 10 10 10 10 1 1 1
instanceKlass com/sun/tools/javac/comp/Infer$BoundErrorKind$6
instanceKlass com/sun/tools/javac/comp/Infer$BoundErrorKind$5
instanceKlass com/sun/tools/javac/comp/Infer$BoundErrorKind$4
instanceKlass com/sun/tools/javac/comp/Infer$BoundErrorKind$3
instanceKlass com/sun/tools/javac/comp/Infer$BoundErrorKind$2
instanceKlass com/sun/tools/javac/comp/Infer$BoundErrorKind$1
ciInstanceKlass com/sun/tools/javac/comp/Infer$BoundErrorKind 1 1 99 8 8 8 8 8 8 7 1 1 1 1 1 1 1 1 1 1 1 1 1 1 1 1 1 1 1 1 1 1 1 1 1 1 1 1 1 1 1 1 1 1 1 100 100 100 100 100 7 7 7 7 7 7 100 100 100 7 1 1 1 1 1 1 1 1 1 12 12 12 12 12 12 12 12 12 12 9 9 9 9 9 9 9 10 10 10 10 10 10 10 10 10 10 1 1 1 1 1
staticfield com/sun/tools/javac/comp/Infer$BoundErrorKind BAD_UPPER Lcom/sun/tools/javac/comp/Infer$BoundErrorKind; com/sun/tools/javac/comp/Infer$BoundErrorKind$1
staticfield com/sun/tools/javac/comp/Infer$BoundErrorKind BAD_EQ_UPPER Lcom/sun/tools/javac/comp/Infer$BoundErrorKind; com/sun/tools/javac/comp/Infer$BoundErrorKind$2
staticfield com/sun/tools/javac/comp/Infer$BoundErrorKind BAD_EQ_LOWER Lcom/sun/tools/javac/comp/Infer$BoundErrorKind; com/sun/tools/javac/comp/Infer$BoundErrorKind$3
staticfield com/sun/tools/javac/comp/Infer$BoundErrorKind UPPER Lcom/sun/tools/javac/comp/Infer$BoundErrorKind; com/sun/tools/javac/comp/Infer$BoundErrorKind$4
staticfield com/sun/tools/javac/comp/Infer$BoundErrorKind LOWER Lcom/sun/tools/javac/comp/Infer$BoundErrorKind; com/sun/tools/javac/comp/Infer$BoundErrorKind$5
staticfield com/sun/tools/javac/comp/Infer$BoundErrorKind EQ Lcom/sun/tools/javac/comp/Infer$BoundErrorKind; com/sun/tools/javac/comp/Infer$BoundErrorKind$6
staticfield com/sun/tools/javac/comp/Infer$BoundErrorKind $VALUES [Lcom/sun/tools/javac/comp/Infer$BoundErrorKind; 6 [Lcom/sun/tools/javac/comp/Infer$BoundErrorKind;
ciInstanceKlass com/sun/tools/javac/comp/Infer$BoundErrorKind$1 1 1 58 8 1 1 1 1 1 1 1 1 1 1 1 1 1 1 1 1 1 1 1 1 1 1 100 100 100 100 100 7 100 100 100 100 100 1 1 1 1 1 1 1 12 12 12 12 12 9 9 10 10 10 1 1 1 1 1 1
ciInstanceKlass com/sun/tools/javac/comp/Infer$BoundErrorKind$4 1 1 58 8 1 1 1 1 1 1 1 1 1 1 1 1 1 1 1 1 1 1 1 1 1 1 100 7 7 100 100 7 100 7 100 100 7 1 1 1 1 1 1 1 12 12 12 12 12 9 9 10 10 10 1 1 1 1 1 1
ciInstanceKlass com/sun/tools/javac/comp/Infer$BoundErrorKind$5 1 1 58 8 1 1 1 1 1 1 1 1 1 1 1 1 1 1 1 1 1 1 1 1 1 1 100 7 7 100 100 7 100 7 100 100 7 1 1 1 1 1 1 1 12 12 12 12 12 9 9 10 10 10 1 1 1 1 1 1
ciInstanceKlass com/sun/tools/javac/comp/Infer$BoundErrorKind$6 1 1 58 8 1 1 1 1 1 1 1 1 1 1 1 1 1 1 1 1 1 1 1 1 1 1 100 100 100 100 100 7 100 100 100 100 100 1 1 1 1 1 1 1 12 12 12 12 12 9 9 10 10 10 1 1 1 1 1 1
compile com/sun/tools/javac/comp/Infer$IncorporationStep$1 apply (Lcom/sun/tools/javac/code/Type$UndetVar;Lcom/sun/tools/javac/comp/Infer$InferenceContext;Lcom/sun/tools/javac/util/Warner;)V -1 4 inline 295 0 -1 com/sun/tools/javac/comp/Infer$IncorporationStep$1 apply (Lcom/sun/tools/javac/code/Type$UndetVar;Lcom/sun/tools/javac/comp/Infer$InferenceContext;Lcom/sun/tools/javac/util/Warner;)V 1 1 com/sun/tools/javac/comp/Infer$InferenceContext access$100 (Lcom/sun/tools/javac/comp/Infer$InferenceContext;)Lcom/sun/tools/javac/comp/Infer; 2 1 com/sun/tools/javac/comp/Infer$InferenceContext infer ()Lcom/sun/tools/javac/comp/Infer; 1 8 com/sun/tools/javac/comp/Infer$InferenceContext inferenceVars ()Lcom/sun/tools/javac/util/List; 1 12 com/sun/tools/javac/comp/Infer$InferenceContext instTypes ()Lcom/sun/tools/javac/util/List; 2 4 com/sun/tools/javac/util/ListBuffer <init> ()V 3 1 java/util/AbstractQueue <init> ()V 4 1 java/util/AbstractCollection <init> ()V 5 1 java/lang/Object <init> ()V 3 5 com/sun/tools/javac/util/ListBuffer clear ()V 4 1 com/sun/tools/javac/util/List nil ()Lcom/sun/tools/javac/util/List; 2 12 com/sun/tools/javac/util/List iterator ()Ljava/util/Iterator; 3 7 com/sun/tools/javac/util/List emptyIterator ()Ljava/util/Iterator; 3 16 com/sun/tools/javac/util/List$3 <init> (Lcom/sun/tools/javac/util/List;)V 4 6 java/lang/Object <init> ()V 2 17 com/sun/tools/javac/util/List$3 hasNext ()Z 2 26 com/sun/tools/javac/util/List$3 next ()Ljava/lang/Object; 2 63 com/sun/tools/javac/util/ListBuffer append (Ljava/lang/Object;)Lcom/sun/tools/javac/util/ListBuffer; 3 17 com/sun/tools/javac/util/List of (Ljava/lang/Object;)Lcom/sun/tools/javac/util/List; 4 5 com/sun/tools/javac/util/List nil ()Lcom/sun/tools/javac/util/List; 4 8 com/sun/tools/javac/util/List <init> (Ljava/lang/Object;Lcom/sun/tools/javac/util/List;)V 5 1 java/util/AbstractCollection <init> ()V 6 1 java/lang/Object <init> ()V 2 71 com/sun/tools/javac/util/ListBuffer toList ()Lcom/sun/tools/javac/util/List; 1 20 com/sun/tools/javac/code/Type$UndetVar substBounds (Lcom/sun/tools/javac/util/List;Lcom/sun/tools/javac/util/List;Lcom/sun/tools/javac/code/Types;)V 2 2 com/sun/tools/javac/util/List diff (Lcom/sun/tools/javac/util/List;)Lcom/sun/tools/javac/util/List; 3 4 com/sun/tools/javac/util/ListBuffer <init> ()V 4 1 java/util/AbstractQueue <init> ()V 5 1 java/util/AbstractCollection <init> ()V 6 1 java/lang/Object <init> ()V 4 5 com/sun/tools/javac/util/ListBuffer clear ()V 5 1 com/sun/tools/javac/util/List nil ()Lcom/sun/tools/javac/util/List; 3 9 com/sun/tools/javac/util/List iterator ()Ljava/util/Iterator; 4 7 com/sun/tools/javac/util/List emptyIterator ()Ljava/util/Iterator; 4 16 com/sun/tools/javac/util/List$3 <init> (Lcom/sun/tools/javac/util/List;)V 5 6 java/lang/Object <init> ()V 3 14 com/sun/tools/javac/util/List$3 hasNext ()Z 3 23 com/sun/tools/javac/util/List$3 next ()Ljava/lang/Object; 3 33 com/sun/tools/javac/util/List contains (Ljava/lang/Object;)Z 3 42 com/sun/tools/javac/util/ListBuffer append (Ljava/lang/Object;)Lcom/sun/tools/javac/util/ListBuffer; 4 17 com/sun/tools/javac/util/List of (Ljava/lang/Object;)Lcom/sun/tools/javac/util/List; 5 5 com/sun/tools/javac/util/List nil ()Lcom/sun/tools/javac/util/List; 5 8 com/sun/tools/javac/util/List <init> (Ljava/lang/Object;Lcom/sun/tools/javac/util/List;)V 6 1 java/util/AbstractCollection <init> ()V 7 1 java/lang/Object <init> ()V 3 50 com/sun/tools/javac/util/ListBuffer toList ()Lcom/sun/tools/javac/util/List; 2 9 com/sun/tools/javac/util/List$1 isEmpty ()Z 2 9 com/sun/tools/javac/util/List isEmpty ()Z 2 18 java/util/EnumSet noneOf (Ljava/lang/Class;)Ljava/util/EnumSet; 3 1 java/util/EnumSet getUniverse (Ljava/lang/Class;)[Ljava/lang/Enum; 4 0 sun/misc/SharedSecrets getJavaLangAccess ()Lsun/misc/JavaLangAccess; 4 4 java/lang/System$2 getEnumConstantsShared (Ljava/lang/Class;)[Ljava/lang/Enum; 5 1 java/lang/Class getEnumConstantsShared ()[Ljava/lang/Object; 6 8 java/lang/Class isEnum ()Z 6 34 java/lang/Class$4 <init> (Ljava/lang/Class;Ljava/lang/reflect/Method;)V 7 11 java/lang/Object <init> ()V 3 49 java/util/RegularEnumSet <init> (Ljava/lang/Class;[Ljava/lang/Enum;)V 4 3 java/util/EnumSet <init> (Ljava/lang/Class;[Ljava/lang/Enum;)V 5 1 java/util/AbstractSet <init> ()V 6 1 java/util/AbstractCollection <init> ()V 7 1 java/lang/Object <init> ()V 3 59 java/util/JumboEnumSet <init> (Ljava/lang/Class;[Ljava/lang/Enum;)V 4 3 java/util/EnumSet <init> (Ljava/lang/Class;[Ljava/lang/Enum;)V 5 1 java/util/AbstractSet <init> ()V 6 1 java/util/AbstractCollection <init> ()V 7 1 java/lang/Object <init> ()V 2 37 com/sun/tools/javac/code/Type$UndetVar$2 <init> (Lcom/sun/tools/javac/code/Type$UndetVar;Ljava/util/EnumSet;)V 3 11 java/lang/Object <init> ()V 2 47 java/util/EnumMap entrySet ()Ljava/util/Set; 3 18 java/util/EnumMap$EntrySet <init> (Ljava/util/EnumMap;Ljava/util/EnumMap$1;)V 4 2 java/util/EnumMap$EntrySet <init> (Ljava/util/EnumMap;)V 5 6 java/util/AbstractSet <init> ()V 6 1 java/util/AbstractCollection <init> ()V 7 1 java/lang/Object <init> ()V 2 52 java/util/EnumMap$EntrySet iterator ()Ljava/util/Iterator; 3 9 java/util/EnumMap$EntryIterator <init> (Ljava/util/EnumMap;Ljava/util/EnumMap$1;)V 4 2 java/util/EnumMap$EntryIterator <init> (Ljava/util/EnumMap;)V 5 8 java/util/EnumMap$EnumMapIterator <init> (Ljava/util/EnumMap;Ljava/util/EnumMap$1;)V 6 2 java/util/EnumMap$EnumMapIterator <init> (Ljava/util/EnumMap;)V 7 6 java/lang/Object <init> ()V 2 61 java/util/EnumMap$EnumMapIterator hasNext ()Z 3 8 java/util/EnumMap access$600 (Ljava/util/EnumMap;)[Ljava/lang/Object; 3 19 java/util/EnumMap access$600 (Ljava/util/EnumMap;)[Ljava/lang/Object; 3 51 java/util/EnumMap access$600 (Ljava/util/EnumMap;)[Ljava/lang/Object; 2 71 java/util/EnumMap$EntryIterator next ()Ljava/lang/Object; 3 1 java/util/EnumMap$EntryIterator next ()Ljava/util/Map$Entry; 4 1 java/util/EnumMap$EnumMapIterator hasNext ()Z 5 8 java/util/EnumMap access$600 (Ljava/util/EnumMap;)[Ljava/lang/Object; 5 19 java/util/EnumMap access$600 (Ljava/util/EnumMap;)[Ljava/lang/Object; 5 51 java/util/EnumMap access$600 (Ljava/util/EnumMap;)[Ljava/lang/Object; 4 33 java/util/EnumMap$EntryIterator$Entry <init> (Ljava/util/EnumMap$EntryIterator;ILjava/util/EnumMap$1;)V 5 3 java/util/EnumMap$EntryIterator$Entry <init> (Ljava/util/EnumMap$EntryIterator;I)V 6 6 java/lang/Object <init> ()V 2 83 java/util/EnumMap$EntryIterator$Entry getKey ()Ljava/lang/Object; 3 1 java/util/EnumMap$EntryIterator$Entry getKey ()Ljava/lang/Enum; 4 1 java/util/EnumMap$EntryIterator$Entry checkIndexForEntryUse ()V 4 11 java/util/EnumMap access$1100 (Ljava/util/EnumMap;)[Ljava/lang/Enum; 2 95 java/util/EnumMap$EntryIterator$Entry getValue ()Ljava/lang/Object; 3 1 java/util/EnumMap$EntryIterator$Entry checkIndexForEntryUse ()V 3 18 java/util/EnumMap access$600 (Ljava/util/EnumMap;)[Ljava/lang/Object; 3 26 java/util/EnumMap access$1200 (Ljava/util/EnumMap;Ljava/lang/Object;)Ljava/lang/Object; 4 2 java/util/EnumMap unmaskNull (Ljava/lang/Object;)Ljava/lang/Object; 2 109 com/sun/tools/javac/util/ListBuffer <init> ()V 3 1 java/util/AbstractQueue <init> ()V 4 1 java/util/AbstractCollection <init> ()V 5 1 java/lang/Object <init> ()V 3 5 com/sun/tools/javac/util/ListBuffer clear ()V 4 1 com/sun/tools/javac/util/List nil ()Lcom/sun/tools/javac/util/List; 2 118 com/sun/tools/javac/util/ListBuffer <init> ()V 3 1 java/util/AbstractQueue <init> ()V 4 1 java/util/AbstractCollection <init> ()V 5 1 java/lang/Object <init> ()V 3 5 com/sun/tools/javac/util/ListBuffer clear ()V 4 1 com/sun/tools/javac/util/List nil ()Lcom/sun/tools/javac/util/List; 2 125 com/sun/tools/javac/util/List iterator ()Ljava/util/Iterator; 3 7 com/sun/tools/javac/util/List emptyIterator ()Ljava/util/Iterator; 3 16 com/sun/tools/javac/util/List$3 <init> (Lcom/sun/tools/javac/util/List;)V 4 6 java/lang/Object <init> ()V 2 132 com/sun/tools/javac/util/List$3 hasNext ()Z 2 132 com/sun/tools/javac/util/List$2 hasNext ()Z 2 142 com/sun/tools/javac/util/List$3 next ()Ljava/lang/Object; 2 156 com/sun/tools/javac/code/Type containsAny (Lcom/sun/tools/javac/util/List;)Z 3 1 com/sun/tools/javac/util/List iterator ()Ljava/util/Iterator; 4 7 com/sun/tools/javac/util/List emptyIterator ()Ljava/util/Iterator; 4 16 com/sun/tools/javac/util/List$3 <init> (Lcom/sun/tools/javac/util/List;)V 5 6 java/lang/Object <init> ()V 3 6 com/sun/tools/javac/util/List$2 hasNext ()Z 3 6 com/sun/tools/javac/util/List$3 hasNext ()Z 3 15 com/sun/tools/javac/util/List$3 next ()Ljava/lang/Object; 2 166 com/sun/tools/javac/util/ListBuffer append (Ljava/lang/Object;)Lcom/sun/tools/javac/util/ListBuffer; 3 17 com/sun/tools/javac/util/List of (Ljava/lang/Object;)Lcom/sun/tools/javac/util/List; 4 5 com/sun/tools/javac/util/List nil ()Lcom/sun/tools/javac/util/List; 4 8 com/sun/tools/javac/util/List <init> (Ljava/lang/Object;Lcom/sun/tools/javac/util/List;)V 5 1 java/util/AbstractCollection <init> ()V 6 1 java/lang/Object <init> ()V 2 177 com/sun/tools/javac/util/ListBuffer append (Ljava/lang/Object;)Lcom/sun/tools/javac/util/ListBuffer; 3 17 com/sun/tools/javac/util/List of (Ljava/lang/Object;)Lcom/sun/tools/javac/util/List; 4 5 com/sun/tools/javac/util/List nil ()Lcom/sun/tools/javac/util/List; 4 8 com/sun/tools/javac/util/List <init> (Ljava/lang/Object;Lcom/sun/tools/javac/util/List;)V 5 1 java/util/AbstractCollection <init> ()V 6 1 java/lang/Object <init> ()V 2 192 com/sun/tools/javac/util/ListBuffer toList ()Lcom/sun/tools/javac/util/List; 2 195 java/util/EnumMap put (Ljava/lang/Object;Ljava/lang/Object;)Ljava/lang/Object; 3 6 java/util/EnumMap put (Ljava/lang/Enum;Ljava/lang/Object;)Ljava/lang/Object; 4 2 java/util/EnumMap typeCheck (Ljava/lang/Enum;)V 4 6 java/lang/Enum ordinal ()I 4 25 java/util/EnumMap maskNull (Ljava/lang/Object;)Ljava/lang/Object; 4 47 java/util/EnumMap unmaskNull (Ljava/lang/Object;)Ljava/lang/Object; 2 203 com/sun/tools/javac/util/ListBuffer iterator ()Ljava/util/Iterator; 3 5 com/sun/tools/javac/util/ListBuffer$1 <init> (Lcom/sun/tools/javac/util/ListBuffer;)V 4 6 java/lang/Object <init> ()V 4 14 com/sun/tools/javac/util/ListBuffer access$000 (Lcom/sun/tools/javac/util/ListBuffer;)Lcom/sun/tools/javac/util/List; 2 210 com/sun/tools/javac/util/ListBuffer$1 hasNext ()Z 3 4 com/sun/tools/javac/util/List$1 isEmpty ()Z 3 4 com/sun/tools/javac/util/List isEmpty ()Z 2 220 com/sun/tools/javac/util/ListBuffer$1 next ()Ljava/lang/Object; 3 4 com/sun/tools/javac/util/List isEmpty ()Z 2 238 com/sun/tools/javac/code/Types subst (Lcom/sun/tools/javac/code/Type;Lcom/sun/tools/javac/util/List;Lcom/sun/tools/javac/util/List;)Lcom/sun/tools/javac/code/Type; 3 7 com/sun/tools/javac/code/Types$Subst <init> (Lcom/sun/tools/javac/code/Types;Lcom/sun/tools/javac/util/List;Lcom/sun/tools/javac/util/List;)V 4 6 com/sun/tools/javac/code/Types$UnaryVisitor <init> ()V 5 1 com/sun/tools/javac/code/Types$SimpleVisitor <init> ()V 6 1 com/sun/tools/javac/code/Types$DefaultTypeVisitor <init> ()V 7 1 java/lang/Object <init> ()V 4 10 com/sun/tools/javac/util/List length ()I 4 16 com/sun/tools/javac/util/List length ()I 3 11 com/sun/tools/javac/code/Types$Subst subst (Lcom/sun/tools/javac/code/Type;)Lcom/sun/tools/javac/code/Type; 4 14 com/sun/tools/javac/code/Types$UnaryVisitor visit (Lcom/sun/tools/javac/code/Type;)Ljava/lang/Object; 2 260 java/util/RegularEnumSet isEmpty ()Z 2 269 com/sun/tools/javac/code/Type$UndetVar notifyChange (Ljava/util/EnumSet;)V 1 27 com/sun/tools/javac/comp/Infer checkCompatibleUpperBounds (Lcom/sun/tools/javac/code/Type$UndetVar;Lcom/sun/tools/javac/comp/Infer$InferenceContext;)V 2 11 com/sun/tools/javac/code/Type$UndetVar getBounds ([Lcom/sun/tools/javac/code/Type$UndetVar$InferenceBound;)Lcom/sun/tools/javac/util/List; 3 4 com/sun/tools/javac/util/ListBuffer <init> ()V 4 1 java/util/AbstractQueue <init> ()V 5 1 java/util/AbstractCollection <init> ()V 6 1 java/lang/Object <init> ()V 4 5 com/sun/tools/javac/util/ListBuffer clear ()V 5 1 com/sun/tools/javac/util/List nil ()Lcom/sun/tools/javac/util/List; 3 37 java/util/EnumMap get (Ljava/lang/Object;)Ljava/lang/Object; 4 2 java/util/EnumMap isValidKey (Ljava/lang/Object;)Z 4 17 java/lang/Enum ordinal ()I 4 21 java/util/EnumMap unmaskNull (Ljava/lang/Object;)Ljava/lang/Object; 3 45 com/sun/tools/javac/util/ListBuffer appendList (Lcom/sun/tools/javac/util/List;)Lcom/sun/tools/javac/util/ListBuffer; 4 1 com/sun/tools/javac/util/List nonEmpty ()Z 4 12 com/sun/tools/javac/util/ListBuffer append (Ljava/lang/Object;)Lcom/sun/tools/javac/util/ListBuffer; 5 17 com/sun/tools/javac/util/List of (Ljava/lang/Object;)Lcom/sun/tools/javac/util/List; 6 5 com/sun/tools/javac/util/List nil ()Lcom/sun/tools/javac/util/List; 6 8 com/sun/tools/javac/util/List <init> (Ljava/lang/Object;Lcom/sun/tools/javac/util/List;)V 7 1 java/util/AbstractCollection <init> ()V 8 1 java/lang/Object <init> ()V 3 56 com/sun/tools/javac/util/ListBuffer toList ()Lcom/sun/tools/javac/util/List; 2 19 com/sun/tools/javac/comp/Infer$BoundFilter <init> (Lcom/sun/tools/javac/comp/Infer$InferenceContext;)V 3 1 java/lang/Object <init> ()V 2 22 com/sun/tools/javac/code/Type filter (Lcom/sun/tools/javac/util/List;Lcom/sun/tools/javac/util/Filter;)Lcom/sun/tools/javac/util/List; 3 4 com/sun/tools/javac/util/ListBuffer <init> ()V 4 1 java/util/AbstractQueue <init> ()V 5 1 java/util/AbstractCollection <init> ()V 6 1 java/lang/Object <init> ()V 4 5 com/sun/tools/javac/util/ListBuffer clear ()V 5 1 com/sun/tools/javac/util/List nil ()Lcom/sun/tools/javac/util/List; 3 9 com/sun/tools/javac/util/List iterator ()Ljava/util/Iterator; 4 7 com/sun/tools/javac/util/List emptyIterator ()Ljava/util/Iterator; 4 16 com/sun/tools/javac/util/List$3 <init> (Lcom/sun/tools/javac/util/List;)V 5 6 java/lang/Object <init> ()V 3 14 com/sun/tools/javac/util/List$3 hasNext ()Z 3 14 com/sun/tools/javac/util/List$2 hasNext ()Z 3 23 com/sun/tools/javac/util/List$3 next ()Ljava/lang/Object; 3 36 com/sun/tools/javac/comp/Infer$BoundFilter accepts (Ljava/lang/Object;)Z 4 5 com/sun/tools/javac/comp/Infer$BoundFilter accepts (Lcom/sun/tools/javac/code/Type;)Z 5 1 com/sun/tools/javac/code/Type$ClassType isErroneous ()Z 6 1 com/sun/tools/javac/code/Type$ClassType getEnclosingType ()Lcom/sun/tools/javac/code/Type; 6 4 com/sun/tools/javac/code/Type isErroneous ()Z 6 11 com/sun/tools/javac/code/Type$ClassType getTypeArguments ()Lcom/sun/tools/javac/util/List; 7 8 com/sun/tools/javac/code/Type$ClassType complete ()V 7 19 com/sun/tools/javac/util/List nil ()Lcom/sun/tools/javac/util/List; 6 14 com/sun/tools/javac/code/Type isErroneous (Lcom/sun/tools/javac/util/List;)Z 7 3 com/sun/tools/javac/util/List nonEmpty ()Z 6 28 com/sun/tools/javac/code/Type unannotatedType ()Lcom/sun/tools/javac/code/Type; 6 41 com/sun/tools/javac/code/Type$ClassType isErroneous ()Z 7 1 com/sun/tools/javac/code/Type$ClassType getEnclosingType ()Lcom/sun/tools/javac/code/Type; 7 4 com/sun/tools/javac/code/Type isErroneous ()Z 7 11 com/sun/tools/javac/code/Type$ClassType getTypeArguments ()Lcom/sun/tools/javac/util/List; 8 8 com/sun/tools/javac/code/Type$ClassType complete ()V 8 19 com/sun/tools/javac/util/List nil ()Lcom/sun/tools/javac/util/List; 7 14 com/sun/tools/javac/code/Type isErroneous (Lcom/sun/tools/javac/util/List;)Z 8 3 com/sun/tools/javac/util/List nonEmpty ()Z 7 28 com/sun/tools/javac/code/Type unannotatedType ()Lcom/sun/tools/javac/code/Type; 5 12 com/sun/tools/javac/comp/Infer$InferenceContext free (Lcom/sun/tools/javac/code/Type;)Z 6 5 com/sun/tools/javac/code/Type containsAny (Lcom/sun/tools/javac/util/List;)Z 7 1 com/sun/tools/javac/util/List iterator ()Ljava/util/Iterator; 8 7 com/sun/tools/javac/util/List emptyIterator ()Ljava/util/Iterator; 8 16 com/sun/tools/javac/util/List$3 <init> (Lcom/sun/tools/javac/util/List;)V 9 6 java/lang/Object <init> ()V 7 6 com/sun/tools/javac/util/List$2 hasNext ()Z 7 6 com/sun/tools/javac/util/List$3 hasNext ()Z 7 15 com/sun/tools/javac/util/List$3 next ()Ljava/lang/Object; 5 22 com/sun/tools/javac/code/Type hasTag (Lcom/sun/tools/javac/code/TypeTag;)Z 3 47 com/sun/tools/javac/util/ListBuffer append (Ljava/lang/Object;)Lcom/sun/tools/javac/util/ListBuffer; 4 17 com/sun/tools/javac/util/List of (Ljava/lang/Object;)Lcom/sun/tools/javac/util/List; 5 5 com/sun/tools/javac/util/List nil ()Lcom/sun/tools/javac/util/List; 5 8 com/sun/tools/javac/util/List <init> (Ljava/lang/Object;Lcom/sun/tools/javac/util/List;)V 6 1 java/util/AbstractCollection <init> ()V 7 1 java/lang/Object <init> ()V 3 55 com/sun/tools/javac/util/ListBuffer toList ()Lcom/sun/tools/javac/util/List; 2 30 com/sun/tools/javac/util/List isEmpty ()Z 2 30 com/sun/tools/javac/util/List$1 isEmpty ()Z 2 52 com/sun/tools/javac/util/List$1 isEmpty ()Z 2 52 com/sun/tools/javac/util/List isEmpty ()Z 2 87 com/sun/tools/javac/code/Type$ClassType isErroneous ()Z 3 1 com/sun/tools/javac/code/Type$ClassType getEnclosingType ()Lcom/sun/tools/javac/code/Type; 3 4 com/sun/tools/javac/code/Type isErroneous ()Z 3 11 com/sun/tools/javac/code/Type$ClassType getTypeArguments ()Lcom/sun/tools/javac/util/List; 4 8 com/sun/tools/javac/code/Type$ClassType complete ()V 4 19 com/sun/tools/javac/util/List nil ()Lcom/sun/tools/javac/util/List; 3 14 com/sun/tools/javac/code/Type isErroneous (Lcom/sun/tools/javac/util/List;)Z 4 3 com/sun/tools/javac/util/List nonEmpty ()Z 3 28 com/sun/tools/javac/code/Type unannotatedType ()Lcom/sun/tools/javac/code/Type; 3 41 com/sun/tools/javac/code/Type$ClassType isErroneous ()Z 4 1 com/sun/tools/javac/code/Type$ClassType getEnclosingType ()Lcom/sun/tools/javac/code/Type; 4 4 com/sun/tools/javac/code/Type isErroneous ()Z 4 11 com/sun/tools/javac/code/Type$ClassType getTypeArguments ()Lcom/sun/tools/javac/util/List; 5 8 com/sun/tools/javac/code/Type$ClassType complete ()V 5 19 com/sun/tools/javac/util/List nil ()Lcom/sun/tools/javac/util/List; 4 14 com/sun/tools/javac/code/Type isErroneous (Lcom/sun/tools/javac/util/List;)Z 5 3 com/sun/tools/javac/util/List nonEmpty ()Z 4 28 com/sun/tools/javac/code/Type unannotatedType ()Lcom/sun/tools/javac/code/Type; 1 54 com/sun/tools/javac/code/Type$UndetVar getBounds ([Lcom/sun/tools/javac/code/Type$UndetVar$InferenceBound;)Lcom/sun/tools/javac/util/List; 2 4 com/sun/tools/javac/util/ListBuffer <init> ()V 3 1 java/util/AbstractQueue <init> ()V 4 1 java/util/AbstractCollection <init> ()V 5 1 java/lang/Object <init> ()V 3 5 com/sun/tools/javac/util/ListBuffer clear ()V 4 1 com/sun/tools/javac/util/List nil ()Lcom/sun/tools/javac/util/List; 2 37 java/util/EnumMap get (Ljava/lang/Object;)Ljava/lang/Object; 3 2 java/util/EnumMap isValidKey (Ljava/lang/Object;)Z 3 17 java/lang/Enum ordinal ()I 3 21 java/util/EnumMap unmaskNull (Ljava/lang/Object;)Ljava/lang/Object; 2 45 com/sun/tools/javac/util/ListBuffer appendList (Lcom/sun/tools/javac/util/List;)Lcom/sun/tools/javac/util/ListBuffer; 3 1 com/sun/tools/javac/util/List nonEmpty ()Z 3 12 com/sun/tools/javac/util/ListBuffer append (Ljava/lang/Object;)Lcom/sun/tools/javac/util/ListBuffer; 4 17 com/sun/tools/javac/util/List of (Ljava/lang/Object;)Lcom/sun/tools/javac/util/List; 5 5 com/sun/tools/javac/util/List nil ()Lcom/sun/tools/javac/util/List; 5 8 com/sun/tools/javac/util/List <init> (Ljava/lang/Object;Lcom/sun/tools/javac/util/List;)V 6 1 java/util/AbstractCollection <init> ()V 7 1 java/lang/Object <init> ()V 2 56 com/sun/tools/javac/util/ListBuffer toList ()Lcom/sun/tools/javac/util/List; 1 57 com/sun/tools/javac/util/List iterator ()Ljava/util/Iterator; 2 7 com/sun/tools/javac/util/List emptyIterator ()Ljava/util/Iterator; 2 16 com/sun/tools/javac/util/List$3 <init> (Lcom/sun/tools/javac/util/List;)V 3 6 java/lang/Object <init> ()V 1 64 com/sun/tools/javac/util/List$3 hasNext ()Z 1 74 com/sun/tools/javac/util/List$3 next ()Ljava/lang/Object; 1 90 com/sun/tools/javac/comp/Infer$InferenceContext asUndetVar (Lcom/sun/tools/javac/code/Type;)Lcom/sun/tools/javac/code/Type; 2 16 com/sun/tools/javac/code/Types subst (Lcom/sun/tools/javac/code/Type;Lcom/sun/tools/javac/util/List;Lcom/sun/tools/javac/util/List;)Lcom/sun/tools/javac/code/Type; 1 135 com/sun/tools/javac/util/List$2 hasNext ()Z 1 206 com/sun/tools/javac/util/List$2 hasNext ()Z
